campaign_id,branch_type,region,season,occasion,cake_type,promotion_type,discount_percent,social_media_spend,influencer_support,customization_available,personalized_bundle,day_of_week,campaign_duration_days,estimated_foot_traffic,website_visits,branch_capacity,base_price,actual_orders,actual_revenue,gross_margin_percent,campaign_cost,actual_profit,actual_roi,success_label
CMP-00001,Hospital,Bangkok,Christmas,Birthday,Cheesecake,Bundle,20,31480,0,1,1,Weekend,4,6539,4523,331,1001,186,180228.05,51.38,61037.8,31554.96,0.517,0
CMP-00002,Mall,Central,Normal,Family Celebration,Vanilla,Social Challenge,30,74125,1,1,0,Weekend,11,10658,20773,706,798,1106,673414.64,43.71,137151.08,157166.18,1.146,0
CMP-00003,Mall,Bangkok,New Year,Self Reward,Cheesecake,Free Add-on,15,26604,0,1,1,Weekend,11,13134,5448,578,915,708,666282.87,51.27,59163.03,282436.31,4.774,1
CMP-00004,CBD / Office,Bangkok,Mother's Day,Birthday,Red Velvet,Free Add-on,10,24199,0,1,1,Weekend,12,10009,4556,388,973,505,535096.48,53.2,64816.55,219828.87,3.392,1
CMP-00005,University Area,North,Normal,Self Reward,Fruit Cake,Bundle,15,14493,0,1,0,Weekend,12,6749,3191,357,936,259,224605.84,52.05,48068.25,68835.35,1.432,0
CMP-00006,Neighborhood,Bangkok,Normal,Office Celebration,Chocolate,Bundle,25,37410,0,1,0,Weekday,10,6543,5738,282,750,343,210301.88,38.86,65943.88,15770.58,0.239,0
CMP-00007,Hospital,South,Normal,Friend Group,Red Velvet,Limited Edition,10,12396,0,0,0,Weekend,4,2787,3516,374,916,101,86594.98,55.69,28582.02,19644.52,0.687,0
CMP-00008,Mall,Bangkok,Back to School,Couple Gift,Fruit Cake,Discount,25,26931,0,1,0,Weekend,11,15566,5154,540,1040,703,597690.6,47.64,51916.88,232835.85,4.485,1
CMP-00009,Hospital,South,Graduation,Family Celebration,Vanilla,Creator Collaboration,5,56654,0,1,0,Weekday,3,3607,10621,251,737,103,78605.84,59.96,68712.62,-21578.66,-0.314,0
CMP-00010,Neighborhood,Central,Normal,Self Reward,Chocolate,Social Challenge,15,31533,0,0,0,Weekend,8,4356,7514,477,782,276,183457.2,45.8,50691.52,33339.45,0.658,0
CMP-00011,Transit,Northeast,Normal,Seasonal Gift,Chocolate,Free Add-on,20,20189,0,1,0,Weekday,10,4900,2713,248,853,176,130911.62,54.76,59189.12,12494.45,0.211,0
CMP-00012,Mall,Bangkok,Normal,Couple Gift,Vanilla,Personalized Box,0,38839,0,1,1,Weekday,9,11302,6846,453,778,475,447155.5,58.84,80721.94,182366.92,2.259,1
CMP-00013,Neighborhood,Bangkok,Mother's Day,Couple Gift,Vanilla,Discount,10,65713,1,1,0,Weekday,4,5701,11831,361,790,198,153448.02,61.55,110307.07,-15863.33,-0.144,0
CMP-00014,Transit,Bangkok,Mother's Day,Family Celebration,Fruit Cake,Creator Collaboration,5,52200,0,1,0,Weekday,4,10932,12739,410,834,223,192584.36,52.43,64895.33,36076.4,0.556,0
CMP-00015,Neighborhood,Northeast,New Year,Family Celebration,Red Velvet,Bundle,5,46898,1,1,0,Weekend,10,5965,7050,498,969,582,583978.51,54.76,103045.28,216762.66,2.104,1
CMP-00016,Neighborhood,South,New Year,Office Celebration,Red Velvet,Discount,20,25726,0,1,0,Weekend,7,4292,4138,274,867,242,182957.81,46.63,40183.89,45122.73,1.123,0
CMP-00017,University Area,Bangkok,Christmas,Birthday,Chocolate,Personalized Box,20,38305,1,0,1,Weekend,14,9326,6382,508,878,611,480666.37,40.43,118672.85,75666.47,0.638,0
CMP-00018,University Area,Northeast,Mother's Day,Self Reward,Matcha,Free Add-on,5,18271,0,0,0,Weekday,3,5005,3813,495,907,145,124939.25,48.57,24917.52,35762.42,1.435,1
CMP-00019,Mall,South,Graduation,Family Celebration,Matcha,Bundle,5,21901,0,1,1,Weekday,10,11308,5126,613,884,530,538563.74,57.57,65250.21,244805.55,3.752,1
CMP-00020,CBD / Office,Bangkok,Songkran,Office Celebration,Strawberry,Creator Collaboration,15,59891,1,0,0,Weekday,3,11424,14263,584,1071,245,223035.75,50.75,109943.59,3255.66,0.03,0
CMP-00021,Hospital,Bangkok,Christmas,Friend Group,Red Velvet,Discount,25,5000,1,1,0,Weekday,4,4637,2209,174,929,89,67591.72,41.69,62498.82,-34320.69,-0.549,0
CMP-00022,Transit,North,Valentine,Seasonal Gift,Cheesecake,Limited Edition,15,45957,1,1,0,Weekday,3,8728,8465,313,949,123,112473.47,53.11,80411.31,-20674.37,-0.257,0
CMP-00023,Mall,Bangkok,Graduation,Seasonal Gift,Cheesecake,Social Challenge,10,53309,0,0,0,Weekday,8,12258,15212,566,960,602,520128.0,60.66,84034.27,231464.09,2.754,1
CMP-00024,Neighborhood,Central,Normal,Birthday,Strawberry,Creator Collaboration,5,60222,1,1,1,Weekend,14,3421,16545,433,788,801,725550.61,62.86,165852.69,290249.01,1.75,1
CMP-00025,Hospital,Northeast,Normal,Family Celebration,Matcha,Social Challenge,20,21502,0,0,0,Weekday,8,1636,5140,300,896,179,128307.2,40.01,46566.86,4772.28,0.102,0
CMP-00026,University Area,Northeast,Normal,Birthday,Strawberry,Creator Collaboration,20,65218,0,0,0,Weekday,3,5361,11440,275,846,107,72417.6,50.12,72329.14,-36033.36,-0.498,0
CMP-00027,CBD / Office,Northeast,Normal,Office Celebration,Cheesecake,Free Add-on,25,35892,1,1,0,Weekday,7,8143,6104,589,951,332,258110.91,46.69,76754.86,43764.64,0.57,0
CMP-00028,Mall,Bangkok,Mother's Day,Seasonal Gift,Strawberry,Free Add-on,20,5000,0,1,0,Weekend,8,12890,1257,559,797,446,309962.86,53.96,34605.91,132653.57,3.833,0
CMP-00029,Neighborhood,Central,Back to School,Office Celebration,Cheesecake,Bundle,20,45973,1,0,1,Weekend,12,4984,7526,329,777,518,360627.46,45.06,101970.91,60540.9,0.594,0
CMP-00030,CBD / Office,Bangkok,Mother's Day,Family Celebration,Vanilla,Creator Collaboration,10,69217,1,1,0,Weekday,6,8587,19983,360,838,285,234292.23,43.44,108485.92,-6717.15,-0.062,0
CMP-00031,Mall,Central,New Year,Couple Gift,Vanilla,Personalized Box,25,16370,1,1,1,Weekday,3,13274,3211,475,885,201,161430.64,52.17,63286.48,20937.28,0.331,0
CMP-00032,Neighborhood,South,Valentine,Self Reward,Matcha,Bundle,15,26701,1,0,1,Weekend,6,4996,7497,481,975,391,362926.2,52.3,76803.98,113000.83,1.471,1
CMP-00033,Neighborhood,South,Normal,Seasonal Gift,Chocolate,Free Add-on,5,32179,0,0,0,Weekday,14,3262,5624,291,889,250,211137.5,58.02,75977.97,46516.63,0.612,0
CMP-00034,Transit,North,Songkran,Couple Gift,Matcha,Social Challenge,15,65271,1,0,0,Weekday,14,6469,19740,202,980,373,310709.0,44.52,143166.31,-4836.67,-0.034,0
CMP-00035,Transit,North,New Year,Seasonal Gift,Red Velvet,Free Add-on,25,52059,0,1,1,Weekend,4,7038,7187,185,1202,96,104718.24,53.68,71715.77,-15502.2,-0.216,0
CMP-00036,CBD / Office,Bangkok,Normal,Friend Group,Vanilla,Limited Edition,30,17488,0,1,0,Weekday,11,8875,3333,641,689,265,144884.85,49.96,43952.32,28431.1,0.647,0
CMP-00037,Hospital,Northeast,Christmas,Birthday,Fruit Cake,Personalized Box,0,35658,1,1,1,Weekend,14,3058,5992,323,872,443,467418.16,54.72,128239.41,127529.79,0.994,0
CMP-00038,Mall,South,Normal,Couple Gift,Fruit Cake,Social Challenge,25,75287,1,0,0,Weekday,4,12677,15727,486,859,275,177168.75,46.79,117837.76,-34946.67,-0.297,0
CMP-00039,Neighborhood,Bangkok,Normal,Couple Gift,Fruit Cake,Discount,5,31852,0,1,0,Weekend,8,7288,4499,346,943,153,149400.9,42.26,49187.24,13953.05,0.284,0
CMP-00040,CBD / Office,Bangkok,Valentine,Birthday,Matcha,Personalized Box,20,34746,1,0,1,Weekend,10,10287,5177,564,872,589,460192.77,50.4,112566.4,119389.39,1.061,0
CMP-00041,Neighborhood,Central,Back to School,Family Celebration,Strawberry,Free Add-on,25,63325,1,0,0,Weekend,5,4676,12927,317,882,221,146191.5,47.84,118033.77,-48099.79,-0.408,0
CMP-00042,CBD / Office,Bangkok,Graduation,Couple Gift,Chocolate,Social Challenge,20,25663,0,1,0,Weekend,4,9261,5708,423,863,246,185123.86,51.73,39596.35,56167.18,1.418,1
CMP-00043,Neighborhood,Bangkok,Mother's Day,Birthday,Strawberry,Social Challenge,20,49592,1,0,0,Weekday,14,7016,12385,341,836,696,465484.8,44.13,146742.74,58692.33,0.4,0
CMP-00044,Hospital,Northeast,Graduation,Office Celebration,Red Velvet,Personalized Box,10,23035,0,1,1,Weekend,5,2946,5648,223,974,134,142131.92,54.21,41885.73,35169.69,0.84,0
CMP-00045,CBD / Office,Central,Back to School,Friend Group,Fruit Cake,Personalized Box,20,14462,0,0,0,Weekday,3,8820,3416,395,874,142,99286.4,53.52,22153.95,30982.46,1.399,1
CMP-00046,CBD / Office,Bangkok,Mother's Day,Self Reward,Strawberry,Limited Edition,20,25263,0,1,0,Weekend,12,10752,4163,616,820,576,428337.56,52.23,47866.34,175839.07,3.674,0
CMP-00047,Hospital,Bangkok,Normal,Birthday,Fruit Cake,Bundle,20,57902,1,0,0,Weekday,12,5078,8463,204,921,293,215882.4,51.11,125591.16,-15263.45,-0.122,0
CMP-00048,University Area,Bangkok,Mother's Day,Couple Gift,Red Velvet,Creator Collaboration,30,28226,0,1,1,Weekend,7,6979,7692,495,954,458,370081.4,42.93,67825.01,91045.69,1.342,1
CMP-00049,Neighborhood,Bangkok,Normal,Birthday,Red Velvet,Bundle,20,71546,1,1,1,Weekday,6,5952,15476,456,1115,337,363730.84,60.42,115196.02,104578.09,0.908,0
CMP-00050,CBD / Office,Bangkok,Normal,Office Celebration,Fruit Cake,Bundle,0,5000,0,1,0,Weekday,6,7172,1028,425,1012,114,125751.12,57.0,16436.12,55242.07,3.361,0
CMP-00051,CBD / Office,South,Songkran,Seasonal Gift,Matcha,Creator Collaboration,15,77650,1,0,0,Weekend,5,9201,22157,487,997,318,269489.1,47.36,139012.59,-11380.92,-0.082,0
CMP-00052,CBD / Office,Bangkok,Songkran,Friend Group,Red Velvet,Limited Edition,10,16845,0,1,1,Weekday,10,11654,2743,413,1026,411,477584.7,58.03,59503.64,217620.23,3.657,1
CMP-00053,Neighborhood,Bangkok,Normal,Seasonal Gift,Cheesecake,Creator Collaboration,20,74056,0,0,0,Weekday,9,6105,12398,398,912,480,350208.0,38.42,108737.87,25807.17,0.237,0
CMP-00054,Neighborhood,Northeast,Valentine,Birthday,Chocolate,Limited Edition,15,13198,0,0,0,Weekday,12,5621,3194,275,805,366,260452.92,51.44,54045.93,79936.78,1.479,1
CMP-00055,Neighborhood,Bangkok,Graduation,Seasonal Gift,Red Velvet,Creator Collaboration,5,84079,1,1,0,Weekday,5,6745,26127,302,1009,202,211053.54,57.43,135531.48,-14333.01,-0.106,0
CMP-00056,CBD / Office,South,Normal,Friend Group,Fruit Cake,Social Challenge,0,56660,0,1,0,Weekday,13,7968,11929,653,946,948,977520.72,52.13,105956.6,403610.82,3.809,1
CMP-00057,Hospital,South,Normal,Seasonal Gift,Matcha,Limited Edition,25,43980,0,0,0,Weekday,9,4164,6846,221,832,235,152505.6,52.9,81255.9,-583.07,-0.007,0
CMP-00058,Neighborhood,South,Back to School,Birthday,Vanilla,Free Add-on,0,69836,1,0,0,Weekday,3,4343,18573,424,700,166,116200.0,65.03,108243.31,-32676.44,-0.302,0
CMP-00059,Mall,Bangkok,Mother's Day,Couple Gift,Cheesecake,Bundle,20,20182,1,0,1,Weekday,8,13461,4608,715,893,647,517682.82,51.02,85312.1,178823.46,2.096,1
CMP-00060,Neighborhood,South,Graduation,Self Reward,Chocolate,Social Challenge,20,44137,1,0,0,Weekend,12,6139,13313,324,822,511,336033.6,42.21,106144.36,35699.56,0.336,0
CMP-00061,Neighborhood,North,Christmas,Self Reward,Vanilla,Free Add-on,5,49183,1,1,0,Weekend,4,3731,8685,443,716,238,176457.48,55.35,80750.07,16915.47,0.209,0
CMP-00062,Transit,Northeast,Graduation,Family Celebration,Matcha,Bundle,5,32770,0,0,1,Weekday,5,6776,4774,255,894,169,160755.5,51.43,65891.12,16790.35,0.255,0
CMP-00063,University Area,South,New Year,Friend Group,Red Velvet,Social Challenge,15,63550,1,0,0,Weekday,3,5332,24553,294,961,114,93120.9,53.53,108866.88,-59019.59,-0.542,0
CMP-00064,Neighborhood,Bangkok,Normal,Couple Gift,Vanilla,Social Challenge,10,44238,0,0,1,Weekend,3,5626,9907,303,715,114,82162.08,47.66,65217.76,-26055.72,-0.4,0
CMP-00065,Hospital,Bangkok,Christmas,Self Reward,Vanilla,Personalized Box,30,9204,1,1,1,Weekday,3,2966,2185,190,662,78,43735.69,41.76,70177.5,-51915.6,-0.74,0
CMP-00066,University Area,Bangkok,New Year,Birthday,Matcha,Creator Collaboration,5,55749,1,0,0,Weekday,4,8634,13149,516,917,296,257860.4,66.0,83381.56,86806.3,1.041,0
CMP-00067,Hospital,Bangkok,Christmas,Office Celebration,Matcha,Bundle,0,5000,0,1,0,Weekday,13,6483,1565,186,777,189,160069.77,59.46,35836.16,59347.28,1.656,1
CMP-00068,Neighborhood,Central,Valentine,Self Reward,Matcha,Creator Collaboration,20,80191,0,0,1,Weekday,13,5471,20814,367,963,620,534965.76,46.27,137997.97,109514.88,0.794,0
CMP-00069,University Area,South,Normal,Couple Gift,Matcha,Bundle,20,34243,0,1,1,Weekday,7,5748,4686,418,941,277,252315.98,49.19,74233.99,49888.69,0.672,0
CMP-00070,Mall,Central,New Year,Self Reward,Vanilla,Social Challenge,30,58398,0,0,0,Weekday,5,12067,15043,754,804,556,312916.8,43.99,71383.96,66270.46,0.928,0
CMP-00071,Mall,Bangkok,Normal,Friend Group,Chocolate,Discount,5,5000,0,0,0,Weekday,14,13291,981,433,806,260,199082.0,49.56,58493.56,40173.68,0.687,0
CMP-00072,Transit,Northeast,Normal,Seasonal Gift,Matcha,Bundle,20,7508,0,1,1,Weekday,6,9635,1590,313,835,140,113159.2,46.84,31919.72,21087.22,0.661,0
CMP-00073,Transit,Bangkok,Christmas,Family Celebration,Red Velvet,Discount,15,25527,0,0,0,Weekday,12,10019,5153,324,1064,427,386178.8,54.74,49868.4,161530.76,3.239,1
CMP-00074,Neighborhood,Northeast,New Year,Office Celebration,Chocolate,Bundle,30,49629,1,0,1,Weekday,9,2078,10411,326,683,370,198124.64,37.02,118916.81,-45575.53,-0.383,0
CMP-00075,University Area,Central,Mother's Day,Self Reward,Fruit Cake,Limited Edition,15,24918,0,1,0,Weekday,14,8111,5061,549,926,707,630825.39,52.94,61228.75,272718.43,4.454,1
CMP-00076,Mall,Northeast,Graduation,Birthday,Vanilla,Discount,0,21301,0,1,0,Weekday,12,9220,2892,741,805,406,356244.7,52.32,43218.28,143166.28,3.313,0
CMP-00077,University Area,Central,Normal,Seasonal Gift,Vanilla,Social Challenge,15,64753,0,0,0,Weekend,10,8082,10453,331,778,468,309488.4,44.96,85220.14,53938.17,0.633,0
CMP-00078,Neighborhood,Bangkok,Normal,Seasonal Gift,Vanilla,Personalized Box,5,24517,0,0,1,Weekday,8,4626,4967,389,705,169,126770.28,56.94,60892.48,11295.83,0.186,0
CMP-00079,Neighborhood,Bangkok,New Year,Office Celebration,Chocolate,Personalized Box,15,17542,0,1,0,Weekend,11,3901,2772,246,932,260,224509.48,51.8,61806.1,54490.2,0.882,0
CMP-00080,Transit,South,Normal,Family Celebration,Chocolate,Personalized Box,0,38529,0,0,1,Weekday,11,5812,5859,382,831,300,279216.0,53.52,68445.57,80984.68,1.183,0
CMP-00081,Mall,Bangkok,Valentine,Family Celebration,Red Velvet,Bundle,15,15032,0,0,1,Weekday,6,13791,2457,568,959,350,319538.8,52.04,52528.66,113768.01,2.166,1
CMP-00082,Mall,Central,New Year,Seasonal Gift,Vanilla,Social Challenge,25,40492,0,1,0,Weekend,12,13189,9929,765,671,1082,593522.98,56.45,69747.31,265280.52,3.803,1
CMP-00083,Mall,Bangkok,Back to School,Self Reward,Red Velvet,Creator Collaboration,15,34104,0,0,0,Weekday,14,15270,6512,568,1031,641,561740.35,47.67,71239.32,196533.87,2.759,0
CMP-00084,Transit,Central,Valentine,Birthday,Matcha,Discount,25,33329,0,1,0,Weekday,9,7821,5043,237,803,272,178555.08,41.94,61047.2,13836.09,0.227,0
CMP-00085,Neighborhood,Bangkok,Back to School,Office Celebration,Vanilla,Bundle,10,9358,0,1,1,Weekday,3,3333,1428,495,771,70,58773.33,59.7,30762.38,4325.79,0.141,0
CMP-00086,Hospital,Northeast,Christmas,Couple Gift,Red Velvet,Discount,10,19525,0,1,0,Weekend,12,4787,3009,220,924,277,251084.99,54.65,48763.15,88457.91,1.814,1
CMP-00087,CBD / Office,Northeast,Normal,Seasonal Gift,Fruit Cake,Creator Collaboration,15,77585,1,1,0,Weekday,8,8468,23464,408,942,396,345614.15,48.36,129944.43,37178.59,0.286,0
CMP-00088,CBD / Office,South,Normal,Friend Group,Red Velvet,Limited Edition,15,27588,0,1,0,Weekday,11,7061,4326,442,1027,293,289945.8,48.6,59409.3,81511.97,1.372,0
CMP-00089,Neighborhood,South,Normal,Seasonal Gift,Chocolate,Personalized Box,10,32123,0,1,1,Weekend,14,5513,6215,394,836,400,364161.6,46.72,71110.02,99021.98,1.393,1
CMP-00090,CBD / Office,Central,Normal,Self Reward,Chocolate,Free Add-on,10,46476,1,1,0,Weekday,7,8950,12208,484,788,403,311530.28,55.67,111110.72,62316.48,0.561,0
CMP-00091,Mall,Central,Normal,Office Celebration,Matcha,Discount,25,33268,0,0,0,Weekend,9,11926,5622,632,804,364,219492.0,40.46,68649.42,20154.67,0.294,0
CMP-00092,Mall,Bangkok,Back to School,Couple Gift,Cheesecake,Personalized Box,10,40895,1,0,1,Weekday,10,13460,8065,743,963,695,674639.28,54.01,113506.91,250866.27,2.21,1
CMP-00093,Mall,Bangkok,Normal,Couple Gift,Vanilla,Discount,25,69446,1,1,0,Weekday,12,11908,12554,688,760,898,557927.4,53.42,151295.26,146762.01,0.97,0
CMP-00094,Neighborhood,Bangkok,Normal,Office Celebration,Chocolate,Free Add-on,20,5000,1,0,0,Weekday,11,4978,1445,324,955,120,91680.0,48.06,64933.79,-20872.21,-0.321,0
CMP-00095,University Area,North,Mother's Day,Self Reward,Vanilla,Social Challenge,15,84366,1,1,0,Weekday,8,3554,26965,307,651,288,173707.63,53.12,154776.26,-62496.87,-0.404,0
CMP-00096,Transit,Bangkok,Songkran,Friend Group,Matcha,Social Challenge,15,41404,0,1,1,Weekday,7,9776,10639,313,890,279,255386.83,54.81,80546.24,59426.06,0.738,0
CMP-00097,Neighborhood,Central,Normal,Friend Group,Vanilla,Creator Collaboration,25,49028,1,1,0,Weekday,9,5959,16653,282,815,323,215202.79,41.55,119842.76,-30421.46,-0.254,0
CMP-00098,Neighborhood,North,Back to School,Family Celebration,Vanilla,Discount,15,28498,0,1,0,Weekday,5,6058,5808,451,699,257,166439.24,44.54,45646.62,28479.2,0.624,0
CMP-00099,Neighborhood,Bangkok,New Year,Seasonal Gift,Matcha,Limited Edition,10,42140,0,0,0,Weekday,10,6267,7470,314,1007,401,377963.35,44.65,78680.14,90080.89,1.145,0
CMP-00100,Mall,Central,Back to School,Couple Gift,Strawberry,Bundle,25,36303,0,0,1,Weekend,3,11134,5564,688,927,276,214915.68,43.93,51919.8,42483.78,0.818,0
CMP-00101,Mall,Bangkok,Christmas,Friend Group,Vanilla,Discount,10,46808,1,0,0,Weekday,5,13996,9794,697,774,410,285606.0,54.93,97825.68,59056.76,0.604,0
CMP-00102,Mall,Central,Graduation,Birthday,Red Velvet,Free Add-on,15,22046,0,0,1,Weekday,7,14603,4411,641,1018,486,471000.1,52.27,59508.94,186683.34,3.137,1
CMP-00103,Neighborhood,Central,Valentine,Family Celebration,Chocolate,Social Challenge,30,87447,1,0,0,Weekend,4,5024,25859,343,867,179,108635.1,44.18,121127.29,-73126.93,-0.604,0
CMP-00104,Hospital,South,Mother's Day,Seasonal Gift,Chocolate,Social Challenge,0,50646,1,0,0,Weekend,6,3982,12620,274,854,238,203252.0,47.44,102896.63,-6465.74,-0.063,0
CMP-00105,Neighborhood,Bangkok,Christmas,Family Celebration,Matcha,Creator Collaboration,30,99567,1,0,0,Weekend,13,6746,24037,439,874,745,455791.0,46.22,171874.53,38772.57,0.226,0
CMP-00106,Transit,North,Songkran,Friend Group,Fruit Cake,Bundle,20,10836,0,0,0,Weekend,6,4901,1593,280,992,104,82534.4,45.55,25178.13,12418.75,0.493,0
CMP-00107,Hospital,South,Normal,Self Reward,Cheesecake,Limited Edition,15,13047,0,0,0,Weekday,8,6196,3378,332,901,204,162482.74,49.05,32345.39,47355.48,1.464,1
CMP-00108,University Area,Bangkok,Christmas,Couple Gift,Fruit Cake,Free Add-on,20,33925,1,0,0,Weekday,13,6999,9715,384,884,616,435635.2,49.31,85919.12,128894.44,1.5,1
CMP-00109,Mall,Central,Back to School,Friend Group,Chocolate,Limited Edition,20,19657,0,0,1,Weekday,9,11210,3870,511,920,385,330057.73,47.31,62874.58,93276.68,1.484,0
CMP-00110,Mall,Northeast,Normal,Couple Gift,Matcha,Creator Collaboration,5,57158,1,0,1,Weekend,7,8778,17335,760,914,732,711867.07,55.31,102300.44,291400.04,2.848,1
CMP-00111,University Area,Bangkok,Mother's Day,Birthday,Matcha,Social Challenge,20,44590,0,1,0,Weekday,14,8409,8648,424,970,824,696972.16,42.39,101204.58,194271.53,1.92,1
CMP-00112,Hospital,Bangkok,New Year,Couple Gift,Fruit Cake,Social Challenge,15,37813,1,0,0,Weekday,13,5915,9353,293,993,451,380666.55,47.64,81094.38,100238.44,1.236,1
CMP-00113,CBD / Office,Central,Valentine,Birthday,Fruit Cake,Social Challenge,0,70042,0,0,0,Weekend,6,6812,13766,508,960,419,402240.0,53.9,81499.54,135309.91,1.66,1
CMP-00114,Neighborhood,Bangkok,Normal,Self Reward,Vanilla,Limited Edition,0,11427,0,1,0,Weekday,10,5994,2879,327,799,175,158505.62,56.04,32399.57,56428.81,1.742,0
CMP-00115,Neighborhood,South,Normal,Self Reward,Cheesecake,Creator Collaboration,10,40500,1,1,0,Weekday,8,4192,11645,332,832,389,317498.69,55.05,78885.17,95882.4,1.215,1
CMP-00116,Neighborhood,Central,Back to School,Self Reward,Chocolate,Limited Edition,15,41537,0,0,0,Weekday,14,5085,8435,359,746,584,385126.98,47.2,71944.5,109817.14,1.526,1
CMP-00117,University Area,Bangkok,Mother's Day,Self Reward,Fruit Cake,Free Add-on,20,57808,1,0,0,Weekday,3,6625,14854,483,790,173,109336.0,44.95,88591.38,-39443.54,-0.445,0
CMP-00118,Hospital,Bangkok,Normal,Self Reward,Strawberry,Discount,30,30745,0,1,0,Weekend,6,4011,4639,335,843,239,153726.95,43.72,49363.36,17845.91,0.362,0
CMP-00119,CBD / Office,Central,Normal,Couple Gift,Red Velvet,Bundle,25,29717,0,0,0,Weekday,10,6274,5659,587,908,341,232221.0,50.35,66697.76,50236.39,0.753,0
CMP-00120,CBD / Office,Central,Songkran,Birthday,Red Velvet,Social Challenge,30,56201,1,0,0,Weekday,10,8658,10879,438,959,617,414192.1,43.91,116180.82,65672.48,0.565,0
CMP-00121,Mall,Bangkok,Normal,Friend Group,Strawberry,Limited Edition,15,12219,0,1,0,Weekday,11,13965,3116,725,842,416,337508.09,61.09,42043.59,164144.49,3.904,0
CMP-00122,Hospital,Bangkok,New Year,Couple Gift,Fruit Cake,Bundle,25,27368,0,0,1,Weekend,8,4492,4502,293,964,339,274508.64,54.97,57453.69,93452.78,1.627,1
CMP-00123,Transit,Bangkok,Normal,Family Celebration,Fruit Cake,Discount,25,18348,0,1,0,Weekend,12,12035,3972,244,880,365,262581.0,45.61,66330.48,53434.48,0.806,0
CMP-00124,University Area,Central,Normal,Couple Gift,Chocolate,Limited Edition,5,29714,0,1,0,Weekday,7,5541,6604,476,813,335,293304.55,51.69,44993.48,106624.94,2.37,1
CMP-00125,CBD / Office,Bangkok,Normal,Seasonal Gift,Strawberry,Social Challenge,5,47671,1,0,1,Weekday,6,10003,13420,580,1063,492,556467.74,55.42,102506.14,205873.18,2.008,1
CMP-00126,Mall,Northeast,Mother's Day,Birthday,Matcha,Discount,5,31287,1,0,0,Weekend,11,10418,4856,710,816,570,441864.0,53.94,88892.62,149463.67,1.681,0
CMP-00127,Mall,Central,Back to School,Office Celebration,Cheesecake,Bundle,20,17239,1,0,1,Weekend,11,11901,3978,671,1053,505,476461.44,52.91,72158.04,179927.62,2.494,0
CMP-00128,Transit,North,Valentine,Couple Gift,Red Velvet,Personalized Box,25,14022,0,0,0,Weekday,4,7059,2825,402,1054,191,150985.5,48.67,24628.1,48854.21,1.984,1
CMP-00129,CBD / Office,Bangkok,Normal,Family Celebration,Matcha,Discount,5,19784,0,0,1,Weekend,12,14093,2884,567,918,335,327211.92,57.15,72789.02,114201.42,1.569,0
CMP-00130,CBD / Office,Bangkok,Songkran,Friend Group,Strawberry,Bundle,15,12607,0,0,1,Weekend,12,8672,1714,516,821,231,180547.75,47.9,53277.95,33196.19,0.623,0
CMP-00131,University Area,Bangkok,Back to School,Friend Group,Cheesecake,Bundle,20,29127,0,0,1,Weekend,10,8883,4591,472,935,438,366938.88,52.57,76208.29,116686.59,1.531,1
CMP-00132,Neighborhood,Central,Back to School,Friend Group,Matcha,Creator Collaboration,0,34817,0,1,0,Weekday,8,3415,7143,263,846,287,264654.18,59.66,63376.24,94506.05,1.491,1
CMP-00133,Mall,Bangkok,Normal,Seasonal Gift,Red Velvet,Social Challenge,15,47472,0,0,0,Weekend,11,13088,8467,739,956,561,455868.6,50.23,88966.81,140032.03,1.574,0
CMP-00134,Mall,Central,Mother's Day,Self Reward,Matcha,Discount,10,73740,1,1,1,Weekend,10,11210,17226,428,828,581,523883.05,59.64,147129.14,165319.68,1.124,0
CMP-00135,Mall,Bangkok,Christmas,Family Celebration,Chocolate,Creator Collaboration,15,70678,1,1,0,Weekday,13,17585,14113,609,788,1036,756364.95,49.67,137332.54,238370.86,1.736,1
CMP-00136,Mall,North,Back to School,Self Reward,Chocolate,Social Challenge,15,60130,1,0,0,Weekend,4,10240,13935,599,823,284,198672.2,48.48,97084.31,-760.41,-0.008,0
CMP-00137,Mall,Northeast,Christmas,Family Celebration,Strawberry,Bundle,5,5000,0,1,0,Weekday,10,9671,1087,669,901,260,242576.23,55.2,23970.37,109927.45,4.586,0
CMP-00138,University Area,Bangkok,Mother's Day,Office Celebration,Matcha,Bundle,20,27613,0,1,1,Weekend,6,7898,4694,560,874,412,348565.18,53.52,51854.72,134688.85,2.597,1
CMP-00139,University Area,Bangkok,Graduation,Self Reward,Red Velvet,Free Add-on,15,5000,0,0,0,Weekday,7,6289,1604,485,1096,132,122971.2,51.97,31980.17,31928.51,0.998,0
CMP-00140,Mall,Northeast,New Year,Self Reward,Matcha,Limited Edition,10,30093,0,1,0,Weekend,7,10607,7025,768,767,596,466384.35,60.02,45585.47,234317.97,5.14,1
CMP-00141,Hospital,Central,Christmas,Self Reward,Chocolate,Personalized Box,15,62971,1,1,0,Weekday,7,2330,15882,375,760,332,233774.48,53.01,122056.38,1875.56,0.015,0
CMP-00142,CBD / Office,Central,Graduation,Seasonal Gift,Fruit Cake,Bundle,25,5000,0,1,1,Weekend,4,9973,1760,453,885,255,204800.06,53.85,31207.93,79081.12,2.534,1
CMP-00143,CBD / Office,Northeast,Normal,Couple Gift,Strawberry,Creator Collaboration,10,63154,0,1,0,Weekday,8,7603,14346,383,1005,387,381545.24,52.88,93029.02,108749.12,1.169,0
CMP-00144,Mall,South,Christmas,Self Reward,Fruit Cake,Limited Edition,10,35113,1,0,1,Weekday,14,8748,7757,578,812,740,629914.52,52.4,102023.64,228021.73,2.235,1
CMP-00145,University Area,Central,Normal,Self Reward,Red Velvet,Bundle,15,33095,0,0,0,Weekend,13,6150,5173,568,860,316,230996.0,53.92,81949.0,42606.01,0.52,0
CMP-00146,Mall,North,Valentine,Couple Gift,Strawberry,Bundle,10,22776,1,1,1,Weekend,5,10485,5461,694,929,452,457279.81,49.08,69308.91,155128.84,2.238,1
CMP-00147,CBD / Office,Central,Normal,Birthday,Strawberry,Creator Collaboration,10,64337,0,1,1,Weekend,12,6872,10943,596,992,701,757281.89,55.42,115081.77,304570.61,2.647,1
CMP-00148,CBD / Office,Bangkok,Normal,Family Celebration,Chocolate,Discount,10,9865,0,0,1,Weekend,8,9804,3221,408,823,267,221498.93,48.73,52962.99,54979.31,1.038,0
CMP-00149,Transit,Central,Christmas,Couple Gift,Red Velvet,Social Challenge,30,60548,1,0,0,Weekend,12,9602,13663,397,997,589,411063.1,48.34,136270.19,62435.85,0.458,0
CMP-00150,Transit,Bangkok,Christmas,Self Reward,Strawberry,Personalized Box,15,33074,0,0,1,Weekday,5,9652,6343,242,816,171,132838.27,53.9,62325.06,9273.15,0.149,0
CMP-00151,University Area,South,Mother's Day,Office Celebration,Matcha,Free Add-on,20,34039,1,0,0,Weekday,12,5670,9234,558,817,720,470592.0,44.67,78642.7,131549.18,1.673,1
CMP-00152,Transit,North,New Year,Office Celebration,Strawberry,Discount,5,38961,0,1,1,Weekday,6,7897,5405,339,905,263,273598.24,59.7,74046.4,89279.97,1.206,1
CMP-00153,Hospital,Central,Graduation,Family Celebration,Chocolate,Free Add-on,10,38399,0,0,0,Weekday,11,2219,7237,332,775,369,257377.5,50.7,74253.6,56234.71,0.757,0
CMP-00154,Neighborhood,North,Mother's Day,Family Celebration,Vanilla,Discount,10,16968,0,0,0,Weekday,6,5759,2706,346,836,192,144460.8,47.29,36697.62,31612.91,0.861,0
CMP-00155,CBD / Office,Bangkok,Normal,Self Reward,Chocolate,Personalized Box,0,21260,0,1,1,Weekday,14,8699,5154,589,816,435,429501.6,57.16,89728.01,155792.39,1.736,0
CMP-00156,CBD / Office,Bangkok,Normal,Family Celebration,Vanilla,Free Add-on,20,19195,0,1,0,Weekend,4,12648,3761,620,745,251,163059.64,48.72,30527.82,48913.63,1.602,1
CMP-00157,University Area,Bangkok,Back to School,Birthday,Vanilla,Limited Edition,20,31705,1,0,0,Weekday,9,10665,8838,271,820,299,203989.76,44.35,84953.31,5518.19,0.065,0
CMP-00158,Mall,Bangkok,Christmas,Self Reward,Strawberry,Discount,30,33005,0,1,0,Weekend,8,13979,6261,492,805,522,320620.23,40.95,50157.17,81123.36,1.617,1
CMP-00159,Mall,Central,Normal,Office Celebration,Chocolate,Personalized Box,5,7098,0,1,1,Weekday,5,8688,1155,634,945,142,154251.4,53.99,25091.84,58181.96,2.319,0
CMP-00160,Mall,Bangkok,Normal,Birthday,Vanilla,Personalized Box,25,27542,0,1,1,Weekday,11,12723,5029,443,682,575,355876.12,52.85,74600.5,113466.68,1.521,1
CMP-00161,Mall,Bangkok,Christmas,Self Reward,Matcha,Bundle,20,35248,0,0,1,Weekend,14,12480,6499,484,742,759,504607.49,49.15,77592.12,170424.78,2.196,1
CMP-00162,CBD / Office,Bangkok,New Year,Family Celebration,Fruit Cake,Bundle,15,7289,0,0,1,Weekday,11,9326,1151,665,935,255,226980.6,52.21,49931.63,68565.14,1.373,0
CMP-00163,CBD / Office,Bangkok,Normal,Self Reward,Strawberry,Free Add-on,5,19121,0,1,0,Weekday,10,9275,2813,593,960,208,206768.64,54.34,44877.97,67488.91,1.504,0
CMP-00164,Neighborhood,North,Christmas,Family Celebration,Strawberry,Personalized Box,10,39480,0,1,0,Weekday,10,6745,5923,405,915,436,391360.14,47.6,80305.08,105963.96,1.32,1
CMP-00165,University Area,Bangkok,Back to School,Office Celebration,Vanilla,Discount,20,23498,0,0,0,Weekday,9,8063,4836,422,748,316,189094.4,45.45,45210.51,40736.96,0.901,0
CMP-00166,Transit,Bangkok,Valentine,Seasonal Gift,Vanilla,Free Add-on,15,30644,0,1,0,Weekday,9,9203,4465,288,604,336,188027.62,50.96,67623.51,28198.8,0.417,0
CMP-00167,University Area,Bangkok,New Year,Birthday,Red Velvet,Limited Edition,20,60424,0,0,1,Weekend,10,9241,7360,554,1018,745,706716.77,41.46,98058.18,194941.14,1.988,1
CMP-00168,University Area,Bangkok,Normal,Office Celebration,Vanilla,Discount,15,14259,0,0,1,Weekday,12,7208,2285,324,708,184,124018.94,48.24,47233.76,12598.95,0.267,0
CMP-00169,CBD / Office,Bangkok,Normal,Family Celebration,Fruit Cake,Personalized Box,15,21662,0,0,1,Weekday,10,11016,3671,594,1019,398,386095.02,42.87,66377.62,99123.31,1.493,0
CMP-00170,Mall,Northeast,Valentine,Couple Gift,Vanilla,Bundle,25,41178,1,1,1,Weekday,5,9826,8131,600,795,426,307343.02,54.63,112945.78,54945.98,0.486,0
CMP-00171,University Area,Bangkok,Normal,Family Celebration,Strawberry,Creator Collaboration,20,58967,1,1,0,Weekday,13,7782,18938,310,930,546,442784.16,45.69,124319.94,77966.32,0.627,0
CMP-00172,Neighborhood,North,Graduation,Couple Gift,Cheesecake,Bundle,0,39270,1,0,1,Weekday,14,5504,9623,243,973,440,479494.4,64.14,123612.9,183915.58,1.488,1
CMP-00173,Mall,Central,Normal,Birthday,Matcha,Limited Edition,5,22740,0,1,0,Weekend,13,12023,2767,429,806,361,313347.1,52.07,72108.36,91038.43,1.263,0
CMP-00174,Mall,North,Normal,Family Celebration,Fruit Cake,Bundle,10,37884,0,0,1,Weekend,11,9973,4338,692,943,320,304174.08,58.11,75399.95,101358.23,1.344,0
CMP-00175,Mall,South,Normal,Seasonal Gift,Red Velvet,Social Challenge,15,39913,0,0,0,Weekday,6,9925,8047,605,919,353,275745.95,55.52,62204.31,90878.82,1.461,0
CMP-00176,Mall,Bangkok,Graduation,Seasonal Gift,Cheesecake,Free Add-on,25,45791,1,1,1,Weekday,14,13626,10167,677,902,1139,932345.53,45.59,112128.37,312885.18,2.79,1
CMP-00177,Mall,Bangkok,Normal,Self Reward,Fruit Cake,Social Challenge,15,42464,0,0,1,Weekday,12,12957,8741,531,914,705,613440.24,48.97,104639.57,195752.29,1.871,1
CMP-00178,Transit,Central,Normal,Office Celebration,Vanilla,Personalized Box,20,14458,0,1,1,Weekday,10,7271,2641,221,747,193,139557.53,50.98,53708.03,17441.86,0.325,0
CMP-00179,Hospital,South,Graduation,Seasonal Gift,Cheesecake,Creator Collaboration,25,41921,1,0,1,Weekday,12,4836,11822,379,864,655,475372.8,43.5,107277.65,99489.35,0.927,0
CMP-00180,Neighborhood,Bangkok,Valentine,Self Reward,Strawberry,Creator Collaboration,10,29967,0,0,0,Weekend,5,7106,7137,405,911,291,238590.9,53.15,47657.3,79157.92,1.661,1
CMP-00181,Mall,Central,New Year,Office Celebration,Strawberry,Personalized Box,15,48100,1,1,0,Weekday,10,11180,8123,672,738,818,559313.23,51.78,102260.88,187367.04,1.832,1
CMP-00182,Transit,Bangkok,New Year,Seasonal Gift,Matcha,Free Add-on,20,41381,0,1,0,Weekday,11,8898,6534,218,879,308,236078.3,48.78,82865.28,32300.29,0.39,0
CMP-00183,Neighborhood,Bangkok,Mother's Day,Office Celebration,Matcha,Creator Collaboration,20,25193,0,0,0,Weekend,13,8337,5519,291,816,482,314649.6,44.69,77391.06,63229.98,0.817,0
CMP-00184,Transit,North,Normal,Seasonal Gift,Fruit Cake,Creator Collaboration,30,62355,0,1,0,Weekday,5,6771,12708,257,976,186,138511.97,45.98,81548.54,-17858.32,-0.219,0
CMP-00185,Mall,Bangkok,Normal,Couple Gift,Red Velvet,Personalized Box,15,43288,1,1,0,Weekday,6,13559,6447,481,1028,329,313353.42,56.71,104756.44,72947.09,0.696,0
CMP-00186,Mall,Bangkok,Christmas,Friend Group,Fruit Cake,Discount,5,5000,0,0,0,Weekday,4,14598,1723,478,904,159,136549.2,55.51,12944.5,62847.73,4.855,0
CMP-00187,University Area,Bangkok,New Year,Friend Group,Matcha,Social Challenge,10,58356,1,0,0,Weekday,14,9249,17073,492,859,1018,787015.8,53.6,122666.53,299207.52,2.439,1
CMP-00188,CBD / Office,Bangkok,Valentine,Family Celebration,Vanilla,Discount,10,23134,0,0,0,Weekend,7,10677,3946,422,685,369,227488.5,57.34,45900.97,84533.56,1.842,1
CMP-00189,CBD / Office,South,Valentine,Office Celebration,Vanilla,Creator Collaboration,20,69102,1,1,0,Weekend,13,7758,15629,427,650,684,387691.2,46.17,134659.88,44321.63,0.329,0
CMP-00190,Neighborhood,Bangkok,Back to School,Friend Group,Chocolate,Creator Collaboration,15,48829,0,0,0,Weekday,14,7425,11038,390,759,652,420637.8,50.07,83291.36,127310.35,1.528,1
CMP-00191,CBD / Office,South,Christmas,Couple Gift,Cheesecake,Limited Edition,10,30112,0,1,0,Weekend,14,10177,3512,517,1052,474,508740.64,54.15,70856.38,204647.32,2.888,0
CMP-00192,Transit,Bangkok,Songkran,Family Celebration,Red Velvet,Limited Edition,20,16162,0,0,0,Weekday,9,9998,2991,236,1020,225,190944.0,49.9,49357.23,45923.52,0.93,0
CMP-00193,Neighborhood,Bangkok,Mother's Day,Office Celebration,Matcha,Bundle,0,31567,1,1,1,Weekend,6,7604,4779,362,869,268,281799.32,57.29,89178.8,72255.63,0.81,0
CMP-00194,University Area,Central,Mother's Day,Office Celebration,Chocolate,Free Add-on,25,28005,0,0,0,Weekday,6,8266,5363,336,777,271,157925.25,47.01,44385.01,29850.8,0.673,0
CMP-00195,Mall,Central,Songkran,Friend Group,Strawberry,Personalized Box,5,35440,0,1,0,Weekend,13,11421,5427,536,892,514,474764.32,53.88,86245.55,169568.24,1.966,0
CMP-00196,Neighborhood,Northeast,Normal,Couple Gift,Cheesecake,Free Add-on,15,17182,0,0,0,Weekday,5,3994,2771,344,1008,122,104529.6,47.67,29622.3,20208.31,0.682,0
CMP-00197,Neighborhood,Northeast,Normal,Family Celebration,Cheesecake,Personalized Box,20,36129,0,1,0,Weekday,4,3814,6021,308,1029,173,155230.82,41.7,45515.76,19208.76,0.422,0
CMP-00198,University Area,Bangkok,Valentine,Office Celebration,Matcha,Bundle,15,24392,0,1,1,Weekday,4,7301,5155,269,756,141,109633.99,52.29,55473.09,1858.86,0.034,0
CMP-00199,Mall,Bangkok,Normal,Couple Gift,Strawberry,Bundle,5,7342,0,1,1,Weekend,6,12011,2063,543,926,237,252271.57,51.9,29169.43,101771.72,3.489,0
CMP-00200,Hospital,North,Mother's Day,Self Reward,Strawberry,Bundle,5,16869,0,1,1,Weekday,5,4356,4030,267,902,174,180411.73,66.0,32249.95,86821.79,2.692,1
CMP-00201,University Area,Bangkok,Graduation,Friend Group,Cheesecake,Bundle,5,5000,0,0,1,Weekend,5,6550,1948,387,1044,150,166622.4,59.4,32548.7,66432.91,2.041,1
CMP-00202,Neighborhood,Central,Songkran,Family Celebration,Chocolate,Free Add-on,10,61157,1,0,0,Weekday,5,5271,10391,251,692,166,103384.8,56.55,105514.71,-47046.51,-0.446,0
CMP-00203,Neighborhood,Bangkok,Normal,Seasonal Gift,Fruit Cake,Discount,10,16858,0,1,0,Weekend,7,2575,3429,473,998,149,145876.66,50.49,43325.88,30333.34,0.7,0
CMP-00204,Mall,Bangkok,Graduation,Office Celebration,Matcha,Limited Edition,20,9716,0,1,0,Weekday,5,13634,2011,484,909,249,205264.13,51.26,30434.96,74775.03,2.457,1
CMP-00205,Mall,Bangkok,Graduation,Friend Group,Fruit Cake,Creator Collaboration,0,41174,1,0,0,Weekday,9,13049,12390,433,908,467,424036.0,58.71,82162.98,166794.25,2.03,1
CMP-00206,CBD / Office,Central,Graduation,Birthday,Strawberry,Creator Collaboration,5,43196,1,0,0,Weekend,14,7867,15623,477,900,822,702810.0,58.18,116752.62,292129.54,2.502,1
CMP-00207,CBD / Office,Bangkok,Mother's Day,Friend Group,Chocolate,Discount,15,54620,0,0,0,Weekday,13,10556,8521,578,849,723,521752.95,50.06,83327.88,177886.76,2.135,0
CMP-00208,Mall,South,Normal,Self Reward,Chocolate,Creator Collaboration,30,78989,0,0,0,Weekday,8,12208,14046,507,932,492,320980.8,49.19,97918.13,59974.25,0.612,0
CMP-00209,University Area,Bangkok,Valentine,Self Reward,Cheesecake,Personalized Box,5,18750,0,1,1,Weekday,10,6410,3948,343,973,408,456333.11,63.03,69549.6,218073.91,3.136,1
CMP-00210,Neighborhood,Bangkok,Valentine,Family Celebration,Vanilla,Creator Collaboration,5,29830,0,1,1,Weekday,10,8196,8023,489,754,661,572903.9,57.06,80959.38,245938.56,3.038,1
CMP-00211,CBD / Office,South,Valentine,Seasonal Gift,Vanilla,Social Challenge,15,48306,1,0,0,Weekend,4,8340,10399,503,908,274,211473.2,56.02,82009.81,36459.25,0.445,0
CMP-00212,University Area,Bangkok,Normal,Seasonal Gift,Vanilla,Limited Edition,10,38991,0,1,0,Weekday,8,10096,7787,390,744,392,297550.96,54.84,59992.08,103171.64,1.72,1
CMP-00213,Transit,Bangkok,Normal,Friend Group,Strawberry,Bundle,20,38810,0,1,1,Weekend,12,9750,7819,388,960,581,539911.68,53.34,101738.57,186262.35,1.831,1
CMP-00214,Neighborhood,Bangkok,Valentine,Friend Group,Matcha,Limited Edition,5,26248,0,0,0,Weekday,10,7507,5267,348,818,486,392777.42,52.81,49506.8,157931.66,3.19,1
CMP-00215,Hospital,Bangkok,Normal,Birthday,Matcha,Personalized Box,15,37959,0,1,1,Weekday,4,4094,6409,186,833,96,82247.09,45.04,61707.32,-24660.31,-0.4,0
CMP-00216,Mall,Bangkok,New Year,Seasonal Gift,Vanilla,Discount,5,47389,0,0,1,Weekday,12,13703,5464,465,787,702,587832.34,51.2,89708.64,211268.87,2.355,1
CMP-00217,Transit,Bangkok,New Year,Couple Gift,Chocolate,Free Add-on,30,45482,1,1,0,Weekday,12,9297,7951,357,821,602,377106.65,54.03,123648.9,80084.26,0.648,0
CMP-00218,Transit,Bangkok,Normal,Office Celebration,Cheesecake,Personalized Box,20,25375,1,0,0,Weekday,4,8863,4522,304,937,159,119186.4,45.46,75795.47,-21615.26,-0.285,0
CMP-00219,CBD / Office,Bangkok,Christmas,Couple Gift,Fruit Cake,Social Challenge,10,70510,0,1,0,Weekday,13,10626,10240,435,876,682,586080.79,54.04,105220.59,211503.69,2.01,1
CMP-00220,CBD / Office,Northeast,Songkran,Family Celebration,Chocolate,Personalized Box,10,11955,1,0,1,Weekday,9,6070,2858,421,850,263,225338.4,58.19,81011.33,50114.4,0.619,0
CMP-00221,Hospital,Bangkok,Songkran,Family Celebration,Strawberry,Social Challenge,15,57336,0,0,0,Weekend,3,5870,9181,316,806,137,93858.7,48.95,67562.62,-21621.21,-0.32,0
CMP-00222,University Area,Bangkok,Normal,Couple Gift,Vanilla,Creator Collaboration,20,71379,1,1,0,Weekday,14,6531,26240,420,647,817,460938.33,50.05,146777.31,83907.96,0.572,0
CMP-00223,University Area,Central,Normal,Office Celebration,Red Velvet,Creator Collaboration,20,65628,0,1,0,Weekday,10,8188,11761,392,946,527,434728.62,52.33,93927.64,133572.47,1.422,1
CMP-00224,Mall,North,Normal,Seasonal Gift,Cheesecake,Free Add-on,15,20681,0,0,1,Weekday,10,7519,3983,647,897,256,218609.66,53.8,47520.28,70102.26,1.475,0
CMP-00225,Transit,Bangkok,New Year,Family Celebration,Chocolate,Bundle,20,17547,0,1,0,Weekday,9,8438,3391,319,750,309,202086.0,53.25,36625.44,70991.04,1.938,1
CMP-00226,CBD / Office,Bangkok,Graduation,Birthday,Chocolate,Discount,10,26121,0,0,0,Weekend,5,9044,3594,556,815,279,204646.5,59.02,42129.58,78645.13,1.867,1
CMP-00227,Mall,Bangkok,Normal,Seasonal Gift,Matcha,Discount,5,11628,0,0,0,Weekday,13,11848,1479,422,871,245,202725.25,54.13,36825.85,72912.76,1.98,0
CMP-00228,Hospital,Central,Back to School,Seasonal Gift,Cheesecake,Personalized Box,20,8119,0,1,1,Weekday,4,4142,2663,227,967,114,106710.38,53.68,31476.46,25800.51,0.82,0
CMP-00229,University Area,Central,Mother's Day,Birthday,Fruit Cake,Bundle,15,36335,0,0,0,Weekend,7,9026,6030,565,922,455,356583.5,51.88,52961.72,132023.37,2.493,1
CMP-00230,Mall,South,New Year,Friend Group,Fruit Cake,Social Challenge,10,60413,0,1,0,Weekday,8,11389,15628,713,789,846,654811.61,56.81,91441.33,280579.33,3.068,1
CMP-00231,Transit,Northeast,New Year,Self Reward,Matcha,Creator Collaboration,20,57201,1,1,0,Weekend,8,7005,18001,304,902,340,267424.96,49.36,111560.67,20446.25,0.183,0
CMP-00232,Neighborhood,Bangkok,Mother's Day,Family Celebration,Matcha,Free Add-on,10,66940,1,1,0,Weekend,9,8128,13545,324,855,403,338018.27,52.49,123574.34,53849.37,0.436,0
CMP-00233,Mall,Northeast,Graduation,Seasonal Gift,Red Velvet,Discount,10,30125,0,0,0,Weekday,5,6048,6320,457,979,308,271378.8,49.42,45778.4,88332.6,1.93,1
CMP-00234,Neighborhood,Bangkok,Mother's Day,Office Celebration,Matcha,Creator Collaboration,20,52580,0,1,1,Weekday,11,6723,11347,396,959,552,512428.22,54.23,108644.08,169224.54,1.558,1
CMP-00235,Mall,Bangkok,Normal,Self Reward,Matcha,Creator Collaboration,15,60105,1,0,1,Weekend,4,14306,13468,671,845,388,312122.72,58.58,111035.48,71818.38,0.647,0
CMP-00236,University Area,Bangkok,Graduation,Family Celebration,Vanilla,Personalized Box,20,9406,0,0,1,Weekday,6,8956,3097,498,761,259,176600.7,47.41,32471.76,51252.21,1.578,0
CMP-00237,Neighborhood,Bangkok,Valentine,Office Celebration,Cheesecake,Creator Collaboration,15,70325,1,0,1,Weekend,13,8595,17157,287,911,512,444043.26,52.38,143539.07,89035.19,0.62,0
CMP-00238,Mall,Bangkok,Graduation,Couple Gift,Strawberry,Creator Collaboration,20,70968,1,0,0,Weekday,11,10997,23220,527,849,770,522984.0,46.74,138337.57,106114.77,0.767,0
CMP-00239,CBD / Office,Bangkok,Valentine,Family Celebration,Fruit Cake,Creator Collaboration,20,61288,0,0,0,Weekday,8,12178,9427,480,953,510,388824.0,45.27,90718.44,85287.1,0.94,0
CMP-00240,Hospital,North,Normal,Couple Gift,Cheesecake,Free Add-on,5,36520,0,0,0,Weekday,4,3878,5463,321,1002,154,146592.6,52.19,43918.09,32593.58,0.742,0
CMP-00241,University Area,South,Normal,Self Reward,Vanilla,Social Challenge,0,42841,0,0,0,Weekday,8,6268,11227,290,873,274,239202.0,55.92,72758.15,60991.98,0.838,0
CMP-00242,Transit,Bangkok,Normal,Seasonal Gift,Strawberry,Social Challenge,15,47706,1,1,1,Weekend,6,9655,12034,192,808,141,117174.95,48.3,98980.59,-42381.63,-0.428,0
CMP-00243,Hospital,Central,Normal,Self Reward,Strawberry,Discount,5,26076,0,0,0,Weekday,11,4117,3551,172,976,187,173386.4,51.41,55583.64,33551.49,0.604,0
CMP-00244,Mall,Bangkok,Normal,Couple Gift,Fruit Cake,Free Add-on,10,37486,1,0,1,Weekend,7,11747,6007,502,969,353,344793.46,41.75,99931.88,44004.2,0.44,0
CMP-00245,Mall,South,Normal,Seasonal Gift,Vanilla,Bundle,5,5000,1,0,0,Weekday,8,11598,1159,667,746,203,143866.1,55.1,38554.29,40715.02,1.056,0
CMP-00246,Transit,Central,Valentine,Couple Gift,Red Velvet,Bundle,15,37674,0,1,0,Weekend,13,6915,6883,281,1080,432,432267.84,53.7,81683.72,150461.96,1.842,1
CMP-00247,Transit,North,Normal,Office Celebration,Cheesecake,Social Challenge,5,91347,1,0,1,Weekend,10,5435,22352,369,985,510,534500.4,52.23,149808.57,129382.84,0.864,0
CMP-00248,Mall,North,Valentine,Office Celebration,Cheesecake,Creator Collaboration,15,43271,0,1,0,Weekday,5,10957,8276,565,1083,411,412397.19,45.43,54978.83,132366.67,2.408,1
CMP-00249,Mall,Bangkok,Mother's Day,Birthday,Matcha,Free Add-on,5,39671,1,0,1,Weekend,9,14868,5945,601,1001,644,685901.22,56.03,95508.15,288825.27,3.024,1
CMP-00250,University Area,Bangkok,Normal,Family Celebration,Cheesecake,Social Challenge,0,37418,0,1,1,Weekend,8,7916,8052,449,1030,451,562081.3,57.65,79526.98,244520.01,3.075,1
CMP-00251,Neighborhood,South,Normal,Friend Group,Fruit Cake,Free Add-on,25,44593,0,1,0,Weekend,11,2209,8016,501,905,357,264121.99,56.39,86726.05,62201.02,0.717,0
CMP-00252,Mall,North,Graduation,Birthday,Red Velvet,Limited Edition,15,70599,1,1,0,Weekday,11,9018,12903,520,926,754,672761.45,52.1,129159.17,221374.51,1.714,1
CMP-00253,Mall,North,Christmas,Seasonal Gift,Fruit Cake,Discount,10,21777,0,0,0,Weekday,13,9987,2940,600,929,384,321062.4,58.21,49203.33,137677.42,2.798,0
CMP-00254,CBD / Office,Bangkok,Normal,Friend Group,Red Velvet,Discount,0,38465,0,0,0,Weekend,11,9759,7845,425,981,384,376704.0,58.41,84037.85,136011.06,1.618,0
CMP-00255,Mall,Central,Normal,Couple Gift,Chocolate,Limited Edition,20,69380,1,0,0,Weekend,10,11099,14490,735,785,773,504861.76,56.16,138953.0,144586.51,1.041,0
CMP-00256,Mall,Bangkok,Normal,Birthday,Fruit Cake,Personalized Box,15,22732,0,0,1,Weekday,11,15040,2735,748,957,369,336182.62,65.11,76836.49,142046.92,1.849,0
CMP-00257,Neighborhood,South,Christmas,Self Reward,Matcha,Social Challenge,20,45326,1,0,0,Weekday,5,5022,12965,255,887,158,112116.8,52.41,93403.37,-34641.78,-0.371,0
CMP-00258,University Area,Bangkok,New Year,Office Celebration,Fruit Cake,Social Challenge,15,73174,0,0,1,Weekday,13,10549,16351,395,988,744,699788.54,44.98,113126.01,201617.95,1.782,1
CMP-00259,CBD / Office,North,Christmas,Office Celebration,Vanilla,Limited Edition,15,20093,0,1,0,Weekday,13,8319,3672,652,691,440,292960.78,57.3,66958.74,100900.68,1.507,0
CMP-00260,Neighborhood,North,Mother's Day,Self Reward,Vanilla,Limited Edition,15,31892,1,1,0,Weekend,6,4829,8389,292,694,214,143104.08,59.2,82650.08,2066.18,0.025,0
CMP-00261,University Area,Bangkok,Back to School,Self Reward,Red Velvet,Personalized Box,0,30743,0,0,1,Weekend,6,7562,6691,528,979,375,411180.0,65.01,65522.84,201803.63,3.08,1
CMP-00262,Transit,Central,Graduation,Office Celebration,Cheesecake,Social Challenge,15,36963,0,0,0,Weekend,13,6448,10151,286,930,465,367582.5,58.26,87315.08,126832.18,1.453,1
CMP-00263,CBD / Office,North,Valentine,Friend Group,Matcha,Creator Collaboration,10,79874,1,1,0,Weekday,14,8547,28779,365,922,713,644895.67,54.45,139561.76,211612.51,1.516,1
CMP-00264,Mall,Bangkok,Christmas,Seasonal Gift,Vanilla,Discount,10,56137,1,0,1,Weekend,6,15245,7706,492,673,370,251002.08,55.93,123790.49,16588.15,0.134,0
CMP-00265,Mall,Northeast,Normal,Self Reward,Strawberry,Social Challenge,0,58764,1,0,0,Weekday,10,9391,18115,687,960,876,840960.0,53.11,118548.69,328093.33,2.768,1
CMP-00266,Transit,Northeast,Graduation,Birthday,Vanilla,Creator Collaboration,10,51076,1,0,0,Weekday,13,5840,17627,284,658,473,280110.6,46.34,132033.51,-2237.82,-0.017,0
CMP-00267,Neighborhood,Bangkok,Christmas,Seasonal Gift,Matcha,Limited Edition,10,17550,1,0,0,Weekday,8,7970,3040,323,770,273,196756.56,54.42,69837.09,37246.59,0.533,0
CMP-00268,Hospital,North,Christmas,Family Celebration,Cheesecake,Limited Edition,10,5000,0,1,0,Weekday,8,3946,2107,215,981,159,159136.01,58.97,34616.22,59218.8,1.711,1
CMP-00269,Neighborhood,Bangkok,Normal,Self Reward,Chocolate,Creator Collaboration,15,55513,0,0,0,Weekday,4,5660,15245,362,846,171,122966.1,57.48,69220.73,1462.73,0.021,0
CMP-00270,Transit,Northeast,Graduation,Family Celebration,Matcha,Bundle,15,6692,0,0,1,Weekday,7,3438,2612,274,920,195,170788.8,51.52,46493.31,41491.76,0.892,0
CMP-00271,CBD / Office,Bangkok,New Year,Office Celebration,Cheesecake,Bundle,20,37492,1,0,1,Weekday,10,10720,7323,490,989,599,530800.26,51.89,95501.89,179915.92,1.884,1
CMP-00272,Mall,Central,Normal,Birthday,Chocolate,Discount,25,55469,0,1,0,Weekend,14,9376,8249,553,769,706,443832.2,47.26,113710.56,96038.0,0.845,0
CMP-00273,Transit,South,New Year,Birthday,Strawberry,Bundle,10,19708,0,1,0,Weekday,10,6625,2506,269,994,261,254504.75,61.89,45502.16,112018.07,2.462,1
CMP-00274,CBD / Office,Central,Normal,Family Celebration,Cheesecake,Personalized Box,15,47997,0,1,1,Weekend,9,10221,7493,520,885,532,484238.37,48.89,89624.99,147109.58,1.641,1
CMP-00275,Neighborhood,Bangkok,Normal,Self Reward,Vanilla,Bundle,25,54912,1,0,0,Weekday,4,4355,13545,458,718,257,138394.5,41.73,103879.91,-46124.26,-0.444,0
CMP-00276,University Area,Bangkok,Mother's Day,Birthday,Vanilla,Personalized Box,20,5000,0,1,1,Weekend,10,7669,2155,551,732,339,240207.26,50.25,33336.63,87364.08,2.621,0
CMP-00277,Transit,Central,Songkran,Friend Group,Cheesecake,Creator Collaboration,20,23533,0,0,0,Weekend,7,7710,4989,412,816,287,187353.6,45.09,42785.68,41697.97,0.975,0
CMP-00278,Neighborhood,Central,Normal,Family Celebration,Cheesecake,Social Challenge,10,73675,1,0,0,Weekend,9,4715,22273,437,964,538,466768.8,49.42,109350.51,121331.45,1.11,0
CMP-00279,Mall,Bangkok,Christmas,Couple Gift,Red Velvet,Social Challenge,20,67892,1,0,0,Weekend,12,13262,19578,563,981,807,633333.6,49.56,128312.24,185591.91,1.446,1
CMP-00280,University Area,Bangkok,Normal,Family Celebration,Chocolate,Discount,30,17286,0,0,1,Weekend,9,6579,3877,340,976,232,177522.69,48.05,67911.57,17392.1,0.256,0
CMP-00281,Transit,Bangkok,Normal,Family Celebration,Vanilla,Discount,10,24016,0,0,0,Weekend,14,8335,4397,233,815,285,209047.5,49.8,51293.45,52806.93,1.03,0
CMP-00282,Hospital,North,Back to School,Friend Group,Strawberry,Discount,10,12270,0,0,0,Weekend,11,5720,3468,259,818,273,200982.6,51.68,36851.55,67009.27,1.818,1
CMP-00283,Neighborhood,Central,Christmas,Family Celebration,Matcha,Creator Collaboration,15,52534,1,1,1,Weekday,11,3550,13422,466,936,754,725857.7,53.87,135404.77,255614.58,1.888,1
CMP-00284,University Area,Bangkok,Mother's Day,Seasonal Gift,Vanilla,Limited Edition,0,39218,0,0,0,Weekday,10,10666,7416,406,736,546,417930.24,57.8,74291.03,167254.39,2.251,1
CMP-00285,CBD / Office,North,New Year,Friend Group,Chocolate,Social Challenge,10,50514,0,0,0,Weekend,13,9008,15019,538,780,948,665496.0,49.49,98812.93,230530.77,2.333,1
CMP-00286,CBD / Office,North,Normal,Family Celebration,Red Velvet,Free Add-on,15,12493,0,0,0,Weekday,3,7122,2724,361,867,105,77379.75,42.64,19066.29,13929.41,0.731,0
CMP-00287,Neighborhood,Bangkok,Songkran,Birthday,Red Velvet,Limited Edition,5,44654,0,0,0,Weekend,12,8075,6846,337,967,412,393623.15,60.81,83575.35,155792.33,1.864,1
CMP-00288,Mall,North,New Year,Seasonal Gift,Vanilla,Bundle,5,52174,0,1,0,Weekday,5,11254,6812,674,633,477,312659.91,66.0,66958.72,139396.82,2.082,1
CMP-00289,Neighborhood,Bangkok,Mother's Day,Office Celebration,Matcha,Discount,25,49760,1,0,0,Weekend,8,3173,8782,383,965,444,321345.0,50.93,96257.29,67391.34,0.7,0
CMP-00290,Mall,Bangkok,Mother's Day,Friend Group,Fruit Cake,Personalized Box,25,23577,1,1,0,Weekend,7,15180,4351,503,910,513,381633.53,50.33,66742.72,125344.97,1.878,1
CMP-00291,CBD / Office,Bangkok,Christmas,Self Reward,Vanilla,Free Add-on,20,31728,1,0,0,Weekend,10,11291,5368,506,761,482,293441.6,48.67,92622.9,50182.84,0.542,0
CMP-00292,Mall,Northeast,Back to School,Birthday,Red Velvet,Personalized Box,0,33781,0,0,0,Weekday,6,9542,7974,615,1039,368,382352.0,55.95,46483.86,167457.08,3.602,1
CMP-00293,Neighborhood,Bangkok,Christmas,Couple Gift,Chocolate,Limited Edition,10,31110,0,1,1,Weekday,6,7937,5275,414,806,328,299412.62,56.62,61608.64,107923.21,1.752,1
CMP-00294,Mall,Bangkok,New Year,Family Celebration,Fruit Cake,Creator Collaboration,25,53823,0,0,0,Weekday,14,14670,9758,657,862,1141,737656.5,52.05,80180.86,303803.1,3.789,1
CMP-00295,CBD / Office,Bangkok,Normal,Couple Gift,Matcha,Creator Collaboration,10,47976,1,0,0,Weekend,13,10382,15136,531,814,878,643222.8,55.63,110318.77,247519.24,2.244,1
CMP-00296,Hospital,Bangkok,Christmas,Office Celebration,Red Velvet,Bundle,5,15978,0,0,0,Weekday,4,6252,2628,278,972,145,133893.0,53.71,25325.93,46587.21,1.84,1
CMP-00297,University Area,Northeast,New Year,Self Reward,Vanilla,Social Challenge,15,38925,1,0,0,Weekend,3,7033,13078,393,911,155,120024.25,48.61,69810.18,-11466.0,-0.164,0
CMP-00298,Mall,Bangkok,Normal,Seasonal Gift,Matcha,Bundle,20,20078,0,0,1,Weekday,10,13277,3717,580,891,372,296980.99,46.71,48152.02,90553.79,1.881,0
CMP-00299,University Area,South,New Year,Birthday,Chocolate,Discount,10,19561,0,0,1,Weekend,13,5361,5317,320,878,496,438971.9,58.84,77911.22,180360.87,2.315,1
CMP-00300,Neighborhood,Northeast,Mother's Day,Seasonal Gift,Strawberry,Personalized Box,10,32899,0,1,1,Weekday,3,4644,3904,400,927,176,177672.53,57.89,47910.5,54949.83,1.147,0
CMP-00301,University Area,Bangkok,Mother's Day,Couple Gift,Fruit Cake,Free Add-on,15,55800,1,1,1,Weekday,9,10014,9945,355,858,466,411223.1,52.43,111469.41,104124.81,0.934,0
CMP-00302,University Area,Bangkok,Mother's Day,Birthday,Fruit Cake,Limited Edition,30,20595,1,1,1,Weekend,14,8756,4564,268,866,456,347855.99,48.18,103719.17,63877.43,0.616,0
CMP-00303,University Area,Northeast,New Year,Couple Gift,Cheesecake,Creator Collaboration,20,40851,1,0,0,Weekday,13,5777,9894,443,954,808,616665.6,48.93,105213.73,196521.4,1.868,1
CMP-00304,CBD / Office,North,New Year,Seasonal Gift,Matcha,Free Add-on,5,45693,1,0,1,Weekend,6,6832,10356,663,959,479,488760.1,54.68,100488.09,166789.5,1.66,1
CMP-00305,University Area,Bangkok,Mother's Day,Self Reward,Cheesecake,Discount,10,26383,0,0,0,Weekday,6,9351,5715,272,895,242,194931.0,48.66,39276.04,55580.36,1.415,1
CMP-00306,Hospital,Bangkok,Mother's Day,Office Celebration,Red Velvet,Free Add-on,25,5000,0,0,0,Weekday,14,3433,1386,205,995,176,131340.0,43.94,42585.74,15124.09,0.355,0
CMP-00307,CBD / Office,Bangkok,Normal,Friend Group,Vanilla,Limited Edition,25,41416,1,0,1,Weekday,10,11648,7629,529,786,532,365297.59,49.59,96331.66,84820.6,0.881,0
CMP-00308,Neighborhood,Northeast,New Year,Family Celebration,Red Velvet,Limited Edition,0,17558,0,0,0,Weekend,5,4061,3607,344,1000,176,183040.0,53.99,31844.07,66970.76,2.103,1
CMP-00309,Neighborhood,Northeast,Christmas,Couple Gift,Matcha,Personalized Box,15,28259,0,0,0,Weekday,9,3729,2328,294,924,175,137445.0,47.24,58171.28,6755.42,0.116,0
CMP-00310,Transit,Bangkok,Back to School,Seasonal Gift,Cheesecake,Free Add-on,0,25894,0,0,0,Weekday,3,10457,4274,389,939,155,145545.0,50.13,33015.09,39943.23,1.21,1
CMP-00311,Neighborhood,Bangkok,Valentine,Seasonal Gift,Cheesecake,Bundle,25,37314,0,1,1,Weekday,11,7860,5481,486,921,618,516529.03,49.1,80925.34,172708.0,2.134,1
CMP-00312,Neighborhood,North,Back to School,Office Celebration,Red Velvet,Personalized Box,10,5000,0,0,1,Weekday,10,5901,2039,363,825,152,126403.2,59.09,45615.21,29070.27,0.637,0
CMP-00313,CBD / Office,Bangkok,Songkran,Office Celebration,Chocolate,Discount,10,35518,1,0,0,Weekday,6,10447,5856,628,906,306,249512.4,56.16,87564.22,52567.81,0.6,0
CMP-00314,Mall,Bangkok,Songkran,Office Celebration,Cheesecake,Creator Collaboration,10,61599,1,0,1,Weekday,3,12546,14159,433,997,164,164816.06,57.17,118752.71,-24527.32,-0.207,0
CMP-00315,University Area,Bangkok,Normal,Seasonal Gift,Strawberry,Social Challenge,0,23485,0,1,0,Weekday,10,7320,7001,472,792,417,359987.76,51.32,63096.54,121649.24,1.928,1
CMP-00316,University Area,Bangkok,Back to School,Friend Group,Strawberry,Personalized Box,20,14423,0,0,1,Weekday,10,8990,2767,261,717,312,200438.78,48.38,55048.33,41922.33,0.762,0
CMP-00317,CBD / Office,North,Graduation,Family Celebration,Cheesecake,Discount,10,31665,0,0,0,Weekend,6,7528,5319,556,838,354,266986.8,52.6,44780.07,95667.95,2.136,1
CMP-00318,Neighborhood,Northeast,Normal,Friend Group,Chocolate,Limited Edition,15,34871,1,0,0,Weekday,10,5352,8636,382,808,357,254995.1,47.92,108099.01,14090.73,0.13,0
CMP-00319,University Area,Bangkok,Christmas,Family Celebration,Chocolate,Discount,15,22183,1,0,0,Weekday,7,8873,5711,268,627,262,139632.9,52.67,61856.49,11687.32,0.189,0
CMP-00320,Hospital,North,Normal,Office Celebration,Cheesecake,Personalized Box,30,5000,0,1,1,Weekday,5,2412,1445,233,940,77,61305.86,37.36,31748.7,-8843.11,-0.279,0
CMP-00321,CBD / Office,Northeast,Graduation,Friend Group,Fruit Cake,Social Challenge,30,25342,0,0,0,Weekend,5,6488,5337,600,916,373,239167.6,43.76,45614.36,59034.13,1.294,0
CMP-00322,Mall,Bangkok,Normal,Couple Gift,Fruit Cake,Discount,10,14140,0,0,0,Weekday,8,11650,2528,690,919,217,179480.7,49.34,30499.23,58059.12,1.904,0
CMP-00323,Mall,Bangkok,Back to School,Family Celebration,Chocolate,Discount,15,19810,0,0,1,Weekday,13,14344,4001,684,786,537,401822.06,48.12,62545.29,130829.71,2.092,0
CMP-00324,Neighborhood,Bangkok,Valentine,Friend Group,Matcha,Limited Edition,20,35069,1,0,0,Weekday,7,5182,9242,457,873,430,312324.48,50.38,90347.99,66997.26,0.742,0
CMP-00325,CBD / Office,Bangkok,Normal,Self Reward,Cheesecake,Personalized Box,5,5000,0,1,1,Weekday,10,7769,2182,526,874,204,204951.25,56.03,44873.59,69958.44,1.559,0
CMP-00326,Transit,South,Normal,Couple Gift,Strawberry,Social Challenge,15,40838,0,1,0,Weekend,14,7334,8176,317,899,532,443115.3,49.05,92974.27,124384.36,1.338,1
CMP-00327,University Area,Bangkok,Back to School,Self Reward,Fruit Cake,Bundle,10,5000,0,1,1,Weekend,9,8017,1658,449,834,228,207075.53,51.28,32950.65,73230.67,2.222,0
CMP-00328,University Area,Central,Valentine,Self Reward,Matcha,Creator Collaboration,10,55484,0,1,1,Weekend,6,7405,15458,563,899,493,482652.42,62.49,78244.81,223358.34,2.855,1
CMP-00329,University Area,South,Valentine,Birthday,Fruit Cake,Limited Edition,0,46078,0,1,0,Weekday,5,8558,7028,526,853,314,303625.69,62.95,63069.01,128052.38,2.03,1
CMP-00330,University Area,Bangkok,New Year,Self Reward,Strawberry,Creator Collaboration,30,61586,0,1,0,Weekday,8,6973,13675,556,962,577,423521.46,49.46,80782.02,128709.51,1.593,1
CMP-00331,University Area,Bangkok,Normal,Family Celebration,Cheesecake,Social Challenge,10,35938,1,1,0,Weekend,7,8196,10933,408,882,362,313217.6,53.2,77684.95,88956.07,1.145,0
CMP-00332,University Area,Northeast,Normal,Self Reward,Red Velvet,Creator Collaboration,0,28935,0,0,1,Weekday,3,5265,5361,516,1025,177,203196.0,59.32,47253.39,73286.69,1.551,1
CMP-00333,Neighborhood,North,Valentine,Family Celebration,Matcha,Bundle,5,24733,1,1,0,Weekend,9,5238,4021,444,866,307,275300.1,52.86,93972.6,51564.52,0.549,0
CMP-00334,Hospital,Bangkok,Normal,Friend Group,Strawberry,Limited Edition,10,27715,0,0,0,Weekday,9,7461,4928,245,881,221,182240.14,46.04,58367.05,25535.79,0.438,0
CMP-00335,Neighborhood,North,Normal,Birthday,Red Velvet,Personalized Box,30,18368,0,1,1,Weekend,9,6447,3272,385,1068,297,268665.01,48.1,67878.09,61356.19,0.904,0
CMP-00336,University Area,Bangkok,Normal,Couple Gift,Vanilla,Discount,30,31235,0,0,0,Weekend,13,8396,6086,449,748,438,229336.8,43.17,78476.06,20522.55,0.262,0
CMP-00337,CBD / Office,Bangkok,Christmas,Self Reward,Chocolate,Discount,5,44986,0,0,1,Weekend,8,9934,8616,408,768,449,366901.25,55.52,78953.81,124755.97,1.58,1
CMP-00338,Neighborhood,Central,Valentine,Friend Group,Red Velvet,Bundle,0,35391,0,1,0,Weekday,12,4895,6353,256,953,365,379151.05,56.39,62953.34,150852.37,2.396,1
CMP-00339,CBD / Office,South,Songkran,Office Celebration,Red Velvet,Discount,15,40048,1,1,0,Weekend,4,9196,8273,411,1023,218,206622.47,49.67,80496.1,22128.4,0.275,0
CMP-00340,Mall,Central,Normal,Family Celebration,Cheesecake,Bundle,10,41933,1,0,0,Weekend,7,11445,8698,509,1097,472,466005.6,61.57,82028.0,204895.23,2.498,1
CMP-00341,CBD / Office,South,Valentine,Family Celebration,Red Velvet,Creator Collaboration,20,55411,0,0,0,Weekday,11,8026,8743,615,827,844,558390.4,56.09,98919.83,214291.76,2.166,1
CMP-00342,Transit,Northeast,Mother's Day,Self Reward,Fruit Cake,Creator Collaboration,30,34474,0,1,0,Weekday,12,4358,9128,217,913,344,239636.94,53.26,57327.48,70291.41,1.226,1
CMP-00343,Neighborhood,Bangkok,New Year,Seasonal Gift,Cheesecake,Social Challenge,10,35716,0,1,0,Weekday,10,7642,6455,369,947,445,413408.12,46.21,70179.98,120875.39,1.722,1
CMP-00344,Transit,South,Songkran,Birthday,Vanilla,Personalized Box,0,25993,0,0,1,Weekday,11,7204,4146,302,775,295,256060.0,53.24,56502.27,79828.13,1.413,1
CMP-00345,CBD / Office,Bangkok,Mother's Day,Birthday,Vanilla,Limited Edition,10,7525,0,0,1,Weekend,8,9957,1869,470,812,331,281759.06,50.35,47119.84,94748.7,2.011,1
CMP-00346,University Area,Bangkok,Valentine,Office Celebration,Fruit Cake,Free Add-on,20,56703,0,0,0,Weekday,5,8524,7641,454,926,324,240019.2,48.87,65840.15,51467.16,0.782,0
CMP-00347,Hospital,Central,Normal,Family Celebration,Strawberry,Free Add-on,10,11943,0,1,0,Weekday,4,4658,2598,288,869,94,80133.97,47.09,19681.76,18051.33,0.917,0
CMP-00348,Mall,Northeast,Graduation,Self Reward,Matcha,Limited Edition,25,63606,0,1,1,Weekday,12,10050,9663,762,931,1127,990269.88,51.15,103351.4,403198.31,3.901,1
CMP-00349,Neighborhood,Bangkok,Mother's Day,Self Reward,Matcha,Discount,20,19112,0,0,0,Weekday,12,6456,3504,485,855,326,222984.0,52.12,69065.93,47148.54,0.683,0
CMP-00350,Mall,Bangkok,Back to School,Family Celebration,Cheesecake,Free Add-on,5,24507,0,0,0,Weekend,12,11226,3261,425,960,357,325584.0,48.8,55633.99,103249.79,1.856,0
CMP-00351,Neighborhood,Central,Graduation,Office Celebration,Cheesecake,Limited Edition,5,15103,0,1,1,Weekday,4,6377,3123,296,1066,174,221742.41,50.82,43668.73,69029.19,1.581,1
CMP-00352,University Area,Bangkok,Valentine,Self Reward,Cheesecake,Social Challenge,25,23044,0,0,1,Weekend,11,7515,4883,437,1044,555,486712.8,44.28,58725.17,156794.68,2.67,1
CMP-00353,Hospital,Central,New Year,Couple Gift,Cheesecake,Social Challenge,10,54302,1,1,0,Weekend,12,6296,11542,225,860,322,271658.52,46.67,107859.26,18922.78,0.175,0
CMP-00354,Transit,Central,Christmas,Couple Gift,Chocolate,Discount,10,20831,0,0,1,Weekday,12,7597,2235,353,835,274,230620.32,53.59,59415.13,64169.5,1.08,0
CMP-00355,Mall,Bangkok,Normal,Seasonal Gift,Strawberry,Creator Collaboration,25,19785,0,1,0,Weekday,5,11796,5028,677,847,323,223652.47,46.3,39195.31,64366.7,1.642,0
CMP-00356,CBD / Office,North,Normal,Birthday,Strawberry,Personalized Box,20,35236,0,1,1,Weekday,8,9522,4751,555,806,409,319105.07,54.6,78183.61,96042.99,1.228,1
CMP-00357,Transit,Bangkok,New Year,Friend Group,Red Velvet,Free Add-on,15,5000,0,0,0,Weekday,4,8929,2495,341,931,158,125033.3,53.64,20964.11,46100.11,2.199,1
CMP-00358,University Area,Bangkok,Christmas,Self Reward,Chocolate,Discount,0,5000,0,0,0,Weekday,6,6314,1050,464,841,118,99238.0,55.61,21062.2,34128.6,1.62,0
CMP-00359,University Area,Northeast,Graduation,Birthday,Fruit Cake,Social Challenge,10,58247,1,1,1,Weekend,10,6753,19000,435,895,625,609159.38,60.2,135273.72,231439.68,1.711,1
CMP-00360,CBD / Office,South,Christmas,Family Celebration,Red Velvet,Social Challenge,20,54183,0,1,1,Weekday,11,8329,13238,467,855,619,512309.16,54.68,99092.49,181049.54,1.827,1
CMP-00361,Mall,Bangkok,Valentine,Family Celebration,Fruit Cake,Personalized Box,15,47529,0,0,0,Weekday,7,14078,7692,552,883,525,394038.75,58.45,71478.42,158845.76,2.222,1
CMP-00362,Mall,Bangkok,Mother's Day,Birthday,Cheesecake,Bundle,20,22060,0,1,1,Weekday,11,14284,2689,705,907,570,500446.32,48.01,59734.12,180514.49,3.022,0
CMP-00363,Neighborhood,Bangkok,Songkran,Couple Gift,Fruit Cake,Limited Edition,15,10197,0,0,0,Weekday,6,5992,1531,388,959,128,108512.77,57.06,33254.59,28665.44,0.862,0
CMP-00364,University Area,Northeast,Valentine,Couple Gift,Fruit Cake,Free Add-on,15,5304,0,0,1,Weekday,14,6565,1548,447,899,231,197700.89,48.04,45359.74,49623.36,1.094,0
CMP-00365,Mall,Bangkok,Valentine,Couple Gift,Chocolate,Discount,15,42437,0,0,0,Weekday,7,13027,6127,688,880,426,318648.0,52.04,57912.9,107913.71,1.863,0
CMP-00366,Mall,Bangkok,Christmas,Seasonal Gift,Fruit Cake,Discount,20,32339,1,0,1,Weekday,8,12050,6904,640,779,597,416696.45,46.71,91365.66,103287.8,1.13,0
CMP-00367,Mall,Bangkok,Graduation,Family Celebration,Vanilla,Free Add-on,10,44135,1,0,0,Weekday,14,15438,7675,754,679,827,505379.7,56.84,124240.63,163021.83,1.312,0
CMP-00368,CBD / Office,North,Normal,Seasonal Gift,Matcha,Creator Collaboration,20,73061,1,1,0,Weekend,14,8850,20256,551,907,910,719722.64,53.3,145562.98,238037.06,1.635,1
CMP-00369,CBD / Office,Central,Christmas,Couple Gift,Vanilla,Discount,20,30709,0,1,0,Weekend,7,13646,5345,648,694,489,295927.15,52.3,44390.67,110390.99,2.487,1
CMP-00370,University Area,Central,Songkran,Birthday,Chocolate,Personalized Box,10,40956,0,0,0,Weekday,13,7779,6328,416,783,411,289631.7,49.28,76596.02,66144.45,0.864,0
CMP-00371,University Area,North,Normal,Friend Group,Matcha,Creator Collaboration,15,52612,1,0,0,Weekday,7,7838,16592,465,826,415,291371.5,50.47,98037.67,49003.3,0.5,0
CMP-00372,Mall,North,Graduation,Self Reward,Red Velvet,Free Add-on,0,13645,0,0,1,Weekday,9,8017,3256,772,941,334,352009.28,56.25,52305.56,145707.98,2.786,0
CMP-00373,Hospital,North,Normal,Birthday,Matcha,Limited Edition,20,8904,0,1,0,Weekday,9,3414,2064,333,867,140,110077.09,45.33,44295.75,5600.07,0.126,0
CMP-00374,Transit,South,Songkran,Seasonal Gift,Vanilla,Free Add-on,10,42718,1,0,0,Weekday,14,6962,6843,402,755,439,298300.5,56.86,126948.4,42661.77,0.336,0
CMP-00375,University Area,Northeast,Mother's Day,Couple Gift,Cheesecake,Personalized Box,15,50239,0,1,1,Weekday,10,4350,10057,466,865,653,580943.08,54.51,75904.8,240740.63,3.172,1
CMP-00376,Neighborhood,Bangkok,Songkran,Seasonal Gift,Matcha,Free Add-on,20,17450,0,0,1,Weekday,4,5481,2688,421,863,121,93563.01,45.93,38789.91,4185.43,0.108,0
CMP-00377,Neighborhood,Bangkok,Valentine,Couple Gift,Fruit Cake,Limited Edition,20,16207,0,1,1,Weekend,6,6105,3120,456,1146,332,383028.77,57.09,43630.33,175038.57,4.012,1
CMP-00378,Mall,Bangkok,Valentine,Friend Group,Fruit Cake,Social Challenge,10,40820,0,0,0,Weekend,9,13519,12428,760,897,957,772586.1,56.47,60493.07,375759.2,6.212,1
CMP-00379,Mall,South,Normal,Family Celebration,Cheesecake,Social Challenge,5,47592,0,0,0,Weekend,10,9353,10596,669,980,503,468293.0,52.74,87583.87,159382.54,1.82,0
CMP-00380,Mall,Central,Normal,Seasonal Gift,Cheesecake,Discount,20,36757,0,0,0,Weekday,9,8614,5797,599,1091,343,299370.4,55.55,58897.81,107397.62,1.823,0
CMP-00381,Transit,Central,Normal,Seasonal Gift,Fruit Cake,Bundle,5,35687,1,1,1,Weekend,4,7140,6885,305,877,174,175411.4,64.0,90395.22,21875.6,0.242,0
CMP-00382,CBD / Office,North,Normal,Birthday,Red Velvet,Personalized Box,5,52918,1,0,1,Weekend,4,9942,10744,431,1041,251,278013.62,56.44,102917.65,53987.19,0.525,0
CMP-00383,CBD / Office,North,Songkran,Couple Gift,Red Velvet,Social Challenge,10,46853,1,0,0,Weekend,5,9526,9720,528,929,358,299323.8,51.42,86841.71,67074.14,0.772,0
CMP-00384,Transit,Northeast,Mother's Day,Seasonal Gift,Vanilla,Discount,20,31397,0,0,1,Weekend,7,7611,3944,334,812,299,217538.05,44.14,57937.32,38089.53,0.657,0
CMP-00385,Hospital,Northeast,Normal,Family Celebration,Cheesecake,Discount,10,17324,1,0,0,Weekend,13,1921,4633,289,879,184,145562.4,48.96,84628.14,-13360.31,-0.158,0
CMP-00386,Neighborhood,North,Valentine,Birthday,Strawberry,Free Add-on,30,5000,0,1,1,Weekday,9,4542,1901,443,817,219,151547.78,48.86,32606.16,41438.58,1.271,0
CMP-00387,Mall,South,Normal,Family Celebration,Strawberry,Limited Edition,25,5000,0,0,0,Weekend,4,10791,1692,600,872,143,97262.88,54.58,18016.0,35069.96,1.947,0
CMP-00388,Mall,Bangkok,Songkran,Self Reward,Fruit Cake,Personalized Box,30,44115,1,1,0,Weekday,6,14394,9619,651,894,539,367663.76,48.78,95784.37,83577.54,0.873,0
CMP-00389,University Area,Bangkok,Normal,Seasonal Gift,Cheesecake,Personalized Box,15,31962,1,1,0,Weekend,8,7265,7418,353,1008,384,358622.21,56.57,92908.44,109955.91,1.183,0
CMP-00390,Mall,North,Mother's Day,Friend Group,Matcha,Limited Edition,20,5000,1,0,0,Weekday,5,10244,1510,578,944,219,172004.35,39.15,38298.08,29039.88,0.758,0
CMP-00391,Neighborhood,North,New Year,Couple Gift,Vanilla,Bundle,0,12700,0,0,1,Weekend,13,3922,1864,429,754,187,157917.76,63.58,54603.04,45793.99,0.839,0
CMP-00392,University Area,Central,Graduation,Office Celebration,Red Velvet,Bundle,20,44500,0,0,1,Weekday,12,9180,6590,532,883,665,526126.72,50.79,75681.69,191519.31,2.531,1
CMP-00393,Transit,Bangkok,Normal,Family Celebration,Chocolate,Free Add-on,15,32454,0,0,1,Weekend,4,7522,5351,194,855,96,78140.16,54.66,62226.23,-19513.24,-0.314,0
CMP-00394,Mall,Bangkok,Normal,Office Celebration,Chocolate,Creator Collaboration,10,44107,0,0,0,Weekday,10,13518,8844,697,838,548,413301.6,48.01,66957.4,131487.12,1.964,0
CMP-00395,Neighborhood,Central,Mother's Day,Birthday,Red Velvet,Creator Collaboration,25,54948,1,0,0,Weekday,12,3084,16975,519,1020,737,563805.0,50.94,137978.2,149227.46,1.082,0
CMP-00396,Hospital,Central,Normal,Self Reward,Cheesecake,Limited Edition,25,37471,0,1,0,Weekday,8,2197,6293,296,998,324,274913.87,40.46,70962.4,40278.93,0.568,0
CMP-00397,Neighborhood,North,Graduation,Couple Gift,Matcha,Bundle,10,69213,0,0,1,Weekday,4,2847,12087,413,1006,211,213964.13,57.97,97628.63,26404.16,0.27,0
CMP-00398,Mall,Bangkok,Normal,Office Celebration,Chocolate,Limited Edition,15,5000,0,0,0,Weekday,14,14911,1890,651,734,367,238130.15,48.43,54097.59,61224.68,1.132,0
CMP-00399,Mall,Bangkok,Normal,Friend Group,Strawberry,Bundle,10,27726,0,0,1,Weekday,14,13778,5920,453,920,447,414529.92,56.21,91648.54,141366.72,1.542,0
CMP-00400,University Area,North,Songkran,Friend Group,Matcha,Creator Collaboration,30,31241,0,0,0,Weekday,11,4300,7750,264,919,404,259893.2,46.48,69264.93,51540.52,0.744,0
CMP-00401,Hospital,Bangkok,Normal,Seasonal Gift,Strawberry,Social Challenge,25,34322,1,0,1,Weekend,11,4514,9006,180,929,242,188847.12,46.59,103848.99,-15856.97,-0.153,0
CMP-00402,Transit,Central,Normal,Office Celebration,Chocolate,Discount,20,26418,0,0,1,Weekend,14,8030,4730,340,864,397,307335.17,49.93,97153.17,56293.58,0.579,0
CMP-00403,Transit,Bangkok,Normal,Couple Gift,Fruit Cake,Free Add-on,10,5000,0,1,0,Weekday,13,9583,905,284,867,139,118223.25,53.76,58044.49,5511.59,0.095,0
CMP-00404,CBD / Office,Northeast,Normal,Family Celebration,Red Velvet,Personalized Box,10,20084,0,1,1,Weekday,13,6315,4113,374,1011,298,328091.74,57.05,54260.85,132908.01,2.449,0
CMP-00405,CBD / Office,Bangkok,Graduation,Birthday,Matcha,Limited Edition,5,27761,0,1,0,Weekend,6,11224,5496,394,866,293,273255.53,48.9,49107.09,84519.27,1.721,1
CMP-00406,Transit,Northeast,Songkran,Self Reward,Vanilla,Bundle,0,5000,0,1,1,Weekday,3,5670,2136,407,835,102,103055.7,58.21,24320.03,35665.78,1.467,1
CMP-00407,Transit,Central,Graduation,Friend Group,Vanilla,Creator Collaboration,0,79843,1,1,0,Weekday,6,7752,27468,314,810,264,233085.6,63.38,128159.1,19567.98,0.153,0
CMP-00408,CBD / Office,Central,New Year,Friend Group,Strawberry,Personalized Box,10,5000,0,1,1,Weekend,6,11087,2174,488,876,293,279511.45,56.9,38064.44,120982.54,3.178,1
CMP-00409,Transit,Bangkok,Christmas,Couple Gift,Strawberry,Free Add-on,25,32815,0,1,1,Weekend,7,9747,4724,281,816,242,179205.84,46.68,59759.61,23900.07,0.4,0
CMP-00410,University Area,North,Christmas,Self Reward,Red Velvet,Personalized Box,5,5000,0,0,1,Weekday,14,5360,1887,501,923,202,198378.54,44.7,63341.3,25337.05,0.4,0
CMP-00411,Neighborhood,Central,Normal,Couple Gift,Cheesecake,Bundle,15,20491,0,0,0,Weekday,4,3286,3244,341,816,85,58956.0,55.96,31251.84,1740.75,0.056,0
CMP-00412,CBD / Office,Northeast,Songkran,Office Celebration,Chocolate,Free Add-on,15,26586,0,1,0,Weekend,5,5443,4578,607,981,211,191777.16,47.1,44496.25,45828.87,1.03,0
CMP-00413,Transit,Central,Mother's Day,Birthday,Cheesecake,Creator Collaboration,15,84737,1,0,1,Weekend,11,9354,15627,370,859,576,471034.37,42.85,148836.72,52997.0,0.356,0
CMP-00414,Transit,Central,Normal,Seasonal Gift,Matcha,Limited Edition,15,27438,0,1,1,Weekday,12,8749,3600,404,871,291,271112.02,57.38,73977.43,81574.64,1.103,0
CMP-00415,Mall,Northeast,Mother's Day,Seasonal Gift,Cheesecake,Free Add-on,0,36591,1,0,0,Weekday,6,9852,5506,638,932,310,288920.0,59.82,91141.89,81676.57,0.896,0
CMP-00416,Mall,Central,Normal,Couple Gift,Red Velvet,Social Challenge,10,58588,0,0,0,Weekend,6,10242,14381,439,923,347,288252.9,50.39,72233.9,73020.55,1.011,0
CMP-00417,Hospital,Central,Normal,Seasonal Gift,Strawberry,Social Challenge,20,54130,1,0,0,Weekend,10,4951,14091,367,986,437,344705.6,48.36,105702.03,60987.48,0.577,0
CMP-00418,University Area,Bangkok,New Year,Self Reward,Cheesecake,Social Challenge,5,63531,1,0,0,Weekend,6,7318,17571,564,966,435,399199.5,52.51,105485.35,104130.08,0.987,0
CMP-00419,Hospital,Central,Normal,Friend Group,Chocolate,Free Add-on,20,66842,1,0,0,Weekday,12,6170,15662,235,893,368,262899.2,46.46,125906.56,-3760.63,-0.03,0
CMP-00420,Transit,Bangkok,Valentine,Friend Group,Matcha,Bundle,20,34595,0,0,0,Weekday,4,8654,6164,293,854,171,116827.2,51.58,42095.87,18159.19,0.431,0
CMP-00421,University Area,Bangkok,Normal,Seasonal Gift,Matcha,Bundle,15,5032,0,1,0,Weekday,13,9669,1333,526,868,204,164057.21,55.69,36588.84,54774.75,1.497,0
CMP-00422,Hospital,Bangkok,Graduation,Self Reward,Red Velvet,Bundle,15,11332,0,1,1,Weekend,8,5260,2123,262,935,214,205792.56,52.34,51248.72,56466.75,1.102,0
CMP-00423,Mall,Bangkok,Back to School,Self Reward,Fruit Cake,Creator Collaboration,5,32234,0,1,0,Weekday,12,11788,7914,436,851,597,526082.67,59.55,78461.21,234824.33,2.993,1
CMP-00424,Mall,Bangkok,Back to School,Couple Gift,Cheesecake,Discount,30,25100,0,0,0,Weekday,10,14062,4244,679,921,437,281733.9,38.01,46548.41,60525.45,1.3,0
CMP-00425,CBD / Office,North,New Year,Self Reward,Red Velvet,Bundle,20,40449,0,0,1,Weekday,8,6837,7744,559,987,604,534148.61,52.19,66995.25,211796.08,3.161,1
CMP-00426,Neighborhood,Northeast,New Year,Seasonal Gift,Matcha,Creator Collaboration,20,38720,0,0,0,Weekday,11,5571,8229,403,878,576,404582.4,44.33,76198.74,103140.55,1.354,1
CMP-00427,Neighborhood,South,Songkran,Office Celebration,Cheesecake,Free Add-on,15,32338,0,1,0,Weekend,11,5270,4234,272,917,284,241286.54,46.0,72650.98,38333.07,0.528,0
CMP-00428,Neighborhood,Bangkok,Mother's Day,Seasonal Gift,Fruit Cake,Free Add-on,10,18802,0,0,0,Weekday,6,5487,2420,498,955,162,139239.0,50.36,32177.78,37942.94,1.179,0
CMP-00429,Neighborhood,Northeast,Graduation,Office Celebration,Fruit Cake,Limited Edition,20,65443,1,0,0,Weekday,13,4773,12466,399,966,662,532057.34,45.54,141973.96,100302.04,0.706,0
CMP-00430,Neighborhood,Central,Normal,Seasonal Gift,Vanilla,Creator Collaboration,20,51557,1,1,1,Weekend,14,5974,11067,318,687,535,355783.56,45.78,137057.7,25807.62,0.188,0
CMP-00431,CBD / Office,Bangkok,Back to School,Office Celebration,Strawberry,Free Add-on,20,58020,1,1,0,Weekday,10,9100,11613,592,899,791,620087.05,43.53,123104.81,146839.66,1.193,0
CMP-00432,CBD / Office,North,Normal,Birthday,Chocolate,Creator Collaboration,5,31183,0,0,0,Weekend,7,9029,7430,438,851,285,230408.25,55.96,48368.47,80562.79,1.666,1
CMP-00433,Transit,North,Graduation,Family Celebration,Strawberry,Free Add-on,5,28646,0,1,1,Weekday,12,9003,5173,346,955,530,581819.43,50.25,67863.52,224516.06,3.308,1
CMP-00434,Hospital,Northeast,Christmas,Seasonal Gift,Vanilla,Discount,10,29239,1,1,1,Weekend,9,5414,4950,204,782,238,202680.32,52.29,83777.77,22194.03,0.265,0
CMP-00435,Mall,Northeast,Back to School,Couple Gift,Cheesecake,Limited Edition,20,16771,0,0,0,Weekend,10,9093,2961,636,907,310,233933.44,42.25,40959.52,57885.5,1.413,0
CMP-00436,Transit,Central,Valentine,Seasonal Gift,Chocolate,Creator Collaboration,10,62007,0,0,0,Weekday,12,6965,12584,289,818,445,327609.0,55.97,111554.29,71814.86,0.644,0
CMP-00437,Neighborhood,Central,Back to School,Friend Group,Vanilla,Creator Collaboration,20,44545,0,1,0,Weekend,5,6066,9781,470,786,291,199449.07,53.76,57599.04,49628.34,0.862,0
CMP-00438,Mall,Bangkok,New Year,Seasonal Gift,Vanilla,Limited Edition,10,5000,0,0,0,Weekend,4,11864,1653,635,806,205,154655.28,49.98,13351.17,63951.78,4.79,0
CMP-00439,Transit,Bangkok,Christmas,Office Celebration,Red Velvet,Personalized Box,10,32864,0,1,1,Weekend,13,7239,6037,212,1026,394,440221.72,56.67,76681.85,172788.45,2.253,1
CMP-00440,University Area,Central,Christmas,Couple Gift,Fruit Cake,Limited Edition,15,25439,0,0,0,Weekday,9,6713,4528,455,924,323,263831.57,58.13,57604.26,95762.2,1.662,0
CMP-00441,CBD / Office,South,Normal,Birthday,Strawberry,Bundle,10,70656,1,1,0,Weekday,9,11266,10634,498,963,598,564932.39,51.91,137878.55,155358.75,1.127,0
CMP-00442,Mall,North,Normal,Seasonal Gift,Fruit Cake,Bundle,25,30767,0,0,1,Weekday,11,11607,3900,761,1024,344,295895.04,43.95,69125.08,60919.69,0.881,0
CMP-00443,Neighborhood,Bangkok,Valentine,Birthday,Strawberry,Social Challenge,10,31067,0,0,1,Weekday,9,6316,4697,251,940,280,265305.6,39.95,61288.46,44700.26,0.729,0
CMP-00444,Mall,South,New Year,Couple Gift,Fruit Cake,Personalized Box,15,11248,1,1,1,Weekend,13,10110,2134,547,912,466,437104.27,53.98,73819.17,162140.05,2.196,0
CMP-00445,University Area,Bangkok,Normal,Self Reward,Vanilla,Bundle,25,51925,0,0,1,Weekday,11,8743,10299,512,751,723,456097.32,53.14,83901.03,158484.41,1.889,1
CMP-00446,Neighborhood,Northeast,Normal,Friend Group,Strawberry,Bundle,10,18821,0,0,1,Weekday,14,2304,4124,326,753,250,189756.0,63.13,60566.04,59234.2,0.978,0
CMP-00447,Transit,Northeast,Normal,Couple Gift,Cheesecake,Social Challenge,0,50212,1,1,0,Weekday,12,3268,13138,305,999,511,556433.01,56.13,110267.55,202041.03,1.832,1
CMP-00448,Mall,Northeast,New Year,Couple Gift,Cheesecake,Creator Collaboration,20,98782,1,0,1,Weekend,8,8817,20738,629,871,627,489320.83,52.29,152299.72,103573.91,0.68,0
CMP-00449,CBD / Office,Central,Normal,Self Reward,Red Velvet,Personalized Box,10,53587,1,1,1,Weekday,13,9587,9365,578,1088,723,856633.54,54.36,117551.69,348112.32,2.961,1
CMP-00450,Neighborhood,Bangkok,Christmas,Self Reward,Vanilla,Limited Edition,15,65007,1,0,0,Weekend,14,5171,15203,425,760,876,588531.84,44.98,146995.98,117755.03,0.801,0
CMP-00451,University Area,Bangkok,Normal,Seasonal Gift,Strawberry,Discount,5,24483,1,1,0,Weekday,10,8818,6778,339,829,339,291007.6,57.29,99111.92,67591.93,0.682,0
CMP-00452,CBD / Office,Bangkok,Normal,Family Celebration,Chocolate,Discount,15,61666,1,0,1,Weekday,5,10984,10903,464,787,274,205287.38,49.3,113306.88,-12095.11,-0.107,0
CMP-00453,University Area,Bangkok,Normal,Seasonal Gift,Matcha,Creator Collaboration,10,56082,0,0,1,Weekend,8,9899,16110,520,832,526,441133.06,54.06,90862.85,147599.74,1.624,1
CMP-00454,Neighborhood,Central,Normal,Self Reward,Vanilla,Limited Edition,5,50639,0,1,0,Weekend,4,4851,8062,469,788,229,194332.37,53.8,61834.49,42707.08,0.691,0
CMP-00455,CBD / Office,Central,Normal,Birthday,Vanilla,Bundle,15,38914,0,0,0,Weekend,3,12054,4318,522,841,167,119379.95,42.85,45265.91,5891.94,0.13,0
CMP-00456,Transit,Northeast,Graduation,Office Celebration,Red Velvet,Free Add-on,20,19615,0,1,0,Weekday,7,6301,3956,192,925,172,138735.2,52.14,32572.88,39767.48,1.221,1
CMP-00457,Mall,South,Normal,Birthday,Red Velvet,Personalized Box,10,5000,0,0,1,Weekend,8,11208,1817,695,1000,231,232848.0,55.77,43617.6,86234.44,1.977,0
CMP-00458,Mall,North,Normal,Self Reward,Red Velvet,Discount,10,25682,0,1,1,Weekend,14,9486,4725,699,958,370,386006.94,52.62,71889.27,131228.09,1.825,0
CMP-00459,Mall,Northeast,Normal,Self Reward,Vanilla,Limited Edition,5,30338,0,1,0,Weekday,14,10549,4170,633,845,409,372188.94,53.17,74947.74,122952.44,1.641,0
CMP-00460,Mall,North,Normal,Couple Gift,Vanilla,Free Add-on,20,29296,0,0,1,Weekday,8,11611,3927,540,750,274,184128.0,45.0,60014.18,22835.66,0.381,0
CMP-00461,University Area,North,Songkran,Friend Group,Matcha,Social Challenge,5,11503,1,0,0,Weekday,9,6955,4722,449,840,303,241794.0,48.29,70274.26,46477.13,0.661,0
CMP-00462,CBD / Office,Bangkok,Christmas,Couple Gift,Fruit Cake,Personalized Box,5,40023,1,1,1,Weekday,12,9956,7347,648,982,640,722437.76,57.03,99675.16,312308.76,3.133,1
CMP-00463,CBD / Office,Bangkok,Normal,Office Celebration,Chocolate,Bundle,20,41286,0,1,1,Weekday,9,9383,6881,406,784,463,351376.26,46.12,83267.66,78791.83,0.946,0
CMP-00464,Mall,Bangkok,Graduation,Self Reward,Red Velvet,Bundle,25,11818,0,0,1,Weekend,12,14759,2766,455,1052,523,462164.64,49.68,60028.49,169555.83,2.825,0
CMP-00465,Transit,Bangkok,Back to School,Seasonal Gift,Matcha,Discount,10,18781,0,0,0,Weekday,8,8819,2224,289,805,138,99981.0,56.26,41855.99,14393.01,0.344,0
CMP-00466,University Area,Northeast,Christmas,Seasonal Gift,Vanilla,Limited Edition,20,37253,1,0,1,Weekday,6,7066,9596,530,731,422,287455.87,54.57,91015.31,65859.9,0.724,0
CMP-00467,Neighborhood,North,Songkran,Seasonal Gift,Chocolate,Creator Collaboration,25,26038,0,1,0,Weekday,4,3751,4140,388,918,162,121575.33,51.06,36858.76,25214.84,0.684,0
CMP-00468,Mall,Northeast,Christmas,Birthday,Matcha,Discount,20,30402,0,0,0,Weekday,12,9811,6497,564,943,532,401340.8,43.13,79634.66,93472.66,1.174,0
CMP-00469,CBD / Office,Central,Valentine,Seasonal Gift,Red Velvet,Free Add-on,25,49258,1,0,0,Weekday,3,9278,7743,363,977,139,101852.25,54.54,77593.99,-22043.65,-0.284,0
CMP-00470,Transit,Central,Normal,Birthday,Cheesecake,Personalized Box,5,44116,0,1,0,Weekend,6,9159,5815,340,966,286,286083.8,52.93,63711.64,87710.69,1.377,1
CMP-00471,Mall,Northeast,Back to School,Seasonal Gift,Red Velvet,Creator Collaboration,15,38698,0,0,1,Weekend,14,12016,10101,748,887,946,798825.1,56.31,82773.6,367082.64,4.435,0
CMP-00472,Neighborhood,Bangkok,Christmas,Seasonal Gift,Red Velvet,Creator Collaboration,0,45257,0,0,0,Weekend,14,5766,7076,354,979,384,375936.0,50.89,77950.29,113351.62,1.454,1
CMP-00473,Neighborhood,Central,Back to School,Seasonal Gift,Fruit Cake,Discount,10,39611,0,1,0,Weekend,13,3648,6970,481,841,381,314333.0,50.68,88941.01,70368.33,0.791,0
CMP-00474,University Area,Bangkok,Valentine,Self Reward,Fruit Cake,Social Challenge,0,60843,1,1,0,Weekend,4,6234,23038,312,994,157,170103.22,52.5,109843.1,-20536.95,-0.187,0
CMP-00475,CBD / Office,Central,Christmas,Couple Gift,Matcha,Limited Edition,30,31776,0,0,0,Weekday,14,7810,3545,674,855,422,262669.68,38.89,77002.74,25156.26,0.327,0
CMP-00476,Transit,South,Mother's Day,Couple Gift,Fruit Cake,Creator Collaboration,20,59183,0,0,1,Weekday,14,6749,11622,224,1046,465,435805.44,55.73,117077.38,125813.3,1.075,0
CMP-00477,Hospital,Bangkok,Graduation,Friend Group,Vanilla,Discount,10,57948,1,0,0,Weekday,12,6956,9372,338,704,507,321235.2,54.51,117197.23,57906.95,0.494,0
CMP-00478,Mall,Bangkok,Normal,Friend Group,Chocolate,Free Add-on,20,13557,0,1,0,Weekend,5,12867,3228,660,735,227,145488.84,48.38,25387.99,44995.87,1.772,0
CMP-00479,Hospital,Bangkok,Back to School,Couple Gift,Chocolate,Social Challenge,10,73398,1,0,0,Weekday,13,7115,22672,376,840,625,472500.0,44.55,139182.23,71331.34,0.513,0
CMP-00480,Mall,Bangkok,Christmas,Family Celebration,Red Velvet,Limited Edition,15,42954,1,0,0,Weekend,9,11751,8514,534,964,629,536018.7,54.5,98836.03,193283.62,1.956,1
CMP-00481,CBD / Office,Central,Normal,Birthday,Matcha,Bundle,10,5000,0,1,0,Weekend,11,8418,948,387,934,175,160344.45,59.45,47944.76,47372.94,0.988,0
CMP-00482,Transit,South,New Year,Birthday,Cheesecake,Personalized Box,15,8209,0,1,1,Weekday,4,7056,2181,298,906,162,150955.0,52.5,29142.41,50105.93,1.719,1
CMP-00483,CBD / Office,Bangkok,Graduation,Couple Gift,Red Velvet,Personalized Box,15,41184,0,1,0,Weekday,11,10823,8728,382,949,607,533703.84,46.96,69627.8,181002.88,2.6,1
CMP-00484,University Area,Central,Graduation,Friend Group,Matcha,Discount,10,40518,0,0,1,Weekend,12,6877,5335,390,912,561,515725.06,51.21,89917.21,174163.91,1.937,1
CMP-00485,University Area,Bangkok,Mother's Day,Seasonal Gift,Vanilla,Social Challenge,0,58257,1,0,0,Weekday,11,7802,15461,529,741,751,556491.0,52.74,140857.5,152643.78,1.084,0
CMP-00486,Neighborhood,Bangkok,Normal,Family Celebration,Vanilla,Discount,20,34995,1,1,0,Weekday,4,6262,7610,319,764,170,113255.36,46.15,73628.4,-21362.33,-0.29,0
CMP-00487,Mall,Northeast,Normal,Birthday,Cheesecake,Creator Collaboration,0,74635,1,1,0,Weekday,13,12148,15481,713,944,1063,1093784.48,57.15,144557.36,480523.08,3.324,1
CMP-00488,University Area,South,Mother's Day,Office Celebration,Vanilla,Creator Collaboration,20,68629,1,0,0,Weekend,14,5551,15823,427,771,710,437928.0,49.04,129570.48,85207.66,0.658,0
CMP-00489,Hospital,Bangkok,Graduation,Office Celebration,Red Velvet,Limited Edition,5,21673,0,1,1,Weekend,5,4682,3916,269,950,185,210105.61,58.12,50911.55,71205.96,1.399,1
CMP-00490,Neighborhood,Bangkok,Songkran,Couple Gift,Matcha,Discount,20,5811,0,1,0,Weekday,14,6606,900,355,876,161,122983.39,45.15,59041.3,-3514.53,-0.06,0
CMP-00491,CBD / Office,South,Graduation,Friend Group,Vanilla,Discount,10,5000,0,0,0,Weekend,8,10079,1783,634,782,265,186507.0,53.15,32657.85,66465.43,2.035,0
CMP-00492,Mall,Central,Normal,Seasonal Gift,Red Velvet,Social Challenge,15,50835,0,1,0,Weekend,11,11382,12018,628,914,815,690159.11,57.01,76924.98,316531.8,4.115,1
CMP-00493,University Area,Bangkok,Graduation,Birthday,Vanilla,Social Challenge,25,38270,0,1,0,Weekend,10,7655,7321,321,647,401,212097.92,49.39,74882.49,29879.17,0.399,0
CMP-00494,Neighborhood,Bangkok,Normal,Couple Gift,Cheesecake,Social Challenge,10,74596,1,0,1,Weekend,12,8836,20817,293,959,492,475602.62,49.43,149974.95,85091.76,0.567,0
CMP-00495,Transit,Northeast,Christmas,Seasonal Gift,Fruit Cake,Discount,25,29891,1,0,1,Weekend,10,6498,5990,251,779,314,205469.04,50.31,105250.07,-1885.43,-0.018,0
CMP-00496,Neighborhood,Bangkok,Normal,Self Reward,Red Velvet,Creator Collaboration,15,39895,1,1,0,Weekend,7,7137,14082,335,902,339,283303.32,49.16,92634.56,46633.28,0.503,0
CMP-00497,CBD / Office,Bangkok,Normal,Office Celebration,Matcha,Personalized Box,5,33861,0,1,0,Weekday,12,12570,5516,428,790,424,346851.08,61.32,72291.39,140410.18,1.942,0
CMP-00498,Mall,Bangkok,Christmas,Self Reward,Vanilla,Free Add-on,15,5000,0,0,0,Weekday,3,12357,1605,442,704,176,105318.4,47.59,15313.52,34809.45,2.273,1
CMP-00499,Mall,Bangkok,Mother's Day,Family Celebration,Red Velvet,Free Add-on,10,38166,1,1,0,Weekday,11,12896,5377,736,1017,646,644499.34,51.02,95903.3,232895.38,2.428,0
CMP-00500,CBD / Office,Central,Christmas,Friend Group,Cheesecake,Bundle,0,32540,0,0,0,Weekday,6,8698,6145,631,879,295,259305.0,56.51,47026.76,99501.65,2.116,0
CMP-00501,CBD / Office,North,Back to School,Office Celebration,Strawberry,Free Add-on,10,30033,0,0,0,Weekday,5,5532,6547,652,1019,269,246699.9,48.55,46670.52,73096.8,1.566,0
CMP-00502,Mall,Central,Graduation,Self Reward,Matcha,Discount,20,43558,0,0,0,Weekend,10,11911,8800,701,822,719,472814.4,48.07,81910.5,145383.07,1.775,0
CMP-00503,Mall,Bangkok,Mother's Day,Self Reward,Vanilla,Creator Collaboration,15,39601,1,0,0,Weekday,12,14562,10512,700,850,1176,849660.0,46.45,92986.66,301687.56,3.244,1
CMP-00504,Mall,Northeast,Graduation,Birthday,Red Velvet,Personalized Box,10,26943,0,1,0,Weekday,9,9672,4387,647,990,444,431208.36,56.24,47932.7,194571.21,4.059,0
CMP-00505,CBD / Office,Central,Mother's Day,Birthday,Vanilla,Personalized Box,20,33598,0,0,1,Weekday,8,8617,6273,655,710,544,346071.04,41.13,60921.82,81414.13,1.336,1
CMP-00506,Transit,Bangkok,Normal,Self Reward,Cheesecake,Bundle,25,21082,0,0,0,Weekday,6,8068,4007,360,935,189,132536.25,41.16,35537.17,19018.0,0.535,0
CMP-00507,Mall,North,Graduation,Office Celebration,Vanilla,Social Challenge,20,65866,1,1,0,Weekday,6,8985,20844,498,720,430,269971.2,57.05,124042.7,29986.47,0.242,0
CMP-00508,CBD / Office,North,Christmas,Seasonal Gift,Vanilla,Bundle,25,25846,1,0,1,Weekday,5,8226,6161,489,947,315,250576.2,50.13,90333.46,35277.61,0.391,0
CMP-00509,Transit,Bangkok,Normal,Birthday,Chocolate,Personalized Box,5,29007,0,1,0,Weekday,6,9982,5487,292,731,233,176369.47,50.63,50035.89,39261.25,0.785,0
CMP-00510,Hospital,Bangkok,Mother's Day,Self Reward,Vanilla,Bundle,5,5000,0,0,1,Weekday,8,4441,2492,218,796,194,164307.14,50.76,38485.9,44913.38,1.167,0
CMP-00511,CBD / Office,Bangkok,Valentine,Seasonal Gift,Fruit Cake,Social Challenge,15,73877,1,1,1,Weekday,13,12450,15018,565,950,896,875459.2,50.88,156492.55,288928.65,1.846,1
CMP-00512,Neighborhood,South,Songkran,Birthday,Strawberry,Free Add-on,5,17961,0,0,0,Weekday,14,6347,2267,447,860,197,160949.0,57.1,48551.48,43343.13,0.893,0
CMP-00513,University Area,Bangkok,Mother's Day,Friend Group,Vanilla,Free Add-on,5,66385,1,0,0,Weekend,5,8004,15425,317,925,227,199476.25,50.48,110013.17,-9315.11,-0.085,0
CMP-00514,Transit,Northeast,Normal,Birthday,Chocolate,Bundle,10,18593,0,0,1,Weekday,10,7726,2963,354,747,188,141559.49,53.68,66374.01,9608.52,0.145,0
CMP-00515,University Area,Central,Christmas,Seasonal Gift,Vanilla,Free Add-on,25,52072,1,1,0,Weekday,10,8874,12320,279,697,351,199998.92,57.98,114466.69,1498.54,0.013,0
CMP-00516,Transit,Bangkok,Songkran,Birthday,Matcha,Bundle,10,33269,0,1,0,Weekday,9,8592,4814,210,811,230,182985.93,49.43,66058.02,24391.11,0.369,0
CMP-00517,Transit,Central,Normal,Friend Group,Chocolate,Personalized Box,10,14757,0,0,1,Weekday,7,7493,2104,340,802,147,118837.15,58.98,41763.59,28326.22,0.678,0
CMP-00518,CBD / Office,Bangkok,Normal,Couple Gift,Matcha,Limited Edition,10,40377,0,0,0,Weekend,7,10138,5762,585,897,375,314847.0,47.77,56873.81,93537.51,1.645,0
CMP-00519,Transit,Bangkok,Valentine,Friend Group,Vanilla,Bundle,15,52391,1,1,1,Weekday,13,9863,8929,293,758,557,434238.87,50.73,142828.97,77463.84,0.542,0
CMP-00520,Neighborhood,Bangkok,New Year,Friend Group,Fruit Cake,Bundle,15,5000,0,1,1,Weekend,12,5679,1596,294,897,282,260163.19,49.16,42703.07,85197.07,1.995,1
CMP-00521,Hospital,Northeast,Normal,Couple Gift,Cheesecake,Discount,15,15915,0,1,0,Weekday,10,5696,2647,364,987,176,160944.17,56.96,53788.13,37883.26,0.704,0
CMP-00522,Transit,Central,New Year,Family Celebration,Strawberry,Free Add-on,5,72426,0,0,1,Weekday,9,5742,8844,278,890,300,284088.0,50.98,105245.9,39584.63,0.376,0
CMP-00523,Neighborhood,South,Graduation,Seasonal Gift,Cheesecake,Social Challenge,10,46367,0,0,1,Weekday,5,3093,10142,480,1055,289,307334.16,55.38,78283.04,91930.1,1.174,0
CMP-00524,Mall,Bangkok,New Year,Self Reward,Strawberry,Personalized Box,5,42643,0,1,0,Weekend,3,13996,7245,548,925,203,194441.01,57.27,50097.01,61252.22,1.223,1
CMP-00525,Mall,Bangkok,Graduation,Office Celebration,Vanilla,Social Challenge,25,36835,1,1,1,Weekday,14,13926,9939,440,874,757,600418.33,50.73,116069.86,188531.47,1.624,1
CMP-00526,University Area,Bangkok,Valentine,Office Celebration,Strawberry,Social Challenge,25,52567,1,0,0,Weekend,9,8797,18901,343,859,395,254478.75,49.68,114410.67,12014.08,0.105,0
CMP-00527,University Area,Central,Songkran,Office Celebration,Red Velvet,Personalized Box,20,31097,1,1,1,Weekend,9,3203,7347,317,816,344,271721.47,44.26,80984.46,39282.8,0.485,0
CMP-00528,CBD / Office,South,Normal,Self Reward,Strawberry,Personalized Box,10,29279,0,1,0,Weekend,14,9970,5655,364,860,458,386396.28,50.24,61144.4,132989.34,2.175,1
CMP-00529,Transit,Bangkok,Valentine,Seasonal Gift,Matcha,Personalized Box,25,22979,1,1,0,Weekend,6,10218,4907,414,963,361,284198.15,50.11,80370.29,62043.5,0.772,0
CMP-00530,Neighborhood,North,Normal,Couple Gift,Chocolate,Creator Collaboration,10,75367,1,0,0,Weekday,6,6271,15108,490,805,407,294871.5,53.96,126137.84,32969.65,0.261,0
CMP-00531,CBD / Office,Bangkok,New Year,Office Celebration,Chocolate,Discount,20,25064,0,0,0,Weekday,5,10727,3612,650,980,353,276752.0,47.51,34559.71,96917.82,2.804,0
CMP-00532,Mall,Bangkok,Normal,Self Reward,Vanilla,Creator Collaboration,20,29294,0,0,0,Weekend,13,15245,5518,737,864,627,433382.4,46.9,64516.66,138752.89,2.151,0
CMP-00533,CBD / Office,Bangkok,Mother's Day,Office Celebration,Cheesecake,Personalized Box,0,22986,0,0,0,Weekday,3,13051,3112,425,959,159,152481.0,52.27,35547.54,44161.18,1.242,1
CMP-00534,University Area,Northeast,Normal,Birthday,Chocolate,Personalized Box,10,5000,0,1,1,Weekday,13,7217,2614,476,893,280,272293.56,56.74,44724.41,109770.13,2.454,0
CMP-00535,University Area,Bangkok,Normal,Couple Gift,Red Velvet,Personalized Box,30,5000,0,1,1,Weekend,7,10076,2056,316,833,240,169332.24,44.26,33369.16,41574.86,1.246,1
CMP-00536,Mall,Bangkok,Christmas,Birthday,Strawberry,Bundle,5,31632,0,1,1,Weekend,6,11692,4940,620,1015,494,576370.8,60.05,58956.95,287137.93,4.87,1
CMP-00537,Mall,North,Normal,Self Reward,Vanilla,Personalized Box,0,33578,1,1,0,Weekend,10,12202,6681,439,765,486,405251.1,53.65,106450.47,110977.79,1.043,0
CMP-00538,Hospital,Northeast,Valentine,Couple Gift,Cheesecake,Personalized Box,10,34153,1,0,0,Weekday,8,3772,7072,363,1003,373,336707.1,45.78,83168.41,70975.56,0.853,0
CMP-00539,CBD / Office,Bangkok,Valentine,Seasonal Gift,Cheesecake,Personalized Box,15,50905,1,1,1,Weekend,10,9507,7782,595,1050,836,902817.3,58.04,122202.6,401812.63,3.288,1
CMP-00540,University Area,Bangkok,Normal,Office Celebration,Chocolate,Personalized Box,10,11347,0,1,1,Weekend,12,8974,3810,569,721,336,263816.78,53.54,65589.65,75660.55,1.154,0
CMP-00541,CBD / Office,Bangkok,Valentine,Seasonal Gift,Fruit Cake,Discount,30,5889,0,0,0,Weekday,6,11308,1773,491,905,297,188149.5,39.35,24150.86,49877.13,2.065,0
CMP-00542,Transit,North,Normal,Family Celebration,Matcha,Social Challenge,20,66663,1,0,0,Weekday,8,5490,20467,281,947,297,225007.2,49.66,133190.37,-21444.85,-0.161,0
CMP-00543,Mall,South,Normal,Seasonal Gift,Cheesecake,Limited Edition,20,20395,0,1,0,Weekday,10,11812,4350,736,938,405,344514.64,44.91,41783.41,112947.66,2.703,0
CMP-00544,Transit,Bangkok,Normal,Birthday,Vanilla,Bundle,20,64854,1,0,0,Weekend,12,10352,10257,220,676,355,191984.0,39.86,137285.31,-60754.46,-0.443,0
CMP-00545,Neighborhood,South,Mother's Day,Birthday,Cheesecake,Free Add-on,5,23588,1,0,0,Weekend,13,4577,4676,411,820,310,241490.0,53.98,84658.04,45690.19,0.54,0
CMP-00546,Transit,Bangkok,Normal,Seasonal Gift,Vanilla,Discount,10,30100,0,1,0,Weekday,6,6117,4834,202,718,164,115514.71,60.46,50240.49,19600.9,0.39,0
CMP-00547,Transit,Bangkok,Songkran,Couple Gift,Chocolate,Personalized Box,20,5000,0,0,0,Weekday,9,8632,1478,340,877,132,92611.2,52.34,34898.71,13576.69,0.389,0
CMP-00548,Neighborhood,Central,New Year,Self Reward,Red Velvet,Social Challenge,15,26766,1,0,0,Weekend,13,6126,8565,395,1008,685,586908.0,41.92,96436.02,149581.48,1.551,1
CMP-00549,Transit,Bangkok,Normal,Office Celebration,Strawberry,Creator Collaboration,15,38986,0,0,0,Weekday,14,7043,8883,382,818,554,385196.2,56.37,85300.23,131833.08,1.546,1
CMP-00550,University Area,Bangkok,Mother's Day,Friend Group,Vanilla,Personalized Box,10,41786,1,1,1,Weekday,10,7487,7705,437,850,608,562795.2,59.35,122578.65,211439.49,1.725,1
CMP-00551,Neighborhood,Northeast,Normal,Birthday,Matcha,Bundle,10,50936,0,1,0,Weekend,14,4396,6450,426,930,385,351247.05,51.08,79939.81,99478.34,1.244,0
CMP-00552,Transit,Central,New Year,Friend Group,Chocolate,Limited Edition,25,29262,0,0,0,Weekday,12,7082,6564,266,783,418,255289.32,50.76,54461.39,75126.78,1.379,1
CMP-00553,Hospital,Bangkok,Christmas,Couple Gift,Strawberry,Limited Edition,25,8504,0,1,1,Weekend,8,6259,1888,179,952,208,186887.5,40.99,55475.21,21120.73,0.381,0
CMP-00554,University Area,Central,Normal,Friend Group,Matcha,Free Add-on,10,14903,0,1,0,Weekday,7,7596,3732,277,802,176,138470.11,54.8,38054.79,37822.29,0.994,0
CMP-00555,Neighborhood,Bangkok,Back to School,Office Celebration,Matcha,Free Add-on,30,41612,0,0,0,Weekday,9,5145,7124,293,866,336,203683.2,48.71,74424.0,24791.54,0.333,0
CMP-00556,Transit,Bangkok,Normal,Friend Group,Matcha,Social Challenge,30,31700,1,0,0,Weekday,12,8924,11266,380,828,639,370364.4,49.63,119914.42,63912.45,0.533,0
CMP-00557,Transit,Bangkok,New Year,Self Reward,Matcha,Discount,15,36424,1,0,0,Weekday,6,10762,8369,413,878,368,274638.4,45.07,83374.64,40406.81,0.485,0
CMP-00558,CBD / Office,Bangkok,Normal,Office Celebration,Vanilla,Social Challenge,15,33796,0,0,0,Weekday,8,12616,7410,437,843,414,296651.7,53.08,55448.98,102008.26,1.84,1
CMP-00559,CBD / Office,Northeast,Mother's Day,Birthday,Vanilla,Bundle,15,8596,0,0,0,Weekday,11,8294,2623,593,691,317,186189.95,47.5,50257.84,38186.05,0.76,0
CMP-00560,University Area,Northeast,Normal,Birthday,Fruit Cake,Social Challenge,0,54513,1,0,0,Weekday,14,5849,12993,278,995,502,499490.0,55.13,144933.02,130458.48,0.9,0
CMP-00561,Transit,North,New Year,Birthday,Cheesecake,Social Challenge,15,66018,1,1,0,Weekday,8,5795,18121,319,933,338,292175.48,58.16,121808.3,48113.62,0.395,0
CMP-00562,Transit,Bangkok,Valentine,Friend Group,Matcha,Discount,15,58715,1,1,0,Weekend,6,8821,14120,387,836,288,223071.55,62.44,101454.1,37827.76,0.373,0
CMP-00563,Transit,Bangkok,Graduation,Birthday,Vanilla,Bundle,15,49163,0,1,0,Weekday,7,9684,10725,249,636,217,127868.12,42.06,64734.47,-10949.46,-0.169,0
CMP-00564,Hospital,Central,Christmas,Birthday,Strawberry,Bundle,20,45497,0,0,0,Weekend,13,3261,8680,335,723,524,303081.6,52.84,92444.19,67711.72,0.732,0
CMP-00565,Hospital,Northeast,Normal,Self Reward,Cheesecake,Free Add-on,15,38944,0,0,0,Weekday,9,2467,5446,324,990,214,180081.0,44.67,74593.57,5843.47,0.078,0
CMP-00566,Mall,Bangkok,Back to School,Couple Gift,Cheesecake,Free Add-on,25,28524,0,0,1,Weekend,9,11445,4320,718,890,400,299040.0,49.95,55292.23,94092.98,1.702,0
CMP-00567,CBD / Office,Northeast,Back to School,Birthday,Strawberry,Personalized Box,10,13031,0,1,0,Weekday,14,8736,2956,429,879,407,350955.69,49.99,49279.96,126147.1,2.56,0
CMP-00568,Neighborhood,Bangkok,Normal,Birthday,Red Velvet,Discount,20,34728,1,0,0,Weekday,11,5348,5285,465,919,316,232323.2,54.23,102516.62,23476.91,0.229,0
CMP-00569,Hospital,South,Back to School,Couple Gift,Strawberry,Creator Collaboration,5,48206,0,0,0,Weekend,11,4501,8665,205,799,293,222401.65,52.76,79246.05,38100.95,0.481,0
CMP-00570,Mall,Bangkok,Normal,Birthday,Red Velvet,Free Add-on,15,34789,0,0,0,Weekend,14,15943,5534,706,940,485,387515.0,46.6,77792.89,102791.91,1.321,0
CMP-00571,Transit,Northeast,Normal,Seasonal Gift,Red Velvet,Social Challenge,5,25423,0,1,1,Weekday,10,5339,6938,198,952,250,273581.0,52.3,61512.14,81582.63,1.326,1
CMP-00572,Mall,South,Back to School,Birthday,Fruit Cake,Bundle,15,48810,1,0,0,Weekend,3,9548,13297,608,912,263,203877.6,47.63,102054.81,-4956.86,-0.049,0
CMP-00573,CBD / Office,South,Normal,Couple Gift,Vanilla,Free Add-on,15,20439,0,0,0,Weekday,8,9157,2660,495,793,206,138854.3,46.12,48999.92,15040.45,0.307,0
CMP-00574,Transit,Bangkok,Normal,Friend Group,Cheesecake,Bundle,25,9631,0,0,0,Weekday,4,10653,2173,331,914,151,103510.5,38.57,18833.6,21092.76,1.12,0
CMP-00575,Neighborhood,Bangkok,Back to School,Seasonal Gift,Vanilla,Social Challenge,5,60045,1,0,0,Weekday,8,5747,20626,377,861,414,338631.3,43.57,108486.31,39048.46,0.36,0
CMP-00576,Transit,North,Mother's Day,Birthday,Matcha,Social Challenge,0,51464,0,0,1,Weekend,12,8896,11071,244,908,355,361020.8,53.92,109285.49,85393.85,0.781,0
CMP-00577,Mall,Bangkok,Normal,Birthday,Strawberry,Discount,25,30771,1,0,0,Weekday,12,13588,6400,674,944,497,351876.0,47.99,100694.41,68181.27,0.677,0
CMP-00578,University Area,Bangkok,Graduation,Birthday,Fruit Cake,Bundle,15,38826,0,0,0,Weekend,4,7980,7242,460,895,250,190187.5,53.88,51972.4,50495.43,0.972,0
CMP-00579,CBD / Office,Bangkok,New Year,Birthday,Fruit Cake,Free Add-on,25,71528,1,1,1,Weekend,10,9743,15125,390,904,576,472538.88,48.36,142624.99,85879.01,0.602,0
CMP-00580,Neighborhood,Bangkok,Normal,Family Celebration,Chocolate,Social Challenge,10,44911,0,0,0,Weekday,6,5896,11544,360,712,298,190958.4,50.45,69889.86,26454.41,0.379,0
CMP-00581,CBD / Office,Bangkok,Normal,Couple Gift,Red Velvet,Discount,0,46110,1,1,0,Weekend,5,9555,7441,463,935,292,297591.8,54.99,97634.66,66005.21,0.676,0
CMP-00582,Mall,Bangkok,Graduation,Office Celebration,Matcha,Creator Collaboration,15,40204,0,0,0,Weekend,11,12498,9127,705,956,758,615950.8,47.25,63807.28,227215.84,3.561,0
CMP-00583,Neighborhood,South,New Year,Seasonal Gift,Fruit Cake,Discount,15,18953,0,0,1,Weekend,5,4217,2810,474,915,181,157665.48,52.34,44919.75,37601.61,0.837,0
CMP-00584,CBD / Office,Northeast,Christmas,Seasonal Gift,Cheesecake,Limited Edition,15,20648,0,1,1,Weekday,10,7933,3812,677,923,492,485740.64,60.63,54454.55,240055.97,4.408,0
CMP-00585,Mall,Central,Graduation,Office Celebration,Fruit Cake,Limited Edition,20,41463,1,0,0,Weekday,4,11638,9502,529,998,253,210075.01,48.9,79245.15,23479.35,0.296,0
CMP-00586,Mall,Northeast,Graduation,Couple Gift,Red Velvet,Personalized Box,15,65048,1,1,1,Weekend,14,11430,16236,708,1012,1326,1380156.49,50.84,135089.77,566599.74,4.194,1
CMP-00587,Mall,North,Songkran,Birthday,Vanilla,Social Challenge,5,46550,0,0,0,Weekday,11,9617,9877,694,700,526,349790.0,46.99,91127.31,73252.01,0.804,0
CMP-00588,CBD / Office,Central,Back to School,Seasonal Gift,Fruit Cake,Personalized Box,10,24568,0,0,0,Weekday,5,10078,4610,448,978,275,242055.0,52.09,42070.27,84017.21,1.997,1
CMP-00589,CBD / Office,Northeast,Normal,Couple Gift,Matcha,Limited Edition,0,21944,0,0,0,Weekend,5,8974,3671,620,876,184,167631.36,59.91,32359.54,68076.52,2.104,0
CMP-00590,Neighborhood,Bangkok,Mother's Day,Office Celebration,Vanilla,Bundle,20,22470,0,1,1,Weekday,3,8489,3689,467,706,179,122330.03,52.71,45697.65,18782.16,0.411,0
CMP-00591,Neighborhood,Northeast,Christmas,Birthday,Chocolate,Limited Edition,10,14514,0,0,1,Weekend,8,6325,2645,405,754,225,177847.49,56.58,45839.79,54784.92,1.195,0
CMP-00592,Mall,Central,New Year,Seasonal Gift,Cheesecake,Social Challenge,15,49427,0,1,1,Weekend,6,13023,7789,659,935,500,480823.75,49.92,84505.58,155530.53,1.84,1
CMP-00593,CBD / Office,North,Back to School,Office Celebration,Red Velvet,Bundle,0,49350,0,1,1,Weekend,4,9442,11065,610,933,317,357870.81,62.41,68956.73,154400.84,2.239,1
CMP-00594,Hospital,Bangkok,Normal,Seasonal Gift,Strawberry,Creator Collaboration,20,60278,1,0,0,Weekend,7,5156,16324,189,838,174,116649.6,42.39,104466.81,-55018.63,-0.527,0
CMP-00595,Transit,Central,New Year,Family Celebration,Red Velvet,Personalized Box,5,34367,0,1,0,Weekday,7,7283,6364,305,919,279,265503.24,53.2,60616.74,80622.72,1.33,1
CMP-00596,Hospital,North,Graduation,Birthday,Strawberry,Creator Collaboration,5,68939,1,0,0,Weekday,11,3094,23157,354,870,546,451269.0,57.82,139755.7,121170.08,0.867,0
CMP-00597,Transit,Bangkok,Songkran,Couple Gift,Fruit Cake,Free Add-on,20,52049,0,0,0,Weekday,10,6907,6313,386,959,370,283864.0,49.35,77338.96,62744.96,0.811,0
CMP-00598,CBD / Office,Bangkok,Normal,Office Celebration,Matcha,Free Add-on,10,11687,0,0,0,Weekday,8,10393,3092,408,861,232,179776.8,41.93,38948.42,36440.64,0.936,0
CMP-00599,Transit,Bangkok,Graduation,Couple Gift,Cheesecake,Limited Edition,15,29715,1,1,0,Weekend,10,9151,8236,388,957,563,519157.46,54.1,90004.37,190880.04,2.121,1
CMP-00600,Hospital,Northeast,Graduation,Family Celebration,Red Velvet,Discount,20,23677,0,0,1,Weekend,13,5091,5482,310,994,474,422155.78,45.25,78279.27,112746.95,1.44,1
CMP-00601,Neighborhood,Central,New Year,Self Reward,Cheesecake,Personalized Box,15,30735,0,0,1,Weekday,4,4761,6611,474,966,279,256577.33,52.86,54091.75,81543.0,1.507,1
CMP-00602,Transit,Bangkok,New Year,Family Celebration,Chocolate,Personalized Box,15,29654,1,1,0,Weekend,8,9238,4078,268,731,269,182186.03,49.96,81018.9,9999.56,0.123,0
CMP-00603,Neighborhood,Northeast,Normal,Self Reward,Vanilla,Discount,0,17668,0,0,0,Weekend,8,4649,4696,429,796,158,125768.0,52.24,38048.57,27658.79,0.727,0
CMP-00604,Mall,South,Christmas,Seasonal Gift,Vanilla,Free Add-on,10,25127,0,0,1,Weekend,10,7741,3692,707,658,350,232142.4,56.53,69987.81,61236.16,0.875,0
CMP-00605,University Area,Bangkok,Normal,Birthday,Red Velvet,Bundle,20,19012,0,0,0,Weekday,5,6547,3251,522,936,132,98841.6,45.61,29816.58,15262.32,0.512,0
CMP-00606,Mall,Bangkok,Mother's Day,Office Celebration,Matcha,Bundle,15,25049,0,1,0,Weekend,5,13232,3757,554,879,340,276893.79,51.88,40062.52,103602.01,2.586,1
CMP-00607,CBD / Office,Bangkok,New Year,Seasonal Gift,Chocolate,Limited Edition,25,34663,0,0,1,Weekend,12,9835,5307,652,751,617,404797.41,49.15,80213.42,118724.32,1.48,0
CMP-00608,Hospital,Bangkok,Christmas,Seasonal Gift,Vanilla,Personalized Box,20,33481,1,1,1,Weekday,4,5239,6503,206,781,104,78624.83,46.88,79076.35,-42217.06,-0.534,0
CMP-00609,University Area,Bangkok,New Year,Office Celebration,Fruit Cake,Free Add-on,5,28554,0,0,1,Weekend,14,7664,5024,309,903,532,511141.34,56.25,72195.64,215333.99,2.983,1
CMP-00610,Mall,Bangkok,New Year,Office Celebration,Vanilla,Bundle,10,7547,0,0,1,Weekend,5,11484,2185,529,684,252,173746.94,47.45,32720.4,49722.61,1.52,1
CMP-00611,CBD / Office,Bangkok,Normal,Friend Group,Cheesecake,Creator Collaboration,20,31708,1,0,1,Weekend,6,10454,12080,364,911,321,262018.18,48.38,86582.9,40189.06,0.464,0
CMP-00612,Mall,Central,Christmas,Couple Gift,Matcha,Discount,0,40720,0,0,0,Weekday,4,11582,7219,742,840,284,238560.0,56.89,51059.77,84649.23,1.658,1
CMP-00613,CBD / Office,South,Normal,Couple Gift,Strawberry,Free Add-on,10,5000,0,0,1,Weekday,13,10610,1895,545,925,220,205128.0,59.38,67062.18,54746.47,0.816,0
CMP-00614,CBD / Office,Bangkok,Normal,Office Celebration,Cheesecake,Bundle,10,65924,1,1,1,Weekend,9,14323,10414,662,829,798,720419.24,55.23,125104.79,272776.57,2.18,1
CMP-00615,CBD / Office,South,New Year,Birthday,Chocolate,Discount,20,44434,0,0,1,Weekend,12,7280,8300,482,801,740,531095.04,47.48,101291.2,150897.98,1.49,1
CMP-00616,CBD / Office,North,Christmas,Couple Gift,Chocolate,Personalized Box,20,16713,0,1,1,Weekend,5,9069,3848,575,816,356,281200.13,48.44,47669.27,88547.69,1.858,1
CMP-00617,Neighborhood,Bangkok,New Year,Friend Group,Chocolate,Personalized Box,10,29367,0,1,1,Weekday,6,7764,4349,326,846,270,248749.38,59.6,52794.16,95450.5,1.808,1
CMP-00618,Neighborhood,South,Valentine,Birthday,Fruit Cake,Social Challenge,25,39474,0,1,0,Weekend,5,6906,7835,453,920,309,232398.9,52.27,56086.62,65377.44,1.166,0
CMP-00619,Neighborhood,Northeast,Graduation,Family Celebration,Strawberry,Bundle,5,45199,0,0,1,Weekend,14,3215,6499,445,819,596,519363.94,46.82,106975.4,136169.41,1.273,1
CMP-00620,CBD / Office,Central,Mother's Day,Seasonal Gift,Cheesecake,Limited Edition,10,74782,1,0,1,Weekend,9,10902,12445,648,937,857,841810.39,52.97,147847.0,298031.61,2.016,1
CMP-00621,University Area,Bangkok,Songkran,Couple Gift,Red Velvet,Creator Collaboration,20,49844,1,0,0,Weekday,3,7979,16442,303,963,107,82432.8,46.32,95256.67,-57075.37,-0.599,0
CMP-00622,Mall,North,Normal,Office Celebration,Red Velvet,Creator Collaboration,15,54179,1,0,1,Weekday,8,12829,11948,654,996,679,643822.37,50.04,117326.08,204850.52,1.746,1
CMP-00623,Neighborhood,Central,New Year,Family Celebration,Strawberry,Personalized Box,5,17238,0,0,0,Weekday,10,5080,2879,259,923,239,209567.15,52.55,39302.43,70829.41,1.802,1
CMP-00624,Hospital,Northeast,Normal,Seasonal Gift,Chocolate,Limited Edition,20,18488,0,0,0,Weekday,10,3145,3042,213,904,159,119588.35,47.14,40539.72,15829.35,0.39,0
CMP-00625,Hospital,Bangkok,New Year,Self Reward,Matcha,Limited Edition,0,46807,0,1,0,Weekday,10,4190,7669,352,889,510,513962.9,56.89,67599.31,224814.67,3.326,1
CMP-00626,University Area,Bangkok,Christmas,Self Reward,Cheesecake,Creator Collaboration,30,37365,1,1,0,Weekday,4,10754,12313,488,864,229,150964.13,58.21,90449.37,-2568.16,-0.028,0
CMP-00627,CBD / Office,North,Back to School,Couple Gift,Fruit Cake,Bundle,5,38843,0,0,0,Weekday,8,6764,8205,470,865,406,333630.5,56.1,60068.75,127084.21,2.116,1
CMP-00628,Hospital,Central,Graduation,Office Celebration,Red Velvet,Social Challenge,0,47404,0,1,0,Weekday,6,4535,14032,261,1017,183,202860.99,63.39,64798.7,63787.24,0.984,0
CMP-00629,Mall,South,Songkran,Couple Gift,Strawberry,Free Add-on,15,24796,1,0,1,Weekday,3,9788,5589,541,902,192,164871.17,54.75,68081.22,22185.67,0.326,0
CMP-00630,Neighborhood,Bangkok,Back to School,Seasonal Gift,Matcha,Social Challenge,0,73486,1,1,0,Weekend,12,5388,20620,445,930,679,688302.3,56.42,138835.24,249510.09,1.797,1
CMP-00631,Neighborhood,Northeast,New Year,Self Reward,Chocolate,Personalized Box,25,30806,0,1,0,Weekday,12,5717,4798,280,776,426,270245.88,54.89,79551.86,68790.38,0.865,0
CMP-00632,CBD / Office,Northeast,Valentine,Office Celebration,Fruit Cake,Bundle,0,47503,0,0,1,Weekend,13,8112,5261,642,971,661,718850.72,62.48,113573.93,335586.61,2.955,1
CMP-00633,University Area,South,Mother's Day,Seasonal Gift,Matcha,Bundle,10,43489,0,0,0,Weekday,3,10059,6825,565,856,208,160243.2,53.8,52423.13,33789.96,0.645,0
CMP-00634,CBD / Office,Northeast,Back to School,Office Celebration,Matcha,Free Add-on,5,30243,0,0,0,Weekday,3,8545,4675,562,903,145,124388.25,53.13,40113.46,25976.16,0.648,0
CMP-00635,Hospital,North,Valentine,Family Celebration,Vanilla,Bundle,0,32966,0,1,1,Weekday,10,4318,3863,354,688,357,297195.36,52.52,81007.66,75081.92,0.927,0
CMP-00636,Mall,Central,Normal,Couple Gift,Strawberry,Discount,20,36253,0,1,0,Weekend,13,13880,4614,544,840,454,332545.92,48.45,76388.59,84739.19,1.109,0
CMP-00637,Neighborhood,Northeast,Normal,Self Reward,Fruit Cake,Free Add-on,20,25065,1,1,1,Weekday,3,6182,4058,307,887,135,115913.16,57.46,83013.53,-16413.86,-0.198,0
CMP-00638,CBD / Office,Bangkok,Normal,Self Reward,Chocolate,Creator Collaboration,10,45656,0,0,0,Weekend,14,10930,12464,500,922,979,812374.2,46.14,103217.52,271640.02,2.632,1
CMP-00639,Hospital,South,Mother's Day,Birthday,Red Velvet,Bundle,5,10022,0,1,0,Weekend,14,2623,1762,321,1046,163,176550.68,56.06,61180.17,37796.99,0.618,0
CMP-00640,Neighborhood,South,New Year,Office Celebration,Strawberry,Creator Collaboration,20,53933,0,0,0,Weekend,14,3577,12250,444,834,812,541766.4,49.7,101603.99,167668.39,1.65,1
CMP-00641,Mall,Bangkok,Normal,Office Celebration,Chocolate,Creator Collaboration,20,41977,0,0,0,Weekend,5,14140,7393,540,773,349,215821.6,51.03,62643.66,47484.74,0.758,0
CMP-00642,Neighborhood,Bangkok,Valentine,Family Celebration,Cheesecake,Limited Edition,20,15635,0,0,0,Weekday,6,5708,3207,504,921,247,189269.18,48.47,35317.98,56425.84,1.598,0
CMP-00643,University Area,Bangkok,Valentine,Self Reward,Red Velvet,Free Add-on,10,38331,1,0,0,Weekend,3,8966,6460,315,1086,113,110446.2,45.88,68724.38,-18053.12,-0.263,0
CMP-00644,Mall,Bangkok,Graduation,Office Celebration,Red Velvet,Discount,25,10215,0,0,1,Weekday,12,12587,2645,432,935,496,389558.4,49.39,71600.61,120814.15,1.687,0
CMP-00645,Transit,North,Normal,Birthday,Fruit Cake,Free Add-on,15,26203,1,1,1,Weekend,14,7673,6371,371,1027,467,493277.86,48.72,92487.69,147828.4,1.598,1
CMP-00646,Neighborhood,Bangkok,New Year,Self Reward,Red Velvet,Limited Edition,10,31409,0,1,0,Weekend,9,7786,5552,384,1019,461,479266.92,55.79,56972.36,210404.66,3.693,1
CMP-00647,University Area,South,Normal,Friend Group,Fruit Cake,Creator Collaboration,5,70992,1,0,1,Weekend,4,7773,25106,295,932,158,156680.38,58.17,121468.61,-30324.08,-0.25,0
CMP-00648,Transit,Central,Normal,Birthday,Vanilla,Free Add-on,0,20636,0,0,1,Weekday,4,9080,3298,410,882,131,129407.04,46.77,37713.02,22805.51,0.605,0
CMP-00649,Mall,South,Mother's Day,Birthday,Chocolate,Limited Edition,10,26486,0,0,0,Weekend,14,10818,4170,711,865,678,548935.92,51.0,58076.88,221866.07,3.82,0
CMP-00650,Neighborhood,Bangkok,Christmas,Self Reward,Matcha,Bundle,30,21850,0,0,0,Weekday,9,2916,4077,439,850,279,166005.0,38.05,50652.68,12514.03,0.247,0
CMP-00651,Mall,Bangkok,Normal,Self Reward,Cheesecake,Bundle,20,38349,0,1,0,Weekend,14,14988,6973,468,889,742,575204.34,48.09,80110.54,196524.05,2.453,1
CMP-00652,University Area,North,Valentine,Friend Group,Matcha,Bundle,25,43567,1,1,0,Weekday,7,6165,8742,271,858,260,182367.9,48.01,97363.27,-9806.62,-0.101,0
CMP-00653,Mall,Bangkok,Back to School,Couple Gift,Strawberry,Creator Collaboration,15,22299,1,1,0,Weekday,13,13131,5542,464,884,674,552023.52,53.23,96123.97,197695.56,2.057,1
CMP-00654,Neighborhood,Bangkok,Normal,Birthday,Strawberry,Free Add-on,5,12094,0,0,0,Weekday,12,7572,3184,417,1002,204,194187.6,50.83,37285.34,61417.18,1.647,0
CMP-00655,Mall,North,Normal,Friend Group,Matcha,Personalized Box,20,37404,0,0,1,Weekday,13,9474,7217,628,992,595,528855.04,49.36,77965.77,183067.33,2.348,0
CMP-00656,Mall,North,New Year,Self Reward,Fruit Cake,Bundle,10,45241,0,1,1,Weekday,13,12181,7126,641,793,878,758220.61,49.05,96993.75,274897.93,2.834,1
CMP-00657,CBD / Office,Northeast,Christmas,Friend Group,Red Velvet,Creator Collaboration,30,35172,0,0,0,Weekend,5,9682,8091,480,993,300,208530.0,40.31,45742.54,38309.33,0.837,0
CMP-00658,Neighborhood,Northeast,Normal,Self Reward,Vanilla,Social Challenge,10,18509,1,1,0,Weekday,9,5176,7044,318,847,372,309097.4,58.42,59585.58,121001.12,2.031,1
CMP-00659,Mall,Central,Normal,Seasonal Gift,Matcha,Free Add-on,5,30123,0,0,0,Weekday,13,10121,4184,545,815,370,286472.5,57.27,77231.54,86818.41,1.124,0
CMP-00660,Hospital,Bangkok,Normal,Birthday,Red Velvet,Social Challenge,20,62457,1,1,0,Weekday,6,5369,16111,179,1002,156,136304.06,51.8,93748.93,-23148.74,-0.247,0
CMP-00661,Mall,Northeast,Christmas,Friend Group,Chocolate,Discount,0,30476,0,0,0,Weekend,12,9436,4961,722,891,395,351945.0,57.65,55766.37,147119.38,2.638,0
CMP-00662,Neighborhood,Bangkok,Back to School,Office Celebration,Vanilla,Bundle,10,5000,0,1,0,Weekend,3,6053,1161,317,722,94,66578.51,51.81,14301.12,20191.87,1.412,1
CMP-00663,Mall,Bangkok,Normal,Friend Group,Chocolate,Personalized Box,10,15798,0,0,1,Weekday,4,16817,2584,504,888,241,215720.06,63.12,41714.52,94439.07,2.264,1
CMP-00664,Mall,Northeast,Valentine,Family Celebration,Vanilla,Creator Collaboration,0,74285,0,1,0,Weekday,10,9539,17846,470,831,626,567024.54,45.74,101560.58,157799.86,1.554,1
CMP-00665,CBD / Office,Bangkok,Songkran,Family Celebration,Strawberry,Personalized Box,20,16364,0,1,1,Weekday,10,11276,2644,591,826,363,290243.18,49.74,49328.54,95040.48,1.927,0
CMP-00666,CBD / Office,Bangkok,Normal,Seasonal Gift,Red Velvet,Free Add-on,5,23499,0,0,0,Weekday,10,10374,3494,395,987,242,226911.3,54.6,46140.62,77746.35,1.685,0
CMP-00667,Hospital,Bangkok,Graduation,Couple Gift,Cheesecake,Discount,30,41173,0,0,0,Weekday,8,4930,6844,300,980,323,221578.0,45.67,62149.6,39036.42,0.628,0
CMP-00668,Neighborhood,Central,Normal,Couple Gift,Red Velvet,Creator Collaboration,25,50821,0,1,1,Weekend,8,5611,12415,269,1034,285,267431.17,50.59,84732.3,50562.62,0.597,0
CMP-00669,Mall,Central,Christmas,Office Celebration,Chocolate,Discount,15,36839,0,1,0,Weekday,4,12485,4881,506,896,268,222478.59,55.11,46058.55,76557.84,1.662,1
CMP-00670,Mall,South,Mother's Day,Office Celebration,Chocolate,Free Add-on,25,15907,0,0,0,Weekday,10,11719,2467,552,823,421,259862.25,42.55,49541.76,61035.62,1.232,0
CMP-00671,Transit,Bangkok,Christmas,Office Celebration,Fruit Cake,Free Add-on,10,26764,0,0,0,Weekday,8,9511,3157,251,887,255,203566.5,53.57,56433.84,52619.26,0.932,0
CMP-00672,Mall,Northeast,Normal,Self Reward,Matcha,Bundle,0,29068,1,0,1,Weekend,12,9862,6840,524,951,484,515518.08,50.19,102236.59,156508.07,1.531,0
CMP-00673,Mall,Central,Normal,Family Celebration,Red Velvet,Creator Collaboration,25,63574,1,0,1,Weekend,6,14428,19473,750,1053,528,467026.56,48.41,125735.39,100370.86,0.798,0
CMP-00674,Neighborhood,South,Graduation,Office Celebration,Matcha,Bundle,15,28236,0,0,1,Weekday,8,3380,6542,479,1031,405,397512.36,59.89,60535.39,177541.88,2.933,1
CMP-00675,Mall,Bangkok,Graduation,Birthday,Cheesecake,Personalized Box,15,43735,0,1,0,Weekend,10,12305,6699,446,984,638,581649.29,60.39,76911.78,274351.68,3.567,1
CMP-00676,Mall,Central,New Year,Birthday,Vanilla,Free Add-on,10,25462,0,0,0,Weekend,13,11464,4562,551,901,511,414369.9,50.37,55255.07,153446.22,2.777,0
CMP-00677,Mall,Central,Graduation,Couple Gift,Chocolate,Creator Collaboration,20,53835,1,1,0,Weekday,8,10306,17069,431,818,507,361641.07,51.42,106334.49,79630.17,0.749,0
CMP-00678,Transit,Bangkok,Normal,Seasonal Gift,Vanilla,Social Challenge,25,61977,1,0,0,Weekend,14,8757,12194,265,792,502,298188.0,45.13,125391.37,9173.91,0.073,0
CMP-00679,Neighborhood,Bangkok,New Year,Couple Gift,Fruit Cake,Discount,20,15443,0,0,1,Weekday,4,4251,2358,310,949,117,99485.57,52.47,45847.09,6350.77,0.139,0
CMP-00680,CBD / Office,Bangkok,Back to School,Self Reward,Chocolate,Discount,25,32220,0,1,0,Weekday,12,12759,5682,365,750,556,340897.5,50.19,64229.09,106875.52,1.664,1
CMP-00681,University Area,South,Valentine,Seasonal Gift,Red Velvet,Discount,20,38409,1,0,0,Weekday,6,8646,10050,497,1017,441,358797.6,42.23,92380.34,59128.85,0.64,0
CMP-00682,Neighborhood,Central,Graduation,Couple Gift,Matcha,Personalized Box,10,49731,0,1,1,Weekend,3,5809,7897,408,982,158,168964.88,58.37,71758.2,26861.89,0.374,0
CMP-00683,Mall,Bangkok,Back to School,Couple Gift,Cheesecake,Discount,5,51915,0,1,0,Weekday,5,15017,7757,461,1042,296,319381.34,55.27,67500.49,109009.1,1.615,1
CMP-00684,University Area,Central,New Year,Birthday,Cheesecake,Bundle,20,35797,0,1,1,Weekday,8,9517,5551,481,984,538,512451.46,53.19,63162.51,209421.94,3.316,1
CMP-00685,Neighborhood,Bangkok,Back to School,Family Celebration,Chocolate,Limited Edition,15,29926,0,1,1,Weekend,4,6405,4499,405,838,233,208851.49,49.35,58800.6,44268.63,0.753,0
CMP-00686,Hospital,Northeast,Graduation,Seasonal Gift,Fruit Cake,Free Add-on,10,5000,0,1,0,Weekday,5,3542,1953,249,858,113,95111.87,52.49,22942.69,26977.63,1.176,0
CMP-00687,Mall,North,Graduation,Family Celebration,Strawberry,Discount,15,65335,1,0,0,Weekday,3,11216,15606,692,777,273,180302.85,54.2,99340.62,-1623.08,-0.016,0
CMP-00688,Neighborhood,Bangkok,Normal,Couple Gift,Cheesecake,Limited Edition,0,14400,0,0,0,Weekday,11,6338,2735,278,991,169,174178.16,51.27,38792.54,50512.81,1.302,0
CMP-00689,Transit,Bangkok,Graduation,Seasonal Gift,Cheesecake,Personalized Box,5,45104,1,0,1,Weekend,5,8575,9537,246,966,181,186036.14,48.34,111753.56,-21827.56,-0.195,0
CMP-00690,Mall,South,Graduation,Friend Group,Fruit Cake,Limited Edition,10,34921,0,1,0,Weekday,11,10508,4932,753,920,470,441151.78,51.1,76615.69,148818.09,1.942,0
CMP-00691,Transit,Central,Normal,Friend Group,Red Velvet,Bundle,15,49610,1,1,0,Weekday,7,8174,9289,214,1009,216,201925.12,63.68,84679.73,43900.0,0.518,0
CMP-00692,Hospital,Bangkok,Christmas,Birthday,Chocolate,Creator Collaboration,15,85507,1,0,0,Weekday,10,5875,25750,341,774,415,273028.5,46.39,156488.53,-29819.39,-0.191,0
CMP-00693,University Area,Central,Valentine,Office Celebration,Red Velvet,Social Challenge,25,48497,1,0,0,Weekday,3,9477,16320,504,864,211,136728.0,39.77,95837.13,-41463.12,-0.433,0
CMP-00694,Transit,Bangkok,Normal,Couple Gift,Matcha,Limited Edition,15,49812,0,1,1,Weekday,3,8593,6256,403,950,152,154456.02,56.83,65749.4,22034.23,0.335,0
CMP-00695,University Area,Bangkok,Normal,Office Celebration,Cheesecake,Creator Collaboration,10,45977,1,1,0,Weekend,11,7526,17774,265,848,350,291160.8,52.81,115273.72,38497.79,0.334,0
CMP-00696,Neighborhood,Central,Normal,Office Celebration,Strawberry,Bundle,30,11362,0,0,0,Weekday,12,1722,2980,431,865,178,107779.0,34.0,40221.37,-3576.51,-0.089,0
CMP-00697,Transit,North,New Year,Friend Group,Matcha,Bundle,10,41543,0,0,1,Weekday,3,5123,7587,289,777,104,81454.46,56.8,60661.07,-14392.25,-0.237,0
CMP-00698,Neighborhood,Bangkok,Songkran,Family Celebration,Chocolate,Limited Edition,15,17188,0,0,0,Weekend,7,6124,3219,427,755,196,130814.32,56.68,32964.1,41186.4,1.249,0
CMP-00699,Hospital,South,Normal,Self Reward,Strawberry,Personalized Box,5,42535,1,0,1,Weekend,7,7101,7127,259,909,248,239859.65,54.74,120331.34,10975.37,0.091,0
CMP-00700,Neighborhood,Bangkok,Normal,Birthday,Red Velvet,Social Challenge,15,92585,1,0,0,Weekend,4,5904,18975,245,1008,120,102816.0,50.78,139858.02,-87647.51,-0.627,0
CMP-00701,Mall,North,Graduation,Birthday,Chocolate,Personalized Box,10,11384,1,0,1,Weekend,9,9812,3372,666,817,399,328590.86,50.66,76479.23,89969.93,1.176,0
CMP-00702,CBD / Office,North,Christmas,Family Celebration,Vanilla,Social Challenge,0,42285,1,0,0,Weekday,14,7952,10754,670,695,636,442020.0,56.81,95235.3,155863.42,1.637,0
CMP-00703,University Area,North,Back to School,Couple Gift,Red Velvet,Discount,5,44015,0,1,0,Weekday,13,4968,9098,490,965,644,643521.83,56.3,71655.47,290679.12,4.057,1
CMP-00704,Mall,Bangkok,Valentine,Seasonal Gift,Red Velvet,Bundle,15,21481,0,0,1,Weekend,9,12206,4112,709,954,606,550374.05,49.89,56988.3,217615.97,3.819,0
CMP-00705,CBD / Office,Bangkok,Normal,Birthday,Fruit Cake,Social Challenge,25,50121,1,0,0,Weekday,9,11716,11592,512,1040,629,490620.0,49.67,117296.1,126395.75,1.078,0
CMP-00706,Neighborhood,North,Graduation,Birthday,Red Velvet,Creator Collaboration,20,98335,1,0,0,Weekday,5,3685,26765,393,999,287,229370.4,49.98,136591.32,-21962.51,-0.161,0
CMP-00707,Neighborhood,Bangkok,New Year,Office Celebration,Vanilla,Free Add-on,15,24424,0,0,0,Weekday,13,5098,5008,322,749,384,244473.6,41.52,76935.41,24566.48,0.319,0
CMP-00708,Mall,Bangkok,Valentine,Office Celebration,Cheesecake,Creator Collaboration,25,23226,1,0,1,Weekday,6,12691,5455,734,930,584,456220.8,43.83,78787.84,121195.27,1.538,1
CMP-00709,Mall,Northeast,Normal,Family Celebration,Strawberry,Personalized Box,15,5000,0,1,1,Weekend,4,10833,1476,465,929,142,135677.66,47.61,27055.03,37545.53,1.388,0
CMP-00710,Hospital,Central,Mother's Day,Couple Gift,Vanilla,Creator Collaboration,20,58085,1,0,0,Weekday,8,3150,15543,207,783,226,141566.4,47.61,99758.1,-32355.54,-0.324,0
CMP-00711,Transit,Bangkok,Valentine,Family Celebration,Matcha,Free Add-on,10,5000,0,1,1,Weekend,9,10858,2076,292,902,319,313346.68,46.53,32788.56,113009.2,3.447,1
CMP-00712,University Area,Central,Normal,Birthday,Vanilla,Discount,25,16787,0,1,0,Weekend,11,6842,3226,282,713,233,135810.46,48.63,55092.43,10958.56,0.199,0
CMP-00713,CBD / Office,Bangkok,Valentine,Self Reward,Fruit Cake,Discount,30,9145,0,1,0,Weekday,5,11153,1939,497,937,279,199465.75,46.96,21190.45,72473.17,3.42,0
CMP-00714,Neighborhood,Bangkok,Graduation,Couple Gift,Strawberry,Discount,10,23781,0,0,0,Weekday,10,6834,3800,496,988,254,225856.8,58.55,51162.01,81083.68,1.585,0
CMP-00715,Neighborhood,Bangkok,Normal,Family Celebration,Vanilla,Bundle,10,39759,0,1,0,Weekend,11,7119,5867,451,784,386,296874.14,61.6,83352.5,99528.9,1.194,0
CMP-00716,Hospital,South,Songkran,Couple Gift,Strawberry,Free Add-on,15,5000,0,0,0,Weekend,3,5877,1708,306,873,84,62332.2,47.26,16614.43,12845.71,0.773,0
CMP-00717,Mall,North,Normal,Seasonal Gift,Chocolate,Bundle,15,26828,0,1,1,Weekend,3,7883,4793,548,911,232,217375.53,54.54,44694.29,73869.59,1.653,1
CMP-00718,University Area,Bangkok,Mother's Day,Self Reward,Red Velvet,Bundle,5,27762,0,0,0,Weekend,13,9001,4370,438,1035,464,456228.0,53.23,68027.57,174806.16,2.57,0
CMP-00719,University Area,Central,Normal,Family Celebration,Fruit Cake,Free Add-on,15,34517,0,0,0,Weekday,4,4794,6201,266,987,124,104029.8,42.66,48740.72,-4366.51,-0.09,0
CMP-00720,Mall,Central,Back to School,Family Celebration,Vanilla,Creator Collaboration,10,74676,1,0,0,Weekend,11,12457,27197,596,796,814,583149.6,50.21,132771.42,160043.46,1.205,1
CMP-00721,Transit,Bangkok,Valentine,Birthday,Strawberry,Free Add-on,15,28458,0,0,0,Weekday,4,10219,5026,217,985,127,106330.75,56.78,37882.55,22495.53,0.594,0
CMP-00722,CBD / Office,Bangkok,Valentine,Seasonal Gift,Cheesecake,Social Challenge,15,46000,1,0,0,Weekday,11,11129,10088,456,1030,635,555942.5,51.26,104233.68,180739.46,1.734,1
CMP-00723,Neighborhood,South,Normal,Family Celebration,Matcha,Bundle,25,11565,0,0,0,Weekend,6,7489,2948,423,936,187,131274.0,43.6,26448.47,30781.21,1.164,0
CMP-00724,University Area,North,New Year,Birthday,Matcha,Bundle,25,16903,0,1,1,Weekend,11,5365,3706,527,889,466,375953.65,48.55,73953.46,108564.54,1.468,0
CMP-00725,Mall,Bangkok,Valentine,Family Celebration,Strawberry,Discount,0,6383,0,1,0,Weekday,7,13364,2157,627,906,350,345639.0,55.44,33917.24,157698.72,4.65,0
CMP-00726,Transit,Bangkok,Valentine,Family Celebration,Vanilla,Creator Collaboration,5,34746,0,0,0,Weekend,11,7916,8984,266,778,402,297118.2,43.53,55289.57,74054.22,1.339,1
CMP-00727,Mall,Central,Graduation,Office Celebration,Vanilla,Creator Collaboration,15,32539,0,1,0,Weekend,12,11050,8711,676,816,1113,841454.71,54.31,67067.81,389954.24,5.814,1
CMP-00728,CBD / Office,Bangkok,Normal,Couple Gift,Cheesecake,Bundle,5,5000,0,1,1,Weekend,3,10808,1695,463,904,121,125736.91,64.06,27479.27,53071.66,1.931,1
CMP-00729,CBD / Office,South,Normal,Family Celebration,Fruit Cake,Social Challenge,10,35591,0,1,0,Weekday,14,10255,6402,401,792,575,446747.4,54.74,62221.34,182346.81,2.931,1
CMP-00730,Mall,South,Valentine,Seasonal Gift,Chocolate,Discount,20,6163,0,1,0,Weekday,13,12752,900,709,816,436,310236.67,55.73,44757.73,128137.62,2.863,0
CMP-00731,Transit,Bangkok,Songkran,Friend Group,Matcha,Personalized Box,20,45036,1,1,1,Weekend,6,10155,7400,316,774,258,193301.86,59.46,100556.43,14373.06,0.143,0
CMP-00732,University Area,Central,Normal,Friend Group,Strawberry,Bundle,30,20346,0,1,1,Weekday,11,7616,3199,557,813,279,192122.47,47.07,69094.63,21339.39,0.309,0
CMP-00733,Mall,Bangkok,Christmas,Self Reward,Strawberry,Creator Collaboration,15,75373,0,0,0,Weekday,13,16148,14912,545,912,833,645741.6,50.78,120192.12,207699.17,1.728,1
CMP-00734,Mall,South,Normal,Friend Group,Cheesecake,Limited Edition,5,37587,0,0,0,Weekend,7,11249,6304,548,902,311,277155.74,59.48,51868.57,112986.38,2.178,0
CMP-00735,Hospital,Bangkok,Graduation,Seasonal Gift,Chocolate,Limited Edition,5,15272,0,0,0,Weekday,8,4204,2974,372,862,168,143078.21,48.19,31350.14,37594.47,1.199,0
CMP-00736,CBD / Office,Bangkok,New Year,Couple Gift,Matcha,Bundle,10,47593,0,0,0,Weekend,9,9541,5713,396,804,434,314042.4,54.93,64042.63,108462.68,1.694,1
CMP-00737,CBD / Office,North,Normal,Office Celebration,Cheesecake,Free Add-on,10,21192,0,0,1,Weekday,13,8949,3692,573,1020,313,321814.08,45.48,87296.06,59064.73,0.677,0
CMP-00738,CBD / Office,Bangkok,Normal,Couple Gift,Fruit Cake,Social Challenge,10,100769,1,1,0,Weekday,4,12223,18846,370,952,184,171839.81,56.46,150796.0,-53773.87,-0.357,0
CMP-00739,Hospital,North,Normal,Self Reward,Matcha,Personalized Box,20,9323,0,1,0,Weekend,6,5905,2871,292,994,197,170753.3,49.75,23984.87,60971.07,2.542,1
CMP-00740,Neighborhood,Northeast,Songkran,Friend Group,Strawberry,Social Challenge,15,70293,0,1,0,Weekday,11,3215,14330,309,917,398,338141.0,47.01,101447.42,57525.52,0.567,0
CMP-00741,Mall,Bangkok,Normal,Couple Gift,Strawberry,Social Challenge,25,36630,1,1,0,Weekday,4,14585,10140,516,866,277,196103.54,47.41,67697.21,25275.52,0.373,0
CMP-00742,Hospital,Bangkok,New Year,Couple Gift,Chocolate,Social Challenge,10,65125,1,1,1,Weekday,10,3193,18559,254,754,376,308735.86,58.88,128772.79,53022.62,0.412,0
CMP-00743,Neighborhood,Bangkok,Normal,Self Reward,Fruit Cake,Limited Edition,20,5000,0,0,1,Weekday,4,7888,2597,407,882,139,114241.72,47.24,32548.87,21419.89,0.658,0
CMP-00744,Neighborhood,South,Mother's Day,Birthday,Vanilla,Social Challenge,0,44946,0,1,0,Weekend,10,5052,7409,519,664,481,348128.56,57.35,78974.68,120670.02,1.528,1
CMP-00745,Neighborhood,Northeast,Normal,Couple Gift,Cheesecake,Personalized Box,15,26659,0,0,1,Weekday,7,5925,4480,426,926,243,214217.14,48.06,49703.51,53256.21,1.071,0
CMP-00746,Mall,South,New Year,Friend Group,Matcha,Social Challenge,20,47468,0,1,0,Weekday,13,10986,9112,473,788,732,502983.55,46.36,84783.87,148383.0,1.75,1
CMP-00747,Neighborhood,South,Valentine,Family Celebration,Strawberry,Limited Edition,10,22274,0,0,1,Weekday,4,5216,3790,242,820,126,108312.42,55.85,50778.48,9710.77,0.191,0
CMP-00748,University Area,Central,Valentine,Couple Gift,Vanilla,Creator Collaboration,10,63551,1,1,1,Weekday,9,8010,16027,565,756,732,602643.89,50.56,150278.29,154443.62,1.028,0
CMP-00749,CBD / Office,South,Normal,Self Reward,Strawberry,Bundle,5,25590,1,1,1,Weekday,14,8639,6555,494,920,481,508676.74,61.81,102155.05,212244.95,2.078,0
CMP-00750,Hospital,Bangkok,Mother's Day,Birthday,Matcha,Discount,15,30669,0,0,0,Weekday,9,3772,4710,302,863,314,230334.7,45.29,55874.11,48446.47,0.867,0
CMP-00751,CBD / Office,Bangkok,Christmas,Birthday,Fruit Cake,Bundle,10,5000,0,0,0,Weekday,14,9032,1483,611,979,285,251113.5,58.18,53155.47,92944.41,1.749,0
CMP-00752,Mall,Bangkok,Normal,Office Celebration,Matcha,Social Challenge,15,44480,1,1,0,Weekday,9,13466,11597,688,916,617,523631.86,47.83,111002.3,139425.79,1.256,0
CMP-00753,University Area,Bangkok,New Year,Office Celebration,Fruit Cake,Creator Collaboration,20,56220,1,1,0,Weekday,14,9514,12662,276,763,545,362608.12,46.36,131401.73,36711.01,0.279,0
CMP-00754,Neighborhood,South,Normal,Family Celebration,Fruit Cake,Personalized Box,5,23264,0,1,0,Weekday,5,3652,3350,297,765,137,108525.58,55.62,36057.04,24306.7,0.674,0
CMP-00755,CBD / Office,Northeast,Mother's Day,Office Celebration,Vanilla,Bundle,25,9651,0,0,1,Weekend,9,8142,1526,576,774,271,176193.36,44.19,48953.14,28900.28,0.59,0
CMP-00756,Mall,Bangkok,Normal,Family Celebration,Chocolate,Bundle,5,45695,1,0,1,Weekday,4,12805,8426,473,749,229,182498.34,54.23,104003.6,-5038.95,-0.048,0
CMP-00757,CBD / Office,South,Graduation,Office Celebration,Red Velvet,Discount,0,26639,0,0,0,Weekday,10,6912,4269,538,1093,260,284180.0,54.05,51846.03,101746.58,1.962,0
CMP-00758,Mall,Northeast,Graduation,Friend Group,Cheesecake,Personalized Box,15,49408,1,1,1,Weekend,9,9251,11384,625,1018,712,745473.26,50.73,115408.48,262752.44,2.277,1
CMP-00759,Neighborhood,Bangkok,Normal,Self Reward,Cheesecake,Creator Collaboration,15,26210,0,1,0,Weekday,8,5318,7118,265,940,284,247338.44,55.23,50434.32,86158.68,1.708,1
CMP-00760,University Area,South,Back to School,Self Reward,Vanilla,Limited Edition,20,39776,1,1,0,Weekday,3,8602,9106,333,847,134,102929.07,56.63,82315.47,-24023.31,-0.292,0
CMP-00761,Neighborhood,Central,Normal,Self Reward,Vanilla,Discount,15,5000,0,1,1,Weekday,3,5928,900,483,709,59,43023.18,49.41,21671.33,-413.78,-0.019,0
CMP-00762,Mall,South,Normal,Self Reward,Chocolate,Discount,10,30726,0,0,0,Weekday,13,12988,6570,641,769,479,331515.9,48.34,75625.81,84638.74,1.119,0
CMP-00763,Transit,Northeast,Valentine,Birthday,Vanilla,Social Challenge,5,48494,0,0,0,Weekend,7,5092,9135,370,787,372,278125.8,49.76,73202.52,65196.89,0.891,0
CMP-00764,CBD / Office,South,Normal,Birthday,Cheesecake,Creator Collaboration,10,34783,0,0,1,Weekend,4,9347,7079,517,899,296,268232.83,53.77,55384.22,88844.49,1.604,1
CMP-00765,Transit,Bangkok,New Year,Couple Gift,Red Velvet,Free Add-on,10,50308,0,1,0,Weekend,6,7032,8752,410,1009,313,309816.48,47.2,66095.37,80124.15,1.212,1
CMP-00766,CBD / Office,Central,Normal,Family Celebration,Strawberry,Personalized Box,20,30007,0,1,0,Weekday,11,8097,4628,665,848,292,215921.15,52.52,63793.27,49608.29,0.778,0
CMP-00767,Mall,Bangkok,Normal,Birthday,Red Velvet,Personalized Box,0,31647,0,1,0,Weekday,7,14006,5488,622,1032,413,464575.44,55.37,56657.94,200561.45,3.54,1
CMP-00768,Mall,Bangkok,Normal,Office Celebration,Strawberry,Bundle,15,30381,0,0,1,Weekday,9,16250,4711,428,736,424,297084.93,52.11,68420.68,86403.76,1.263,1
CMP-00769,University Area,North,Christmas,Family Celebration,Fruit Cake,Creator Collaboration,10,62233,1,1,0,Weekend,14,5698,15063,522,880,927,800260.56,60.83,135971.23,350818.72,2.58,1
CMP-00770,University Area,Bangkok,Christmas,Couple Gift,Chocolate,Bundle,20,5000,0,0,1,Weekend,5,7816,1932,514,790,183,129534.72,42.37,28780.44,26104.65,0.907,0
CMP-00771,Hospital,Bangkok,Normal,Seasonal Gift,Cheesecake,Free Add-on,0,9188,1,1,0,Weekend,5,7179,3125,321,955,111,115545.45,57.34,69030.84,-2772.26,-0.04,0
CMP-00772,Neighborhood,Central,Valentine,Seasonal Gift,Fruit Cake,Personalized Box,0,34155,0,1,0,Weekend,10,5966,4737,515,769,384,321872.64,60.7,54291.09,141087.27,2.599,1
CMP-00773,CBD / Office,North,Back to School,Couple Gift,Matcha,Social Challenge,25,43439,0,1,0,Weekday,9,10022,10999,637,924,691,521960.67,40.14,79378.57,130154.59,1.64,1
CMP-00774,Neighborhood,Bangkok,New Year,Self Reward,Cheesecake,Personalized Box,10,48556,0,1,1,Weekend,7,1475,6253,335,885,284,273709.26,56.18,80901.99,72870.83,0.901,0
CMP-00775,University Area,Northeast,Normal,Office Celebration,Matcha,Social Challenge,25,83894,1,0,0,Weekday,5,4140,31221,520,994,329,245269.5,42.37,135544.94,-31626.35,-0.233,0
CMP-00776,Mall,Northeast,Mother's Day,Couple Gift,Red Velvet,Discount,20,38537,1,0,0,Weekday,5,9322,6498,628,1004,463,371881.6,49.35,77062.75,106462.26,1.382,1
CMP-00777,University Area,South,Normal,Office Celebration,Cheesecake,Personalized Box,15,5000,0,1,1,Weekend,14,7550,1616,368,966,212,210628.57,51.37,41952.82,66251.58,1.579,0
CMP-00778,Hospital,Northeast,Normal,Office Celebration,Cheesecake,Social Challenge,10,31976,0,0,0,Weekend,10,4311,5675,236,1022,239,219832.2,48.19,62333.41,43604.8,0.7,0
CMP-00779,Mall,North,Normal,Couple Gift,Cheesecake,Personalized Box,10,7892,1,0,0,Weekday,5,10448,1894,612,1089,199,195039.9,60.37,60164.35,57587.62,0.957,0
CMP-00780,Transit,Central,Normal,Self Reward,Strawberry,Discount,5,19268,0,1,0,Weekday,5,6797,3311,237,930,152,146378.28,47.42,34063.31,35343.89,1.038,0
CMP-00781,University Area,South,Songkran,Self Reward,Chocolate,Personalized Box,25,44605,1,1,1,Weekend,9,8455,9815,368,891,462,373565.11,50.47,87884.46,100661.35,1.145,0
CMP-00782,Transit,South,Normal,Family Celebration,Matcha,Creator Collaboration,15,53803,1,0,0,Weekend,11,6030,11461,387,846,605,435055.5,46.48,102427.52,99806.8,0.974,0
CMP-00783,CBD / Office,Central,Christmas,Couple Gift,Red Velvet,Personalized Box,5,35781,0,1,1,Weekend,11,8272,4355,643,1017,510,596211.17,57.14,82442.3,258207.83,3.132,0
CMP-00784,Neighborhood,Central,Mother's Day,Couple Gift,Strawberry,Free Add-on,15,36838,1,0,1,Weekend,4,4780,7456,458,905,253,217974.68,52.16,77770.22,35923.55,0.462,0
CMP-00785,Transit,Central,Normal,Self Reward,Strawberry,Discount,20,26250,0,0,0,Weekend,10,9773,6667,326,923,328,242195.2,53.33,49944.59,79223.99,1.586,1
CMP-00786,Transit,Bangkok,Normal,Friend Group,Matcha,Free Add-on,10,23657,0,0,0,Weekday,10,9711,3155,409,771,220,152658.0,51.13,59768.65,18286.87,0.306,0
CMP-00787,Transit,Bangkok,Christmas,Seasonal Gift,Strawberry,Bundle,10,18942,0,0,0,Weekday,10,9549,3272,316,900,275,222750.0,48.4,37191.02,70628.37,1.899,1
CMP-00788,CBD / Office,Bangkok,Normal,Seasonal Gift,Vanilla,Limited Edition,10,27216,0,1,0,Weekend,13,12568,4978,487,649,511,338351.37,54.67,58029.89,126937.16,2.187,0
CMP-00789,Neighborhood,Central,Mother's Day,Self Reward,Chocolate,Creator Collaboration,20,31765,1,0,0,Weekday,11,4086,9426,489,720,658,379008.0,50.97,97887.29,95304.59,0.974,0
CMP-00790,University Area,Bangkok,Valentine,Self Reward,Fruit Cake,Social Challenge,15,52663,1,0,0,Weekend,10,9837,19561,420,831,604,426635.4,58.79,123826.52,127004.39,1.026,0
CMP-00791,University Area,Bangkok,Christmas,Office Celebration,Vanilla,Limited Edition,20,61801,0,1,1,Weekend,5,9031,8655,570,864,385,334875.34,51.11,85354.76,85789.65,1.005,0
CMP-00792,University Area,Central,Normal,Family Celebration,Cheesecake,Social Challenge,0,69391,1,1,1,Weekday,4,7376,23783,352,1079,194,253284.46,49.92,108071.97,18363.12,0.17,0
CMP-00793,CBD / Office,South,Normal,Self Reward,Red Velvet,Free Add-on,5,10754,0,1,1,Weekday,14,10755,3102,498,1070,395,485836.17,49.92,49374.56,193172.11,3.912,0
CMP-00794,Neighborhood,Central,Mother's Day,Seasonal Gift,Fruit Cake,Personalized Box,5,48321,1,0,0,Weekday,14,5374,6749,360,879,489,408339.45,56.43,130244.37,100181.29,0.769,0
CMP-00795,Neighborhood,Central,Back to School,Family Celebration,Matcha,Discount,10,44807,1,0,0,Weekday,14,6852,7415,249,791,461,328185.9,48.04,112486.67,45166.56,0.402,0
CMP-00796,Transit,Bangkok,New Year,Birthday,Strawberry,Creator Collaboration,20,72261,1,0,0,Weekday,5,9472,19641,335,797,224,142822.4,46.06,117726.2,-51940.32,-0.441,0
CMP-00797,University Area,Bangkok,Normal,Self Reward,Cheesecake,Free Add-on,15,5000,0,1,0,Weekend,7,8105,2159,421,991,188,172614.36,51.61,31955.11,57129.92,1.788,0
CMP-00798,CBD / Office,Bangkok,Mother's Day,Office Celebration,Vanilla,Social Challenge,20,52197,1,0,0,Weekday,5,12445,16887,489,867,350,242760.0,50.68,90265.09,32769.19,0.363,0
CMP-00799,Transit,Northeast,Normal,Couple Gift,Matcha,Limited Edition,30,34436,0,0,0,Weekend,3,8485,5459,180,733,65,34685.56,40.35,44493.15,-30497.78,-0.685,0
CMP-00800,Mall,North,Mother's Day,Couple Gift,Cheesecake,Discount,15,22827,0,1,0,Weekend,5,9635,2578,706,917,323,274420.96,43.58,35607.09,83989.56,2.359,0
CMP-00801,Transit,Central,Graduation,Office Celebration,Cheesecake,Personalized Box,25,9283,0,1,1,Weekday,11,6862,3077,270,985,418,373644.97,54.67,50466.74,153790.55,3.047,1
CMP-00802,Mall,Bangkok,Mother's Day,Office Celebration,Matcha,Bundle,10,20771,1,1,0,Weekend,6,13879,4603,694,821,403,324576.6,51.67,71966.42,95728.71,1.33,1
CMP-00803,Transit,Northeast,Normal,Birthday,Matcha,Limited Edition,10,48734,1,0,0,Weekend,6,8142,9271,363,898,292,245434.18,48.32,105924.52,12675.86,0.12,0
CMP-00804,Transit,Bangkok,New Year,Office Celebration,Fruit Cake,Social Challenge,20,31687,1,0,0,Weekday,13,8726,8967,261,997,474,378062.4,45.61,105055.22,67397.33,0.642,0
CMP-00805,Neighborhood,Northeast,Back to School,Couple Gift,Red Velvet,Personalized Box,25,47747,0,1,0,Weekend,5,3011,6213,256,968,185,146397.9,54.89,66278.39,14074.66,0.212,0
CMP-00806,CBD / Office,Bangkok,Christmas,Office Celebration,Cheesecake,Discount,15,22972,0,0,0,Weekday,10,10105,2619,528,956,337,273846.2,52.98,48548.24,96532.43,1.988,0
CMP-00807,Mall,Bangkok,New Year,Family Celebration,Red Velvet,Free Add-on,20,29768,1,1,0,Weekend,5,13144,5653,745,981,473,404619.34,45.72,67134.15,117854.49,1.756,1
CMP-00808,Hospital,Bangkok,Graduation,Office Celebration,Cheesecake,Personalized Box,10,7653,0,0,0,Weekend,3,5035,2556,225,1004,87,78613.2,48.68,18191.59,20079.85,1.104,0
CMP-00809,Mall,Bangkok,Christmas,Office Celebration,Vanilla,Creator Collaboration,15,48474,1,0,0,Weekday,3,14129,14248,758,802,274,186785.8,48.43,97665.16,-7204.25,-0.074,0
CMP-00810,Mall,Bangkok,Normal,Friend Group,Chocolate,Discount,5,28928,0,1,0,Weekday,10,14925,7623,743,787,429,349608.62,64.47,48478.99,176903.64,3.649,0
CMP-00811,Mall,South,Normal,Self Reward,Matcha,Creator Collaboration,25,68425,1,1,0,Weekday,3,11337,17901,534,831,232,157607.46,50.34,108920.27,-29587.49,-0.272,0
CMP-00812,Transit,Bangkok,Christmas,Friend Group,Red Velvet,Social Challenge,0,71131,1,0,0,Weekend,14,10360,16940,213,1108,352,390016.0,50.63,152609.79,44867.33,0.294,0
CMP-00813,Transit,North,Valentine,Seasonal Gift,Chocolate,Bundle,30,22221,0,0,0,Weekday,4,9186,2987,250,842,144,84873.6,41.25,32279.38,2728.64,0.085,0
CMP-00814,Neighborhood,South,Valentine,Birthday,Red Velvet,Creator Collaboration,10,59922,1,0,0,Weekend,13,5531,18445,245,999,380,341658.0,61.33,126918.42,82620.61,0.651,0
CMP-00815,Hospital,Northeast,Christmas,Birthday,Matcha,Free Add-on,10,18768,1,0,0,Weekend,9,7041,4998,347,811,338,246706.2,54.94,62866.68,72662.44,1.156,0
CMP-00816,Hospital,South,Back to School,Family Celebration,Vanilla,Personalized Box,5,35699,0,1,0,Weekday,9,5389,7299,344,812,438,368281.79,49.7,62460.08,120576.56,1.93,1
CMP-00817,CBD / Office,Bangkok,Normal,Self Reward,Cheesecake,Creator Collaboration,10,75055,1,0,0,Weekend,6,12533,26472,579,935,515,433372.5,52.78,116861.42,111852.66,0.957,0
CMP-00818,Neighborhood,Bangkok,Graduation,Office Celebration,Red Velvet,Creator Collaboration,0,73395,1,0,0,Weekday,9,4829,16903,478,987,526,519162.0,50.23,124711.79,136064.4,1.091,0
CMP-00819,CBD / Office,South,Christmas,Family Celebration,Red Velvet,Discount,5,31625,0,0,0,Weekend,14,6008,3397,661,1050,311,310222.5,56.43,61579.85,113480.27,1.843,0
CMP-00820,Transit,Bangkok,Normal,Seasonal Gift,Cheesecake,Creator Collaboration,15,65057,1,0,0,Weekday,3,12042,17346,318,939,126,100566.9,51.31,101587.06,-49989.66,-0.492,0
CMP-00821,University Area,Central,Christmas,Birthday,Strawberry,Discount,10,5000,0,0,0,Weekday,6,5606,2022,455,775,156,108810.0,54.67,20436.11,39046.17,1.911,0
CMP-00822,CBD / Office,North,Normal,Couple Gift,Chocolate,Social Challenge,25,34898,0,0,0,Weekday,4,8497,4841,611,762,249,142303.5,45.71,45204.85,19847.95,0.439,0
CMP-00823,Transit,Bangkok,Normal,Birthday,Red Velvet,Creator Collaboration,25,40929,0,0,0,Weekend,5,10925,9091,347,994,219,163264.5,39.01,56116.1,7575.93,0.135,0
CMP-00824,Mall,Bangkok,Back to School,Couple Gift,Strawberry,Discount,25,60510,1,1,0,Weekday,10,13266,15720,532,869,732,520018.29,39.41,115738.33,89207.76,0.771,0
CMP-00825,Transit,Northeast,Valentine,Birthday,Red Velvet,Personalized Box,0,31355,0,0,0,Weekend,11,5579,5338,243,887,353,313111.0,59.57,73071.97,113444.74,1.553,1
CMP-00826,CBD / Office,North,Mother's Day,Family Celebration,Red Velvet,Limited Edition,15,22248,0,1,1,Weekday,12,8426,4350,405,1119,617,738504.06,57.83,57826.18,369252.15,6.386,1
CMP-00827,Mall,South,Normal,Self Reward,Fruit Cake,Creator Collaboration,25,63830,1,1,0,Weekend,4,10031,19450,560,848,310,214904.4,52.36,118347.42,-5825.61,-0.049,0
CMP-00828,Neighborhood,Bangkok,Normal,Couple Gift,Fruit Cake,Personalized Box,15,19978,0,0,1,Weekend,7,6275,3781,442,852,218,176820.67,58.71,41028.03,62777.22,1.53,0
CMP-00829,Transit,South,Normal,Self Reward,Strawberry,Discount,20,41983,0,0,0,Weekend,10,6252,7566,209,1042,269,224238.4,51.61,71851.37,43888.41,0.611,0
CMP-00830,Transit,Northeast,Songkran,Family Celebration,Fruit Cake,Personalized Box,0,32844,1,1,1,Weekday,14,7364,7329,340,924,617,689830.68,55.77,92426.14,292302.65,3.163,1
CMP-00831,CBD / Office,Northeast,Normal,Seasonal Gift,Chocolate,Free Add-on,5,18711,1,1,0,Weekday,4,9994,4719,467,851,205,180648.15,59.71,63576.27,44286.58,0.697,0
CMP-00832,CBD / Office,Bangkok,Mother's Day,Birthday,Cheesecake,Free Add-on,25,23390,0,0,0,Weekday,5,10490,4585,558,962,290,209235.0,42.39,32449.41,56247.62,1.733,0
CMP-00833,Neighborhood,Northeast,Valentine,Birthday,Strawberry,Personalized Box,5,9765,0,1,1,Weekday,13,4152,2626,382,922,337,357165.74,57.22,61200.85,143173.64,2.339,1
CMP-00834,University Area,Central,Normal,Office Celebration,Matcha,Social Challenge,20,35162,0,0,0,Weekend,10,5263,6912,277,903,363,262231.2,46.59,65595.83,56579.36,0.863,0
CMP-00835,Neighborhood,Bangkok,New Year,Friend Group,Cheesecake,Discount,10,30842,1,0,0,Weekday,10,6919,7039,452,985,448,397152.0,46.15,91620.66,91662.17,1.0,0
CMP-00836,Mall,Central,Normal,Family Celebration,Vanilla,Social Challenge,20,84762,1,0,0,Weekday,13,9133,24370,580,828,1106,732614.4,49.23,163718.17,196939.08,1.203,1
CMP-00837,University Area,Bangkok,Christmas,Family Celebration,Strawberry,Discount,10,28855,0,0,0,Weekend,8,8663,6292,428,837,436,328438.8,50.28,57670.43,107462.68,1.863,1
CMP-00838,Neighborhood,Central,Valentine,Self Reward,Fruit Cake,Free Add-on,20,12357,0,0,1,Weekend,5,4445,3536,355,888,213,169473.02,45.54,38954.09,38218.76,0.981,0
CMP-00839,CBD / Office,North,Normal,Self Reward,Vanilla,Creator Collaboration,25,57032,1,0,0,Weekend,5,7698,16088,384,713,264,141174.0,51.85,100642.2,-27443.25,-0.273,0
CMP-00840,Neighborhood,South,Back to School,Birthday,Red Velvet,Social Challenge,5,52974,0,0,0,Weekday,11,6699,9296,472,1046,569,565415.3,52.07,89249.52,205149.41,2.299,1
CMP-00841,Mall,Central,Normal,Seasonal Gift,Vanilla,Social Challenge,10,35472,0,0,0,Weekday,12,10891,6740,429,602,400,216720.0,51.76,60322.07,51857.37,0.86,0
CMP-00842,Neighborhood,South,Christmas,Self Reward,Strawberry,Social Challenge,0,52111,1,0,1,Weekday,12,2175,14040,252,764,374,320024.32,50.33,112904.86,48159.73,0.427,0
CMP-00843,CBD / Office,Bangkok,Christmas,Self Reward,Matcha,Bundle,25,50012,1,0,1,Weekday,9,10273,8008,655,826,705,489157.2,46.33,129150.32,97475.8,0.755,0
CMP-00844,University Area,North,Normal,Family Celebration,Red Velvet,Discount,10,8624,0,0,0,Weekday,5,6969,1819,512,858,114,88030.8,49.68,18000.98,25732.31,1.429,0
CMP-00845,Transit,Bangkok,New Year,Family Celebration,Matcha,Discount,10,68300,1,0,0,Weekday,7,9520,9609,303,835,283,212674.5,41.89,118378.76,-29291.99,-0.247,0
CMP-00846,Mall,Central,Normal,Friend Group,Strawberry,Social Challenge,30,89401,1,1,0,Weekend,9,12608,18857,704,845,842,542866.87,44.07,139182.32,100055.3,0.719,0
CMP-00847,Hospital,Bangkok,Back to School,Seasonal Gift,Vanilla,Limited Edition,25,40601,0,0,0,Weekend,6,3929,9174,227,728,190,107889.6,46.38,59225.05,-9182.07,-0.155,0
CMP-00848,Neighborhood,Bangkok,Normal,Friend Group,Cheesecake,Limited Edition,10,10713,0,1,1,Weekday,11,4057,1911,300,880,146,145511.31,58.02,66162.57,18266.97,0.276,0
CMP-00849,CBD / Office,Central,Mother's Day,Couple Gift,Fruit Cake,Creator Collaboration,15,67885,1,0,0,Weekday,12,9245,20614,554,916,882,686725.2,49.36,139043.93,199904.11,1.438,1
CMP-00850,University Area,Central,Christmas,Office Celebration,Red Velvet,Creator Collaboration,10,63059,1,1,0,Weekend,10,6719,14406,271,952,379,353952.65,56.65,135691.74,64833.55,0.478,0
CMP-00851,CBD / Office,Bangkok,Back to School,Birthday,Red Velvet,Bundle,5,56554,0,0,0,Weekend,9,12007,7595,409,1042,513,507818.7,58.33,89354.71,206859.81,2.315,1
CMP-00852,Mall,Bangkok,Normal,Self Reward,Chocolate,Creator Collaboration,0,29452,0,0,0,Weekend,6,13871,7576,489,836,387,323532.0,53.06,49708.44,121955.79,2.453,1
CMP-00853,CBD / Office,South,Back to School,Seasonal Gift,Cheesecake,Bundle,10,6441,0,1,0,Weekend,5,6146,1334,666,821,103,82956.3,53.51,23012.96,21378.26,0.929,0
CMP-00854,Hospital,North,Christmas,Office Celebration,Vanilla,Discount,15,57786,1,1,0,Weekend,10,3277,8896,295,783,431,312668.73,44.09,117311.7,20555.72,0.175,0
CMP-00855,University Area,Bangkok,Valentine,Couple Gift,Cheesecake,Limited Edition,15,44046,1,0,1,Weekday,14,7999,9985,479,991,822,806521.15,55.81,125603.33,324483.03,2.583,1
CMP-00856,University Area,Bangkok,Normal,Family Celebration,Cheesecake,Creator Collaboration,15,62027,1,0,0,Weekend,7,11291,21816,293,918,257,200537.1,50.16,119025.68,-18435.57,-0.155,0
CMP-00857,CBD / Office,South,Christmas,Self Reward,Fruit Cake,Social Challenge,20,40613,0,0,0,Weekend,8,6366,9380,604,977,574,448638.4,47.92,60982.44,154012.98,2.526,1
CMP-00858,Mall,Bangkok,Normal,Birthday,Fruit Cake,Personalized Box,15,46155,1,0,0,Weekday,9,14009,9301,528,955,606,491920.5,57.46,108664.06,173998.36,1.601,1
CMP-00859,Transit,Northeast,Songkran,Birthday,Strawberry,Discount,20,52649,0,0,0,Weekday,12,5287,6263,200,742,346,205385.6,43.32,85687.91,3293.26,0.038,0
CMP-00860,Neighborhood,Central,Valentine,Friend Group,Cheesecake,Personalized Box,25,42536,0,1,0,Weekday,7,4187,7632,401,981,345,276678.79,45.2,55485.66,69562.58,1.254,1
CMP-00861,Transit,Bangkok,New Year,Couple Gift,Vanilla,Discount,25,28197,0,0,0,Weekend,4,9011,3864,208,827,120,74430.0,42.59,38115.03,-6414.52,-0.168,0
CMP-00862,Neighborhood,Bangkok,Graduation,Office Celebration,Matcha,Free Add-on,25,5000,0,0,1,Weekday,3,6105,1586,267,749,98,61657.68,49.62,22714.06,7880.99,0.347,0
CMP-00863,CBD / Office,Bangkok,Normal,Self Reward,Chocolate,Discount,20,65949,1,1,0,Weekend,6,8340,15936,448,874,327,249215.86,55.05,127507.01,9693.48,0.076,0
CMP-00864,Transit,Bangkok,Normal,Family Celebration,Cheesecake,Creator Collaboration,20,34255,0,0,1,Weekday,8,8427,8596,346,843,366,276450.05,51.43,68496.61,73677.47,1.076,0
CMP-00865,University Area,Bangkok,Normal,Office Celebration,Fruit Cake,Limited Edition,25,52367,0,0,0,Weekday,5,10114,7615,543,936,307,224134.56,44.09,70885.06,27944.0,0.394,0
CMP-00866,University Area,Central,New Year,Friend Group,Cheesecake,Limited Edition,15,21399,0,1,0,Weekend,9,7847,4965,415,959,452,417672.43,54.5,58776.55,168834.19,2.872,1
CMP-00867,University Area,Bangkok,Valentine,Seasonal Gift,Vanilla,Discount,0,33415,0,0,0,Weekday,8,8640,4941,428,727,278,202106.0,56.83,66855.53,48003.23,0.718,0
CMP-00868,Mall,Northeast,New Year,Couple Gift,Vanilla,Free Add-on,20,6517,0,1,1,Weekday,6,9866,1726,662,781,287,216974.3,52.02,35925.41,76941.4,2.142,0
CMP-00869,Mall,Central,Normal,Birthday,Strawberry,Creator Collaboration,0,46535,1,0,0,Weekday,4,11993,12650,525,997,293,292121.0,64.31,95780.06,92087.02,0.961,0
CMP-00870,Mall,Bangkok,Normal,Friend Group,Vanilla,Creator Collaboration,5,75723,1,1,0,Weekend,13,14414,20812,535,794,998,820542.63,54.39,140305.47,305999.72,2.181,1
CMP-00871,University Area,Bangkok,New Year,Family Celebration,Vanilla,Free Add-on,5,5000,0,0,0,Weekend,13,6618,1571,524,756,267,191759.4,52.84,58745.52,42585.95,0.725,0
CMP-00872,Mall,South,Back to School,Seasonal Gift,Matcha,Limited Edition,20,27230,0,1,0,Weekday,4,11199,5009,583,872,309,244357.0,46.7,43661.63,70453.88,1.614,1
CMP-00873,CBD / Office,Northeast,Back to School,Couple Gift,Red Velvet,Social Challenge,10,67355,1,0,0,Weekday,3,8557,16316,531,945,213,181156.5,44.52,105377.08,-24721.66,-0.235,0
CMP-00874,University Area,Central,Valentine,Couple Gift,Matcha,Social Challenge,25,56692,1,1,0,Weekday,5,4283,14394,312,792,213,137908.98,46.14,96548.28,-32918.06,-0.341,0
CMP-00875,Mall,Bangkok,Normal,Self Reward,Matcha,Bundle,0,50972,1,1,1,Weekday,11,12540,8748,690,776,576,540840.96,64.92,124661.94,226475.17,1.817,0
CMP-00876,CBD / Office,Central,Graduation,Family Celebration,Strawberry,Limited Edition,10,26209,1,0,0,Weekday,8,9088,7075,574,937,547,479736.5,52.32,87347.99,163640.22,1.873,1
CMP-00877,Mall,South,Back to School,Self Reward,Cheesecake,Social Challenge,10,68616,0,0,0,Weekday,5,10576,19675,684,898,435,351567.0,50.28,87805.73,88945.24,1.013,0
CMP-00878,CBD / Office,Bangkok,New Year,Couple Gift,Fruit Cake,Limited Edition,15,38948,0,0,1,Weekday,12,11111,6014,664,1053,680,708936.88,43.57,76956.37,231957.02,3.014,0
CMP-00879,Mall,North,New Year,Seasonal Gift,Matcha,Creator Collaboration,15,23750,0,0,0,Weekend,8,11268,3820,534,828,482,339231.6,50.73,53245.16,118863.73,2.232,1
CMP-00880,CBD / Office,South,Back to School,Office Celebration,Chocolate,Limited Edition,25,48447,0,1,0,Weekday,13,8066,5914,525,779,601,398045.79,52.87,89256.49,121177.3,1.358,0
CMP-00881,University Area,Northeast,Normal,Seasonal Gift,Red Velvet,Limited Edition,10,44410,0,0,0,Weekday,5,7911,6288,309,925,223,193073.4,53.47,64345.23,38895.22,0.604,0
CMP-00882,Hospital,Bangkok,Graduation,Couple Gift,Matcha,Social Challenge,10,44738,0,1,1,Weekend,13,5710,9032,325,915,579,576935.86,52.04,94747.89,205492.46,2.169,1
CMP-00883,Neighborhood,South,Normal,Self Reward,Chocolate,Limited Edition,5,64712,1,0,0,Weekend,3,4372,12745,497,772,184,140343.42,55.24,89973.01,-12448.47,-0.138,0
CMP-00884,Neighborhood,Bangkok,Normal,Friend Group,Matcha,Personalized Box,5,10799,0,1,0,Weekend,12,6599,2208,302,870,197,177474.35,57.79,42321.39,60249.59,1.424,0
CMP-00885,Transit,Bangkok,Normal,Couple Gift,Strawberry,Limited Edition,20,37473,1,0,0,Weekday,6,7776,5814,386,842,240,168130.56,51.11,83536.9,2396.53,0.029,0
CMP-00886,Mall,Bangkok,Back to School,Family Celebration,Cheesecake,Free Add-on,20,22670,0,0,0,Weekend,9,16115,4732,518,905,492,356208.0,49.55,47603.81,128886.12,2.707,0
CMP-00887,Mall,Bangkok,Normal,Seasonal Gift,Vanilla,Creator Collaboration,20,74844,1,0,0,Weekday,13,14981,14041,722,820,1077,706512.0,43.37,154294.23,152136.54,0.986,0
CMP-00888,Mall,Bangkok,Christmas,Seasonal Gift,Chocolate,Free Add-on,20,22510,0,1,0,Weekday,4,14363,4073,757,932,258,209677.63,54.86,32305.31,82714.24,2.56,0
CMP-00889,Mall,Central,Back to School,Couple Gift,Fruit Cake,Discount,15,5000,0,1,0,Weekend,13,13637,900,667,943,361,315401.91,47.55,57134.42,92839.02,1.625,0
CMP-00890,Transit,Bangkok,Songkran,Office Celebration,Strawberry,Personalized Box,10,10631,0,1,0,Weekend,13,7086,2491,302,941,228,210471.59,59.02,48837.49,75387.05,1.544,0
CMP-00891,CBD / Office,Central,Valentine,Birthday,Matcha,Personalized Box,10,13444,0,1,0,Weekday,8,9061,2477,664,798,316,247376.81,55.96,33048.97,105375.11,3.188,0
CMP-00892,Neighborhood,North,Mother's Day,Birthday,Strawberry,Bundle,20,5000,0,0,1,Weekend,12,6960,1686,350,870,269,209690.88,53.42,63781.23,48228.78,0.756,0
CMP-00893,Hospital,South,Songkran,Friend Group,Matcha,Discount,25,14935,0,0,0,Weekend,8,4872,2999,207,844,200,126600.0,48.39,42741.7,18521.71,0.433,0
CMP-00894,CBD / Office,Bangkok,Graduation,Seasonal Gift,Chocolate,Bundle,10,57907,1,0,0,Weekday,13,10985,9228,565,814,752,550915.2,49.92,132356.58,142671.61,1.078,0
CMP-00895,Neighborhood,Bangkok,Graduation,Seasonal Gift,Fruit Cake,Free Add-on,25,23371,0,1,1,Weekend,7,7641,4434,402,945,328,281288.7,53.93,52978.1,98727.8,1.864,1
CMP-00896,Mall,North,Valentine,Family Celebration,Matcha,Limited Edition,20,23113,0,0,0,Weekend,8,12299,3447,420,916,461,351333.63,41.1,49069.07,95339.34,1.943,1
CMP-00897,Neighborhood,Bangkok,Normal,Friend Group,Matcha,Discount,0,15560,0,0,0,Weekend,12,6262,2799,373,969,201,194769.0,52.57,59004.04,43392.77,0.735,0
CMP-00898,Neighborhood,Northeast,Normal,Self Reward,Strawberry,Free Add-on,10,33929,0,0,0,Weekend,10,3935,6902,391,1026,257,237313.8,51.46,66837.7,55274.59,0.827,0
CMP-00899,Hospital,Bangkok,Christmas,Friend Group,Chocolate,Limited Edition,20,36068,1,0,0,Weekend,13,6244,7835,203,831,355,245444.16,44.66,116501.56,-6895.69,-0.059,0
CMP-00900,Neighborhood,Bangkok,Songkran,Family Celebration,Vanilla,Personalized Box,10,39731,0,1,1,Weekday,14,7247,6525,274,762,450,373418.1,56.28,89718.54,120459.1,1.343,1
CMP-00901,Neighborhood,Bangkok,Graduation,Self Reward,Matcha,Bundle,15,26659,1,1,1,Weekday,6,5869,5445,316,888,235,214627.38,52.78,92789.38,20484.58,0.221,0
CMP-00902,Neighborhood,Northeast,New Year,Couple Gift,Chocolate,Free Add-on,20,30869,0,0,0,Weekday,7,3881,4452,441,863,261,180194.4,46.55,49419.37,34459.63,0.697,0
CMP-00903,Neighborhood,North,Mother's Day,Self Reward,Strawberry,Free Add-on,15,12928,0,0,0,Weekday,8,5568,3086,270,946,226,181726.6,48.68,39466.06,49000.68,1.242,1
CMP-00904,University Area,Central,Normal,Family Celebration,Chocolate,Free Add-on,30,17235,1,0,0,Weekday,6,7474,4904,408,733,268,137510.8,35.96,72947.12,-23502.0,-0.322,0
CMP-00905,Mall,Northeast,Normal,Friend Group,Strawberry,Free Add-on,10,48104,1,1,0,Weekday,14,10347,9468,680,763,614,459580.84,58.28,114440.5,153386.41,1.34,0
CMP-00906,Neighborhood,Bangkok,Christmas,Office Celebration,Red Velvet,Personalized Box,25,10388,0,1,1,Weekend,7,7694,1915,503,964,254,222206.82,49.37,38546.37,71167.09,1.846,0
CMP-00907,Mall,Bangkok,Back to School,Family Celebration,Chocolate,Creator Collaboration,10,73796,1,0,0,Weekend,7,14818,26987,686,887,596,475786.8,50.23,128610.87,110372.63,0.858,0
CMP-00908,CBD / Office,South,Christmas,Couple Gift,Strawberry,Limited Edition,20,51324,0,0,0,Weekend,8,9452,7624,525,869,541,391147.33,52.76,74743.35,131612.67,1.761,1
CMP-00909,Hospital,North,Normal,Seasonal Gift,Red Velvet,Free Add-on,25,56333,1,1,0,Weekday,14,5297,11012,211,941,378,290783.11,46.86,121711.09,14546.35,0.12,0
CMP-00910,CBD / Office,Bangkok,Christmas,Couple Gift,Matcha,Personalized Box,30,25359,0,1,1,Weekend,7,10337,3922,506,925,390,305555.25,41.28,64917.84,61203.9,0.943,0
CMP-00911,Neighborhood,South,Valentine,Birthday,Vanilla,Bundle,5,54927,1,0,1,Weekday,3,4996,8182,388,841,141,126170.18,46.93,98722.5,-39509.38,-0.4,0
CMP-00912,Neighborhood,Central,Valentine,Office Celebration,Strawberry,Personalized Box,10,47217,1,0,0,Weekday,7,6837,7576,474,910,426,348894.0,50.65,102215.7,74503.88,0.729,0
CMP-00913,Mall,Northeast,Mother's Day,Family Celebration,Red Velvet,Personalized Box,10,57108,1,1,1,Weekday,8,9496,10393,726,927,746,753089.24,48.76,139058.23,228143.84,1.641,1
CMP-00914,Neighborhood,North,Normal,Office Celebration,Strawberry,Limited Edition,0,11547,0,1,0,Weekday,13,4995,2398,398,890,168,169495.87,59.48,37970.51,62842.85,1.655,0
CMP-00915,University Area,North,New Year,Seasonal Gift,Cheesecake,Bundle,0,40576,1,0,1,Weekend,13,6286,9769,515,1082,752,911303.68,56.25,103462.62,409166.12,3.955,1
CMP-00916,Hospital,Bangkok,Mother's Day,Friend Group,Fruit Cake,Personalized Box,20,20269,0,1,1,Weekday,5,5586,4431,166,783,102,77310.29,48.48,48311.29,-10827.54,-0.224,0
CMP-00917,Hospital,Bangkok,Normal,Couple Gift,Red Velvet,Discount,15,39776,1,0,1,Weekend,4,6447,6364,311,784,153,114194.3,62.43,91280.67,-19984.46,-0.219,0
CMP-00918,Neighborhood,Bangkok,Christmas,Friend Group,Strawberry,Discount,20,58469,1,0,0,Weekend,9,6960,11902,340,1046,450,376560.0,41.3,110294.32,45208.17,0.41,0
CMP-00919,CBD / Office,Bangkok,Normal,Self Reward,Strawberry,Discount,20,62469,1,0,0,Weekend,14,11145,13403,379,910,748,544544.0,47.47,126622.15,131882.86,1.042,0
CMP-00920,Mall,Bangkok,Normal,Office Celebration,Strawberry,Discount,10,43964,1,0,0,Weekend,7,15294,8231,700,814,444,325274.4,55.02,95252.91,83708.02,0.879,0
CMP-00921,Transit,North,Graduation,Friend Group,Strawberry,Discount,5,40320,1,0,0,Weekday,11,3160,9071,294,953,420,380247.0,50.98,120310.15,73539.76,0.611,0
CMP-00922,Neighborhood,Bangkok,Normal,Family Celebration,Vanilla,Free Add-on,15,7454,0,1,0,Weekday,7,7888,1733,438,748,133,92171.93,50.36,30416.71,15998.52,0.526,0
CMP-00923,CBD / Office,Northeast,Mother's Day,Family Celebration,Vanilla,Limited Edition,15,7352,0,0,0,Weekend,4,9001,1027,453,661,162,94660.49,51.36,20159.18,28457.81,1.412,0
CMP-00924,Hospital,South,Christmas,Birthday,Strawberry,Discount,10,38314,0,0,0,Weekday,10,1200,6568,306,790,323,229653.0,51.84,60481.34,58561.45,0.968,0
CMP-00925,University Area,Bangkok,New Year,Friend Group,Chocolate,Discount,25,17504,0,0,0,Weekend,12,9150,2938,345,856,341,218922.0,52.09,59803.52,54234.06,0.907,0
CMP-00926,University Area,Northeast,Valentine,Friend Group,Matcha,Free Add-on,10,64127,1,1,0,Weekday,11,6284,15404,564,808,871,690396.41,58.3,122457.19,280069.84,2.287,1
CMP-00927,Transit,North,Normal,Couple Gift,Vanilla,Discount,10,37453,1,1,0,Weekday,3,6837,6177,262,875,98,84120.75,58.02,70353.7,-21546.23,-0.306,0
CMP-00928,Neighborhood,South,Graduation,Seasonal Gift,Chocolate,Bundle,15,24358,0,0,1,Weekday,11,4960,4745,307,828,382,301113.79,45.01,62773.14,72745.63,1.159,0
CMP-00929,Transit,Central,Normal,Couple Gift,Strawberry,Social Challenge,20,42740,0,0,1,Weekday,12,7436,7498,353,821,433,318521.73,50.25,77749.11,82318.9,1.059,0
CMP-00930,Neighborhood,Central,Valentine,Family Celebration,Strawberry,Social Challenge,25,61801,0,0,0,Weekend,14,7238,11833,298,876,534,350838.0,38.27,108789.83,25482.25,0.234,0
CMP-00931,CBD / Office,Bangkok,Back to School,Self Reward,Chocolate,Personalized Box,10,16070,0,1,1,Weekday,11,11065,3102,601,964,414,434615.54,53.37,58761.83,173203.24,2.948,0
CMP-00932,CBD / Office,Central,Christmas,Birthday,Matcha,Social Challenge,10,44711,0,1,1,Weekend,9,7590,8443,533,810,527,464861.43,57.45,77673.44,189395.62,2.438,1
CMP-00933,Neighborhood,North,Normal,Birthday,Chocolate,Bundle,15,33184,0,1,0,Weekday,7,5303,4551,348,794,209,153748.97,50.75,53439.42,24588.36,0.46,0
CMP-00934,Mall,South,Normal,Self Reward,Fruit Cake,Creator Collaboration,10,31371,0,0,0,Weekend,6,10565,7048,529,986,323,286630.2,55.87,54873.54,105265.38,1.918,0
CMP-00935,CBD / Office,Bangkok,Graduation,Self Reward,Vanilla,Discount,5,6284,0,1,1,Weekday,11,11284,2238,674,698,422,338592.12,57.21,54686.29,139030.09,2.542,0
CMP-00936,Neighborhood,Northeast,Christmas,Couple Gift,Cheesecake,Personalized Box,5,61077,1,1,1,Weekday,8,5227,13107,440,845,465,451667.29,66.0,137950.73,160149.68,1.161,0
CMP-00937,University Area,Northeast,Normal,Office Celebration,Chocolate,Creator Collaboration,30,46099,1,0,0,Weekend,13,6967,11782,304,852,540,322056.0,47.83,113785.61,40268.33,0.354,0
CMP-00938,CBD / Office,Bangkok,New Year,Self Reward,Strawberry,Discount,0,28869,1,0,1,Weekend,4,10775,7950,416,801,221,198263.52,60.46,74242.27,45632.44,0.615,0
CMP-00939,Mall,Central,Normal,Birthday,Cheesecake,Creator Collaboration,15,18687,0,1,0,Weekday,5,10394,5296,529,994,280,257863.48,49.69,31100.14,97042.9,3.12,1
CMP-00940,Hospital,South,Normal,Couple Gift,Fruit Cake,Creator Collaboration,20,58393,1,0,0,Weekend,13,3300,17474,177,987,281,221877.6,54.82,148727.47,-27098.1,-0.182,0
CMP-00941,CBD / Office,Northeast,Normal,Family Celebration,Cheesecake,Creator Collaboration,0,29595,0,0,1,Weekend,10,9946,5210,519,912,323,329925.12,52.49,77389.02,95781.33,1.238,0
CMP-00942,Transit,North,Valentine,Self Reward,Chocolate,Personalized Box,20,31767,0,1,1,Weekend,9,6452,4541,348,909,368,323807.62,54.94,70413.89,107484.57,1.526,1
CMP-00943,University Area,Bangkok,Back to School,Seasonal Gift,Cheesecake,Free Add-on,15,31948,1,0,0,Weekend,7,11253,7124,469,1063,373,337024.15,47.62,95568.77,64932.22,0.679,0
CMP-00944,CBD / Office,Central,Back to School,Seasonal Gift,Vanilla,Bundle,25,31540,0,0,1,Weekday,3,9774,4470,667,714,246,147540.96,43.0,52779.23,10666.77,0.202,0
CMP-00945,University Area,Bangkok,Normal,Birthday,Chocolate,Creator Collaboration,15,41283,1,0,0,Weekend,13,9604,14864,363,893,635,481996.75,40.18,114378.13,79289.15,0.693,0
CMP-00946,CBD / Office,Central,Normal,Self Reward,Vanilla,Personalized Box,10,21566,0,0,1,Weekday,12,10564,3996,419,761,398,305301.02,56.91,72958.3,100777.77,1.381,0
CMP-00947,Neighborhood,South,Normal,Birthday,Chocolate,Limited Edition,15,24433,1,1,0,Weekday,12,5461,4900,352,888,332,284072.9,54.4,93736.23,60809.43,0.649,0
CMP-00948,Hospital,Bangkok,Valentine,Friend Group,Red Velvet,Bundle,10,30675,0,0,0,Weekend,3,4334,6251,181,1007,70,63441.0,48.9,40006.3,-8980.52,-0.224,0
CMP-00949,CBD / Office,Northeast,Songkran,Self Reward,Chocolate,Creator Collaboration,15,41902,0,1,0,Weekday,12,8641,8775,450,813,712,536310.08,53.62,92051.05,195516.87,2.124,1
CMP-00950,CBD / Office,Northeast,Mother's Day,Office Celebration,Fruit Cake,Personalized Box,0,34849,0,1,1,Weekend,11,7071,6843,604,942,663,755700.66,49.71,78717.97,296922.19,3.772,1
CMP-00951,CBD / Office,North,Normal,Birthday,Red Velvet,Bundle,15,13828,0,0,0,Weekday,5,9205,2773,648,896,167,127187.2,50.07,34691.83,28994.44,0.836,0
CMP-00952,Transit,Bangkok,Normal,Office Celebration,Fruit Cake,Personalized Box,10,26474,0,1,0,Weekday,6,6763,5016,280,996,230,224727.48,52.72,44273.17,74197.86,1.676,1
CMP-00953,CBD / Office,North,Valentine,Couple Gift,Cheesecake,Social Challenge,10,81774,0,1,1,Weekday,13,7601,19416,599,974,1051,1114780.99,57.55,122282.68,519224.57,4.246,1
CMP-00954,Transit,Northeast,Songkran,Self Reward,Cheesecake,Free Add-on,15,42955,1,0,0,Weekday,8,8232,7255,314,949,309,249254.85,44.38,101338.98,9283.24,0.092,0
CMP-00955,Mall,Central,New Year,Friend Group,Cheesecake,Discount,15,27262,0,1,0,Weekend,10,11465,4577,648,977,537,486087.3,51.27,68624.8,180592.77,2.632,0
CMP-00956,University Area,Bangkok,Mother's Day,Birthday,Fruit Cake,Creator Collaboration,10,81189,1,0,1,Weekday,12,8771,23359,375,923,633,588933.07,56.2,145871.19,185119.77,1.269,1
CMP-00957,Hospital,Northeast,Normal,Family Celebration,Strawberry,Limited Edition,5,5000,0,1,0,Weekend,7,3717,900,365,971,76,79472.39,63.5,17884.94,32582.59,1.822,0
CMP-00958,CBD / Office,Bangkok,Mother's Day,Office Celebration,Matcha,Discount,0,9019,0,0,0,Weekday,9,10736,2092,428,719,279,200601.0,53.56,38790.86,68648.86,1.77,0
CMP-00959,Hospital,Bangkok,Normal,Self Reward,Vanilla,Bundle,15,17631,0,0,0,Weekend,13,4423,3528,190,734,200,124780.0,56.49,51706.62,18782.6,0.363,0
CMP-00960,Hospital,Bangkok,Normal,Self Reward,Matcha,Personalized Box,10,39800,0,1,1,Weekend,4,4869,6360,197,883,114,109620.92,54.3,57859.23,1659.88,0.029,0
CMP-00961,Hospital,Bangkok,Christmas,Seasonal Gift,Matcha,Personalized Box,10,12672,0,1,1,Weekend,14,2172,2402,208,882,201,193060.1,45.88,55871.81,32698.02,0.585,0
CMP-00962,Mall,Bangkok,Songkran,Self Reward,Vanilla,Creator Collaboration,5,34943,0,0,0,Weekend,14,13096,10712,707,821,1058,825187.1,50.88,63584.58,356286.8,5.603,1
CMP-00963,Transit,South,Normal,Friend Group,Matcha,Discount,25,35567,0,0,0,Weekday,5,8267,5489,182,960,112,80640.0,47.49,55079.31,-16784.19,-0.305,0
CMP-00964,CBD / Office,Central,Normal,Office Celebration,Strawberry,Limited Edition,15,25194,1,0,0,Weekday,9,7848,5460,628,939,272,225780.67,49.67,83151.02,28985.5,0.349,0
CMP-00965,Transit,Bangkok,Christmas,Family Celebration,Chocolate,Creator Collaboration,15,41350,0,0,0,Weekday,6,11243,8980,235,769,174,113735.1,40.76,64279.32,-17919.97,-0.279,0
CMP-00966,Neighborhood,South,Valentine,Friend Group,Strawberry,Social Challenge,15,13889,0,1,1,Weekday,10,6577,4076,293,907,360,335825.82,55.11,51974.84,133115.47,2.561,1
CMP-00967,University Area,Bangkok,Songkran,Family Celebration,Chocolate,Free Add-on,15,51850,0,0,0,Weekday,5,7551,7146,473,755,258,165571.5,50.91,72845.22,11447.24,0.157,0
CMP-00968,Neighborhood,North,Back to School,Self Reward,Matcha,Personalized Box,10,59619,0,1,0,Weekend,3,5143,10174,507,997,187,182896.66,54.72,65897.17,34188.9,0.519,0
CMP-00969,University Area,Central,Back to School,Seasonal Gift,Chocolate,Free Add-on,5,56812,0,0,0,Weekend,14,7457,11982,515,795,473,357233.25,48.48,110239.7,62960.85,0.571,0
CMP-00970,Mall,Bangkok,Normal,Seasonal Gift,Vanilla,Creator Collaboration,15,73776,1,1,0,Weekend,11,13525,17224,639,801,929,689435.52,49.95,126469.66,217912.7,1.723,1
CMP-00971,Mall,Bangkok,Normal,Office Celebration,Chocolate,Bundle,15,19485,0,1,1,Weekend,3,13360,3582,651,775,226,180141.77,57.99,41349.19,63107.09,1.526,1
CMP-00972,Transit,Northeast,Graduation,Birthday,Fruit Cake,Free Add-on,20,7752,0,0,0,Weekday,6,8470,2648,249,942,181,136401.6,47.43,25628.61,39063.44,1.524,1
CMP-00973,Transit,Bangkok,Valentine,Seasonal Gift,Vanilla,Bundle,20,20633,0,0,0,Weekday,4,7059,3549,409,688,234,128793.6,48.96,28280.13,34779.42,1.23,1
CMP-00974,Mall,Bangkok,Songkran,Self Reward,Chocolate,Social Challenge,20,83541,1,0,0,Weekday,13,12286,21712,610,933,1006,750878.4,46.97,159189.27,193507.61,1.216,1
CMP-00975,University Area,Bangkok,Songkran,Office Celebration,Chocolate,Free Add-on,20,5000,0,1,1,Weekday,8,8744,1565,476,801,176,136464.77,49.89,47749.8,20329.81,0.426,0
CMP-00976,Hospital,Northeast,Normal,Family Celebration,Fruit Cake,Bundle,25,43582,1,1,0,Weekend,10,3766,9812,287,900,420,309015.0,38.96,97308.35,23088.88,0.237,0
CMP-00977,CBD / Office,North,Normal,Birthday,Red Velvet,Discount,15,8885,0,1,0,Weekday,8,9230,1440,607,1019,171,161441.7,50.07,27820.73,53012.76,1.906,0
CMP-00978,Hospital,North,Normal,Self Reward,Cheesecake,Social Challenge,20,33147,0,1,0,Weekday,10,6112,9353,274,936,383,312601.54,45.71,57950.5,84937.54,1.466,1
CMP-00979,Mall,Bangkok,Graduation,Friend Group,Chocolate,Free Add-on,20,9184,0,0,0,Weekend,9,11254,1929,767,859,325,223340.0,48.29,41721.07,66119.46,1.585,0
CMP-00980,CBD / Office,South,Graduation,Family Celebration,Cheesecake,Creator Collaboration,10,58620,1,1,1,Weekday,10,7162,12442,554,884,795,765327.42,53.23,116117.85,291239.03,2.508,1
CMP-00981,University Area,Bangkok,Normal,Friend Group,Fruit Cake,Free Add-on,10,7502,0,1,0,Weekend,6,9456,2331,578,916,185,166240.26,57.25,28323.61,66850.68,2.36,0
CMP-00982,Mall,North,Normal,Seasonal Gift,Strawberry,Limited Edition,5,11806,0,0,0,Weekday,8,10024,3620,679,856,255,215660.64,58.47,41058.77,85027.79,2.071,0
CMP-00983,University Area,North,New Year,Seasonal Gift,Vanilla,Creator Collaboration,15,41121,1,0,0,Weekday,4,8192,15226,343,779,183,121173.45,57.43,96037.91,-26449.79,-0.275,0
CMP-00984,University Area,North,Songkran,Self Reward,Matcha,Free Add-on,10,44078,0,1,1,Weekday,8,5530,7401,336,928,362,365834.3,49.37,78348.65,102276.61,1.305,1
CMP-00985,Neighborhood,Bangkok,Graduation,Family Celebration,Chocolate,Personalized Box,10,6875,0,1,0,Weekday,12,7531,900,517,814,188,150124.39,56.93,55767.51,29698.88,0.533,0
CMP-00986,Hospital,Bangkok,Normal,Birthday,Strawberry,Bundle,0,14041,0,1,1,Weekday,14,4429,2707,378,817,148,146308.36,65.16,58389.98,36948.9,0.633,0
CMP-00987,CBD / Office,North,New Year,Seasonal Gift,Matcha,Limited Edition,30,43822,0,1,0,Weekend,14,9708,5073,423,830,647,426128.18,35.42,76757.01,74171.49,0.966,0
CMP-00988,CBD / Office,Northeast,Normal,Family Celebration,Red Velvet,Free Add-on,30,30998,0,1,0,Weekday,7,9635,5367,401,968,347,256288.65,50.81,43722.42,86495.96,1.978,1
CMP-00989,Neighborhood,Bangkok,Graduation,Office Celebration,Vanilla,Bundle,20,15942,0,0,1,Weekday,9,2535,4383,345,913,390,319038.72,49.76,52068.38,106690.81,2.049,1
CMP-00990,Transit,Bangkok,Mother's Day,Self Reward,Strawberry,Discount,10,15453,1,0,0,Weekday,4,10980,3432,417,825,212,157410.0,50.32,51645.42,27560.56,0.534,0
CMP-00991,Mall,Bangkok,Normal,Birthday,Matcha,Bundle,10,34781,0,1,0,Weekend,11,11528,4907,595,857,449,377481.93,54.2,64272.98,140317.83,2.183,0
CMP-00992,Neighborhood,Bangkok,Songkran,Seasonal Gift,Cheesecake,Social Challenge,0,85566,1,1,0,Weekday,4,6330,15527,262,909,150,148621.5,58.99,131252.63,-43587.79,-0.332,0
CMP-00993,Transit,Central,Christmas,Birthday,Red Velvet,Social Challenge,10,51720,1,1,0,Weekday,6,6416,12712,205,989,168,162995.11,55.49,90793.69,-339.8,-0.004,0
CMP-00994,Neighborhood,North,New Year,Self Reward,Chocolate,Limited Edition,10,22360,0,1,0,Weekend,13,7395,4420,462,811,562,465007.03,53.82,65833.24,184452.04,2.802,1
CMP-00995,Mall,Bangkok,Back to School,Friend Group,Matcha,Creator Collaboration,5,68423,1,0,0,Weekday,7,12784,16125,776,809,673,517234.15,52.66,123862.82,148497.69,1.199,0
CMP-00996,Neighborhood,North,Normal,Self Reward,Vanilla,Discount,15,27288,0,1,0,Weekend,12,4068,4195,365,827,312,239059.24,55.86,54896.6,78634.17,1.432,0
CMP-00997,Mall,Bangkok,Mother's Day,Friend Group,Strawberry,Free Add-on,5,25287,0,0,0,Weekend,4,13673,4760,668,918,319,278199.9,52.22,34096.31,111175.93,3.261,1
CMP-00998,Neighborhood,Bangkok,Normal,Self Reward,Fruit Cake,Creator Collaboration,10,63283,1,0,0,Weekday,5,7706,14420,289,911,205,168079.5,53.34,117111.57,-27450.23,-0.234,0
CMP-00999,Neighborhood,Bangkok,Graduation,Birthday,Vanilla,Social Challenge,15,69954,1,1,0,Weekend,11,3794,24830,292,796,453,334084.78,45.29,139140.21,12160.77,0.087,0
CMP-01000,CBD / Office,Bangkok,Songkran,Birthday,Vanilla,Creator Collaboration,20,64809,0,0,0,Weekday,5,11115,15170,403,828,269,178185.6,57.19,83289.25,18616.73,0.224,0
CMP-01001,CBD / Office,Bangkok,New Year,Friend Group,Cheesecake,Limited Edition,5,19220,0,0,0,Weekday,10,11471,2857,447,912,375,337896.0,59.44,39298.31,161546.23,4.111,0
CMP-01002,Neighborhood,Northeast,Songkran,Seasonal Gift,Strawberry,Free Add-on,10,27687,0,0,1,Weekday,6,6629,4113,450,926,226,210950.21,46.93,59508.6,39494.65,0.664,0
CMP-01003,Mall,Bangkok,Normal,Couple Gift,Matcha,Bundle,10,27519,0,1,1,Weekday,12,15702,5166,596,866,523,493227.7,60.99,58701.03,242127.66,4.125,0
CMP-01004,Neighborhood,Central,Normal,Birthday,Vanilla,Bundle,10,37115,1,0,0,Weekday,9,4911,6564,414,689,238,147583.8,50.91,106056.56,-30923.54,-0.292,0
CMP-01005,Neighborhood,Bangkok,Valentine,Birthday,Vanilla,Creator Collaboration,25,64035,1,0,0,Weekend,12,6471,11652,382,801,553,332214.75,43.16,138851.78,4517.32,0.033,0
CMP-01006,University Area,North,New Year,Office Celebration,Cheesecake,Personalized Box,20,14769,0,1,0,Weekday,14,8703,3136,555,1011,438,386137.3,56.58,66917.76,151562.35,2.265,0
CMP-01007,University Area,Bangkok,Songkran,Self Reward,Matcha,Creator Collaboration,0,61451,1,0,0,Weekday,9,8465,19600,272,838,336,281568.0,50.15,109646.48,31568.37,0.288,0
CMP-01008,Mall,Bangkok,Back to School,Friend Group,Chocolate,Social Challenge,20,68274,1,0,0,Weekend,12,13039,25606,678,691,975,538980.0,47.0,140755.47,112558.83,0.8,0
CMP-01009,Mall,Bangkok,Normal,Self Reward,Red Velvet,Bundle,30,54796,0,0,1,Weekday,3,12477,9150,712,1066,280,234008.32,49.46,75920.18,39816.94,0.524,0
CMP-01010,University Area,Northeast,Valentine,Couple Gift,Fruit Cake,Social Challenge,5,77823,1,1,0,Weekday,12,7763,18391,411,875,674,610686.13,45.25,159277.14,117029.28,0.735,0
CMP-01011,Transit,Bangkok,Graduation,Birthday,Red Velvet,Discount,15,21596,0,0,0,Weekday,9,6365,5065,269,894,319,242408.1,54.53,55836.34,76353.61,1.367,1
CMP-01012,Neighborhood,Central,Valentine,Birthday,Cheesecake,Bundle,15,16740,0,1,1,Weekend,6,6376,3301,465,1060,325,354318.25,42.31,42535.46,107387.69,2.525,1
CMP-01013,Mall,Central,Valentine,Family Celebration,Red Velvet,Free Add-on,10,34732,0,0,1,Weekend,10,11751,3899,779,849,561,480099.31,52.05,61689.71,188222.14,3.051,0
CMP-01014,University Area,North,Normal,Birthday,Matcha,Bundle,5,27148,0,0,1,Weekday,13,6146,3989,293,857,269,245287.11,49.58,81606.42,40010.49,0.49,0
CMP-01015,Transit,South,Normal,Couple Gift,Chocolate,Creator Collaboration,30,64894,0,0,0,Weekday,3,6460,15243,277,809,109,61726.7,55.29,71695.94,-37569.57,-0.524,0
CMP-01016,University Area,South,Normal,Couple Gift,Vanilla,Free Add-on,15,5000,0,1,1,Weekend,3,5602,1254,330,777,79,63132.42,52.62,25069.07,8152.91,0.325,0
CMP-01017,Hospital,Bangkok,Normal,Family Celebration,Chocolate,Personalized Box,20,57694,1,1,1,Weekday,11,5132,11308,216,709,296,203148.35,51.51,125727.61,-21078.05,-0.168,0
CMP-01018,Mall,Bangkok,Normal,Friend Group,Vanilla,Creator Collaboration,5,19876,0,0,1,Weekday,12,13511,5792,619,682,517,375160.02,53.44,60390.64,140097.59,2.32,0
CMP-01019,Neighborhood,Bangkok,Graduation,Seasonal Gift,Vanilla,Creator Collaboration,25,49659,0,0,0,Weekend,4,3948,15400,497,607,261,118820.25,47.7,65850.75,-9171.99,-0.139,0
CMP-01020,CBD / Office,South,Mother's Day,Office Celebration,Vanilla,Discount,10,28853,1,0,1,Weekend,3,6971,4873,493,808,197,160449.41,52.78,68251.99,16436.67,0.241,0
CMP-01021,Neighborhood,Bangkok,Graduation,Couple Gift,Red Velvet,Personalized Box,10,28553,0,1,0,Weekend,10,4831,5007,280,977,381,365164.5,54.96,70318.84,130392.2,1.854,1
CMP-01022,Transit,North,Christmas,Friend Group,Red Velvet,Bundle,0,33009,0,1,1,Weekend,4,5859,5928,342,1087,200,263054.0,57.82,60237.73,91859.65,1.525,1
CMP-01023,CBD / Office,Bangkok,Christmas,Birthday,Vanilla,Bundle,20,46749,0,0,0,Weekend,5,10448,4837,389,806,235,151528.0,52.62,63495.34,16233.96,0.256,0
CMP-01024,CBD / Office,Central,Normal,Office Celebration,Matcha,Free Add-on,20,25188,0,0,1,Weekend,6,11560,4153,443,962,228,196525.06,47.15,43316.37,49339.12,1.139,0
CMP-01025,Mall,Bangkok,Graduation,Office Celebration,Vanilla,Discount,25,20327,1,0,1,Weekend,12,14490,6114,598,793,774,515576.88,48.47,97635.65,152255.24,1.559,0
CMP-01026,Hospital,Bangkok,Back to School,Family Celebration,Vanilla,Creator Collaboration,10,51832,1,0,0,Weekend,11,5925,12465,256,761,333,228071.7,53.12,128391.97,-7234.03,-0.056,0
CMP-01027,Neighborhood,Bangkok,Christmas,Office Celebration,Matcha,Free Add-on,10,18217,0,0,0,Weekend,7,6330,3466,272,893,227,182439.9,48.87,34015.86,55150.7,1.621,1
CMP-01028,Hospital,Bangkok,Songkran,Friend Group,Cheesecake,Limited Edition,25,60770,1,1,1,Weekday,7,5469,10945,238,895,222,187523.62,50.7,124245.28,-29165.01,-0.235,0
CMP-01029,Hospital,Bangkok,Christmas,Couple Gift,Strawberry,Bundle,30,24416,0,1,1,Weekend,6,5424,3733,319,878,261,194096.83,42.92,59918.9,23381.42,0.39,0
CMP-01030,University Area,Bangkok,Songkran,Self Reward,Fruit Cake,Bundle,25,46528,0,1,0,Weekday,4,8507,9692,512,754,272,167659.44,41.91,62580.16,7683.28,0.123,0
CMP-01031,University Area,Northeast,New Year,Family Celebration,Fruit Cake,Discount,5,22914,0,0,1,Weekend,6,6530,3603,405,943,255,255854.76,55.55,46510.54,95611.23,2.056,1
CMP-01032,CBD / Office,Northeast,Normal,Birthday,Cheesecake,Creator Collaboration,30,54875,1,1,0,Weekend,8,10605,13503,401,974,447,332193.41,47.63,108119.7,50101.17,0.463,0
CMP-01033,CBD / Office,Bangkok,Mother's Day,Office Celebration,Vanilla,Limited Edition,5,29431,0,0,0,Weekday,6,11595,3869,607,818,340,274782.56,56.41,52818.58,102182.73,1.935,1
CMP-01034,Neighborhood,Bangkok,Back to School,Couple Gift,Vanilla,Bundle,15,17624,1,0,0,Weekday,6,6668,4866,267,796,233,157647.8,49.52,65847.38,12212.21,0.185,0
CMP-01035,Neighborhood,Northeast,Graduation,Birthday,Chocolate,Discount,15,47194,1,1,0,Weekday,11,5538,10520,430,835,678,524519.45,54.21,114065.62,170281.55,1.493,1
CMP-01036,CBD / Office,Central,Normal,Self Reward,Cheesecake,Bundle,15,57547,1,0,1,Weekday,4,10822,13704,403,960,205,187353.6,48.18,116863.45,-26597.33,-0.228,0
CMP-01037,Hospital,South,Graduation,Family Celebration,Red Velvet,Social Challenge,15,58171,1,1,0,Weekend,3,3585,20189,274,889,109,89778.78,45.9,91977.53,-50765.14,-0.552,0
CMP-01038,Hospital,Bangkok,Christmas,Couple Gift,Fruit Cake,Personalized Box,15,27915,0,1,1,Weekday,10,3145,4515,316,949,346,337712.09,53.76,62056.12,119483.88,1.925,1
CMP-01039,University Area,Bangkok,New Year,Couple Gift,Cheesecake,Creator Collaboration,15,64259,1,1,0,Weekday,13,8243,21015,334,942,639,557695.56,57.0,118514.34,199366.2,1.682,1
CMP-01040,CBD / Office,North,Graduation,Self Reward,Fruit Cake,Social Challenge,10,55402,0,1,0,Weekend,7,9529,14195,459,925,397,360247.73,57.88,71150.5,137371.95,1.931,1
CMP-01041,Mall,Central,Normal,Office Celebration,Strawberry,Bundle,20,25703,0,1,1,Weekday,4,12535,3444,557,895,243,210525.48,45.35,57260.55,38218.05,0.667,0
CMP-01042,Neighborhood,Northeast,New Year,Office Celebration,Strawberry,Social Challenge,20,34825,0,1,0,Weekend,10,4426,6391,341,892,412,320463.49,42.46,63698.58,72382.51,1.136,0
CMP-01043,Neighborhood,Bangkok,New Year,Self Reward,Strawberry,Creator Collaboration,20,68167,1,0,1,Weekday,14,3305,19891,501,829,992,736841.73,49.08,143818.72,217811.25,1.514,1
CMP-01044,Hospital,South,Back to School,Office Celebration,Cheesecake,Limited Edition,5,25847,0,1,0,Weekday,3,4835,5809,162,902,65,63139.82,60.51,34688.75,3516.05,0.101,0
CMP-01045,Transit,North,Graduation,Couple Gift,Strawberry,Personalized Box,5,27849,1,1,1,Weekday,6,5779,7920,308,868,244,243454.9,57.91,94619.34,46354.7,0.49,0
CMP-01046,Neighborhood,Northeast,Normal,Couple Gift,Red Velvet,Social Challenge,25,39565,0,0,0,Weekday,8,2900,8637,394,955,393,281486.25,50.97,61972.94,81510.82,1.315,1
CMP-01047,Mall,Bangkok,Christmas,Self Reward,Matcha,Discount,10,23771,1,0,1,Weekday,13,14208,5110,493,1029,630,653456.16,57.71,113677.72,263461.77,2.318,1
CMP-01048,Mall,Bangkok,Normal,Seasonal Gift,Fruit Cake,Free Add-on,0,44671,0,0,1,Weekday,6,14382,7446,753,847,383,363329.12,57.79,82229.72,127726.58,1.553,1
CMP-01049,CBD / Office,North,Mother's Day,Family Celebration,Fruit Cake,Free Add-on,5,47516,1,1,0,Weekday,8,6337,9964,392,980,399,404901.21,51.71,101147.76,108214.41,1.07,0
CMP-01050,Neighborhood,Bangkok,Normal,Self Reward,Red Velvet,Limited Edition,25,49125,0,1,0,Weekend,3,8343,9315,354,1071,141,128389.55,45.67,60595.28,-1960.81,-0.032,0
CMP-01051,Neighborhood,North,Songkran,Family Celebration,Matcha,Limited Edition,10,52532,0,0,0,Weekend,12,1853,7852,308,919,389,334611.58,51.28,87687.94,83912.04,0.957,0
CMP-01052,Transit,Bangkok,Normal,Office Celebration,Fruit Cake,Bundle,15,19003,0,0,1,Weekday,9,8565,2894,311,943,198,177751.73,55.47,46711.81,51886.12,1.111,0
CMP-01053,Mall,South,Mother's Day,Family Celebration,Red Velvet,Personalized Box,25,36388,1,1,1,Weekday,13,11699,7020,431,917,806,670735.07,52.11,103331.67,246193.58,2.383,1
CMP-01054,Mall,South,Normal,Couple Gift,Strawberry,Discount,20,5000,0,0,0,Weekday,9,10116,1990,606,849,177,120218.4,47.77,38337.38,19093.71,0.498,0
CMP-01055,Hospital,Northeast,Back to School,Office Celebration,Matcha,Bundle,15,5000,0,1,0,Weekend,9,1429,900,365,856,45,35688.78,51.37,42387.22,-24053.0,-0.567,0
CMP-01056,Transit,North,New Year,Seasonal Gift,Matcha,Social Challenge,10,18808,0,0,0,Weekday,3,6671,4820,254,789,108,76690.8,56.84,26313.72,17277.75,0.657,0
CMP-01057,CBD / Office,Bangkok,New Year,Birthday,Strawberry,Discount,15,5000,0,0,1,Weekday,12,12387,900,535,922,296,259812.22,55.24,43884.74,99641.35,2.271,0
CMP-01058,CBD / Office,Bangkok,Normal,Family Celebration,Strawberry,Personalized Box,15,28888,0,0,0,Weekend,7,10158,4585,653,895,278,211488.5,49.25,53596.22,50570.72,0.944,0
CMP-01059,Neighborhood,North,Normal,Birthday,Fruit Cake,Limited Edition,20,35844,0,1,1,Weekend,12,4807,6174,343,888,468,418376.72,48.96,91016.25,113816.18,1.251,1
CMP-01060,CBD / Office,South,Christmas,Family Celebration,Matcha,Discount,5,46006,0,1,0,Weekday,5,6884,7060,419,907,289,271428.37,61.56,60229.58,106863.65,1.774,1
CMP-01061,Transit,Bangkok,New Year,Birthday,Cheesecake,Limited Edition,10,38824,0,1,0,Weekday,6,8091,5296,391,957,306,298769.12,48.49,51229.16,93636.25,1.828,1
CMP-01062,Neighborhood,Central,Christmas,Seasonal Gift,Cheesecake,Discount,5,41704,0,1,0,Weekday,12,4443,6023,245,1016,375,394525.5,58.86,85229.1,146973.08,1.724,1
CMP-01063,University Area,Bangkok,Songkran,Office Celebration,Strawberry,Creator Collaboration,5,20125,0,1,0,Weekday,12,9372,6203,430,957,559,553954.19,51.61,67300.27,218619.44,3.248,1
CMP-01064,University Area,Bangkok,Valentine,Friend Group,Vanilla,Limited Edition,15,42556,0,0,0,Weekday,7,5505,7529,348,933,323,266401.36,51.73,64314.57,73501.42,1.143,0
CMP-01065,Mall,Bangkok,New Year,Birthday,Chocolate,Discount,20,5000,0,0,1,Weekend,4,13291,1695,717,609,282,153877.25,52.45,29754.1,50961.8,1.713,0
CMP-01066,Neighborhood,Bangkok,Normal,Couple Gift,Vanilla,Discount,15,86806,1,1,1,Weekday,8,7816,10619,437,696,477,341453.77,49.87,148892.55,21378.37,0.144,0
CMP-01067,University Area,Bangkok,Normal,Friend Group,Chocolate,Discount,10,53049,1,0,0,Weekend,14,6670,11657,395,797,596,427510.8,52.45,106541.69,117685.32,1.105,0
CMP-01068,Mall,North,Valentine,Birthday,Matcha,Creator Collaboration,20,28967,0,1,0,Weekday,10,11108,6683,653,978,729,621702.86,50.93,66908.39,249711.54,3.732,1
CMP-01069,CBD / Office,Bangkok,Back to School,Friend Group,Strawberry,Personalized Box,0,13892,0,0,1,Weekday,7,9628,3411,436,928,234,243210.24,60.33,40639.63,106090.2,2.611,0
CMP-01070,Neighborhood,Central,Graduation,Birthday,Matcha,Personalized Box,10,39703,1,1,1,Weekday,12,4644,9281,431,770,647,542528.91,52.28,134036.26,149577.12,1.116,0
CMP-01071,Mall,Northeast,Christmas,Friend Group,Strawberry,Limited Edition,5,24736,1,0,0,Weekday,8,12112,5392,472,931,466,428639.85,51.23,90374.18,129220.72,1.43,1
CMP-01072,CBD / Office,Northeast,Normal,Self Reward,Cheesecake,Free Add-on,30,13585,0,0,0,Weekday,10,9244,2291,631,980,234,160524.0,41.05,51538.52,14352.68,0.278,0
CMP-01073,Neighborhood,Bangkok,Graduation,Family Celebration,Fruit Cake,Social Challenge,0,79116,1,0,0,Weekend,6,7749,24909,370,887,272,241264.0,56.81,131417.4,5649.51,0.043,0
CMP-01074,University Area,North,Normal,Self Reward,Cheesecake,Personalized Box,15,33959,0,1,1,Weekend,12,7152,7042,545,941,667,645534.94,48.95,94117.94,221878.77,2.357,1
CMP-01075,Transit,Bangkok,Christmas,Family Celebration,Red Velvet,Limited Edition,10,80600,1,1,0,Weekday,7,10893,15496,340,917,338,316219.31,46.18,134814.8,11203.06,0.083,0
CMP-01076,University Area,Northeast,Christmas,Family Celebration,Fruit Cake,Limited Edition,15,5000,0,0,0,Weekday,11,6071,1520,404,861,234,178103.02,44.23,35253.05,43516.05,1.234,0
CMP-01077,Transit,South,Normal,Birthday,Cheesecake,Personalized Box,20,23755,0,1,1,Weekday,12,6504,4578,371,1018,358,352781.79,48.94,86992.12,85648.35,0.985,0
CMP-01078,Hospital,South,Normal,Couple Gift,Fruit Cake,Discount,10,25526,0,1,0,Weekend,9,3562,4654,291,796,202,157736.95,50.43,55063.94,24475.85,0.444,0
CMP-01079,University Area,Bangkok,Normal,Friend Group,Chocolate,Discount,10,12397,0,0,1,Weekend,12,8128,3500,536,818,325,267976.8,57.95,67939.25,87358.59,1.286,0
CMP-01080,CBD / Office,Bangkok,Valentine,Couple Gift,Matcha,Creator Collaboration,10,36443,0,1,0,Weekend,5,10020,7403,539,914,352,315615.17,51.54,57258.18,105395.86,1.841,1
CMP-01081,University Area,Central,Valentine,Office Celebration,Matcha,Social Challenge,15,55233,0,0,1,Weekday,8,6621,11959,286,876,320,266864.64,43.82,79259.35,37683.87,0.475,0
CMP-01082,CBD / Office,Bangkok,Normal,Self Reward,Matcha,Discount,15,11833,0,0,1,Weekday,7,10803,3351,634,963,204,187022.3,51.27,48608.14,47272.03,0.973,0
CMP-01083,Neighborhood,Northeast,Normal,Birthday,Strawberry,Creator Collaboration,5,29174,1,0,0,Weekday,13,6041,8127,427,879,362,302288.1,56.99,104960.85,67318.44,0.641,0
CMP-01084,Mall,Bangkok,Normal,Friend Group,Vanilla,Limited Edition,10,37828,0,0,0,Weekday,5,12403,4882,470,812,292,221929.34,53.32,47705.66,70624.7,1.48,1
CMP-01085,Neighborhood,Northeast,Graduation,Family Celebration,Fruit Cake,Social Challenge,15,106223,1,0,0,Weekend,5,2250,26529,456,950,290,234175.0,54.22,147915.52,-20939.62,-0.142,0
CMP-01086,Mall,Bangkok,Normal,Seasonal Gift,Strawberry,Free Add-on,20,35260,0,1,1,Weekday,10,12368,5091,659,931,466,419962.93,49.75,77876.31,131050.89,1.683,0
CMP-01087,Neighborhood,North,Songkran,Couple Gift,Red Velvet,Free Add-on,15,72351,1,1,1,Weekend,3,5648,12517,424,912,182,170714.54,49.38,136955.45,-52648.66,-0.384,0
CMP-01088,Neighborhood,Bangkok,Songkran,Family Celebration,Cheesecake,Social Challenge,15,64504,0,0,0,Weekday,9,5924,13802,320,954,410,332469.0,55.51,100451.61,84089.41,0.837,0
CMP-01089,Neighborhood,Bangkok,Normal,Birthday,Red Velvet,Social Challenge,20,29162,0,1,1,Weekday,11,1632,7680,495,907,503,441621.93,52.9,82017.97,151607.75,1.848,1
CMP-01090,Neighborhood,Central,Christmas,Birthday,Matcha,Personalized Box,20,19484,0,0,1,Weekend,5,4348,3824,250,828,180,133539.84,47.99,51109.22,12972.61,0.254,0
CMP-01091,Mall,North,New Year,Friend Group,Vanilla,Bundle,0,22809,0,0,1,Weekday,9,10085,4023,737,704,280,220774.4,48.56,55405.7,51812.57,0.935,0
CMP-01092,CBD / Office,Northeast,Mother's Day,Birthday,Strawberry,Free Add-on,25,5000,0,0,1,Weekday,9,9236,1257,498,894,289,217027.44,53.19,50230.54,65205.21,1.298,0
CMP-01093,CBD / Office,Bangkok,New Year,Family Celebration,Fruit Cake,Discount,15,9098,0,0,1,Weekend,7,10554,1695,400,899,273,233646.5,54.98,41284.44,87185.73,2.112,1
CMP-01094,Neighborhood,Bangkok,Valentine,Self Reward,Fruit Cake,Discount,5,66978,0,0,0,Weekday,11,5084,11018,434,1074,660,673398.0,52.14,88115.69,262962.71,2.984,1
CMP-01095,Hospital,Central,Back to School,Office Celebration,Matcha,Personalized Box,5,14941,0,1,0,Weekday,12,4675,3544,180,810,208,174461.04,55.9,51653.77,45868.79,0.888,0
CMP-01096,Mall,South,Mother's Day,Birthday,Chocolate,Personalized Box,15,32309,0,1,0,Weekday,11,11021,3100,428,743,458,315282.39,47.35,60032.53,89255.08,1.487,0
CMP-01097,Transit,Bangkok,Valentine,Friend Group,Vanilla,Free Add-on,10,21898,0,1,0,Weekend,6,9102,3449,277,773,222,168345.49,58.59,38284.17,60341.26,1.576,1
CMP-01098,Neighborhood,North,Back to School,Office Celebration,Cheesecake,Creator Collaboration,30,86884,0,1,0,Weekday,8,4257,25029,493,978,512,382061.57,45.88,115185.23,60114.7,0.522,0
CMP-01099,CBD / Office,North,Normal,Office Celebration,Vanilla,Social Challenge,0,49847,1,1,1,Weekday,6,9156,12125,410,702,312,265019.04,59.4,115564.87,41856.18,0.362,0
CMP-01100,Neighborhood,Bangkok,Normal,Birthday,Strawberry,Bundle,10,37871,0,1,1,Weekend,10,7106,6074,481,702,354,270625.21,53.63,89644.56,55497.55,0.619,0
CMP-01101,Neighborhood,North,Valentine,Friend Group,Strawberry,Limited Edition,20,12868,0,1,0,Weekend,5,4429,2435,478,794,207,149052.98,58.59,31941.49,55382.43,1.734,1
CMP-01102,CBD / Office,Bangkok,Normal,Friend Group,Chocolate,Discount,10,26261,0,0,0,Weekday,13,11043,4799,648,849,404,308696.4,52.69,58411.33,104233.75,1.784,0
CMP-01103,CBD / Office,Bangkok,Graduation,Couple Gift,Matcha,Personalized Box,20,5000,0,1,0,Weekday,9,9161,1556,636,952,259,215007.3,49.7,41892.3,64957.03,1.551,0
CMP-01104,Hospital,Bangkok,Christmas,Self Reward,Fruit Cake,Discount,25,5000,0,0,0,Weekday,7,9861,1566,227,975,195,142593.75,41.31,19942.54,38959.07,1.954,1
CMP-01105,Mall,Bangkok,Back to School,Seasonal Gift,Cheesecake,Free Add-on,10,6866,0,0,0,Weekday,12,14495,2508,764,922,407,337728.6,45.1,35120.95,117186.3,3.337,0
CMP-01106,Mall,North,Normal,Office Celebration,Cheesecake,Creator Collaboration,15,26635,1,0,0,Weekend,6,12033,8251,650,1006,395,337764.5,51.41,73944.15,99716.67,1.349,0
CMP-01107,Neighborhood,North,Graduation,Office Celebration,Matcha,Limited Edition,10,5000,0,0,0,Weekend,8,4732,950,243,788,122,89983.3,55.53,20763.59,29205.39,1.407,0
CMP-01108,University Area,Central,Christmas,Birthday,Matcha,Creator Collaboration,30,43327,0,1,1,Weekday,8,8832,13422,433,857,464,336807.86,39.47,78687.43,54254.29,0.689,0
CMP-01109,CBD / Office,Bangkok,Normal,Friend Group,Matcha,Bundle,15,63183,1,1,1,Weekend,5,11605,13790,641,897,465,428992.49,51.35,119381.3,100916.62,0.845,0
CMP-01110,Mall,Bangkok,New Year,Office Celebration,Red Velvet,Social Challenge,5,62365,1,0,0,Weekday,9,16292,16457,579,908,705,608133.0,55.93,108047.3,232062.03,2.148,1
CMP-01111,CBD / Office,Bangkok,Normal,Birthday,Strawberry,Personalized Box,20,22866,0,0,0,Weekend,9,11507,4976,378,952,424,322918.4,47.87,53018.25,101554.28,1.915,1
CMP-01112,Mall,Bangkok,New Year,Self Reward,Strawberry,Bundle,10,6698,0,0,1,Weekday,5,13237,1978,582,893,303,272743.63,56.98,24850.9,130568.93,5.254,1
CMP-01113,Mall,Bangkok,Normal,Couple Gift,Fruit Cake,Creator Collaboration,5,75347,1,1,1,Weekday,6,13865,20642,627,843,500,484514.25,60.15,127452.15,163969.68,1.287,1
CMP-01114,University Area,Central,Back to School,Office Celebration,Cheesecake,Creator Collaboration,20,33014,0,0,1,Weekend,11,6428,7680,464,939,660,555287.04,51.9,80883.7,207296.54,2.563,1
CMP-01115,Transit,Bangkok,Normal,Self Reward,Cheesecake,Limited Edition,25,21057,0,0,1,Weekday,11,8976,3602,333,1028,363,325996.07,51.9,56590.81,112595.34,1.99,1
CMP-01116,University Area,Bangkok,Normal,Self Reward,Red Velvet,Social Challenge,20,66786,1,0,0,Weekend,7,7562,24477,467,952,453,345004.8,50.78,103944.95,71238.97,0.685,0
CMP-01117,Transit,Bangkok,Graduation,Office Celebration,Red Velvet,Discount,25,8226,0,1,0,Weekday,3,7199,2054,415,959,112,87806.04,56.43,18182.04,31364.57,1.725,1
CMP-01118,Neighborhood,South,Graduation,Self Reward,Vanilla,Discount,10,37329,0,0,0,Weekday,8,4622,8258,302,746,297,199405.8,54.0,60217.38,47470.89,0.788,0
CMP-01119,Neighborhood,Bangkok,Normal,Couple Gift,Strawberry,Discount,10,60078,1,1,0,Weekday,3,10489,11777,342,899,138,121704.82,54.94,104862.3,-37993.87,-0.362,0
CMP-01120,Hospital,Bangkok,Normal,Self Reward,Strawberry,Limited Edition,10,27981,0,1,1,Weekday,12,8465,4538,185,832,319,300590.48,57.52,69401.13,103487.7,1.491,1
CMP-01121,Mall,Bangkok,Christmas,Family Celebration,Fruit Cake,Discount,15,26524,0,1,1,Weekday,9,13300,4772,623,937,573,552202.68,46.1,73832.58,180754.97,2.448,1
CMP-01122,Mall,Central,Normal,Friend Group,Matcha,Free Add-on,15,22554,0,1,0,Weekend,12,10198,3446,635,854,355,280887.01,49.97,72205.14,68157.73,0.944,0
CMP-01123,CBD / Office,Bangkok,Valentine,Birthday,Strawberry,Limited Edition,25,5000,0,1,0,Weekday,10,9719,1333,548,836,353,250900.82,50.25,42988.05,83092.46,1.933,0
CMP-01124,CBD / Office,Northeast,Back to School,Self Reward,Fruit Cake,Bundle,5,20220,0,0,1,Weekday,10,7670,4295,583,856,281,255930.3,46.88,52695.0,67277.48,1.277,0
CMP-01125,Mall,South,Normal,Friend Group,Matcha,Personalized Box,0,22373,1,1,0,Weekday,3,12136,5254,497,801,197,171998.73,62.89,52919.77,55253.99,1.044,0
CMP-01126,CBD / Office,North,Graduation,Friend Group,Cheesecake,Discount,0,5000,0,0,0,Weekday,14,8521,2195,633,976,307,299632.0,50.25,30300.23,120269.21,3.969,0
CMP-01127,CBD / Office,North,Normal,Office Celebration,Matcha,Creator Collaboration,15,42062,0,1,0,Weekday,14,8589,10615,576,858,758,602562.25,51.56,97193.84,213494.47,2.197,0
CMP-01128,Neighborhood,Bangkok,Mother's Day,Office Celebration,Chocolate,Creator Collaboration,20,27661,1,0,1,Weekend,9,5177,7324,302,822,348,256306.18,48.27,90425.44,33303.66,0.368,0
CMP-01129,CBD / Office,Bangkok,Normal,Family Celebration,Chocolate,Personalized Box,20,47572,0,1,1,Weekday,13,14091,6559,588,670,784,508471.04,52.11,102552.31,162423.24,1.584,1
CMP-01130,Neighborhood,Bangkok,Graduation,Family Celebration,Cheesecake,Personalized Box,10,12364,0,1,0,Weekend,5,5752,2667,361,918,189,170205.46,52.73,33133.85,56622.75,1.709,1
CMP-01131,Transit,Central,Normal,Couple Gift,Red Velvet,Limited Edition,20,54291,1,0,0,Weekday,9,8103,10280,235,890,263,194746.24,53.79,126575.23,-21816.71,-0.172,0
CMP-01132,Neighborhood,South,Normal,Self Reward,Fruit Cake,Bundle,10,5000,0,0,1,Weekend,8,6168,2010,341,829,125,104454.0,52.6,45279.92,9659.65,0.213,0
CMP-01133,Neighborhood,Bangkok,Normal,Couple Gift,Cheesecake,Free Add-on,10,5000,0,0,1,Weekday,7,6223,2939,375,994,161,161314.27,59.16,29336.25,66104.48,2.253,0
CMP-01134,CBD / Office,Bangkok,New Year,Friend Group,Cheesecake,Social Challenge,10,81237,1,0,1,Weekday,12,8963,26681,456,886,726,648381.89,42.91,147857.52,130352.43,0.882,0
CMP-01135,Neighborhood,Central,Graduation,Office Celebration,Cheesecake,Free Add-on,30,55675,1,0,0,Weekend,14,5560,10667,506,940,765,503370.0,45.11,135058.91,92020.53,0.681,0
CMP-01136,University Area,Bangkok,Normal,Self Reward,Chocolate,Bundle,30,22638,0,0,0,Weekend,4,7075,4904,569,858,210,126126.0,41.52,34514.35,17851.65,0.517,0
CMP-01137,Transit,Bangkok,Valentine,Couple Gift,Red Velvet,Creator Collaboration,0,51086,0,0,1,Weekend,13,7012,9453,393,956,629,673482.88,53.8,102634.52,259686.13,2.53,1
CMP-01138,Mall,Central,Christmas,Family Celebration,Red Velvet,Limited Edition,20,6817,0,0,0,Weekend,10,11445,1495,715,816,275,186700.8,47.43,26675.92,61871.65,2.319,0
CMP-01139,CBD / Office,Bangkok,Back to School,Seasonal Gift,Fruit Cake,Creator Collaboration,25,47325,1,0,0,Weekday,5,8930,12485,491,845,309,195828.75,51.2,104158.68,-3887.26,-0.037,0
CMP-01140,Mall,Bangkok,Normal,Birthday,Matcha,Discount,30,32053,1,1,0,Weekend,5,13434,4681,588,860,348,228350.64,47.01,89081.54,18266.19,0.205,0
CMP-01141,Neighborhood,Bangkok,New Year,Friend Group,Cheesecake,Personalized Box,10,43156,0,1,1,Weekday,8,5779,7344,467,815,446,395840.61,66.0,68875.39,192379.41,2.793,1
CMP-01142,University Area,Bangkok,Mother's Day,Office Celebration,Cheesecake,Limited Edition,5,20593,0,0,0,Weekday,6,7438,4036,300,905,246,219958.44,44.78,40260.48,58241.1,1.447,1
CMP-01143,Hospital,Bangkok,Normal,Office Celebration,Cheesecake,Free Add-on,15,36272,1,0,0,Weekday,11,3923,4710,237,997,216,183049.2,55.17,98615.69,2367.15,0.024,0
CMP-01144,Mall,Central,Normal,Seasonal Gift,Chocolate,Free Add-on,0,24809,0,0,0,Weekend,5,11679,3586,522,765,173,132345.0,49.6,42495.06,23149.4,0.545,0
CMP-01145,Mall,Bangkok,Normal,Seasonal Gift,Vanilla,Bundle,10,25614,0,0,1,Weekday,10,13926,4830,511,801,350,282592.8,45.75,65440.97,63848.43,0.976,0
CMP-01146,Mall,Northeast,New Year,Friend Group,Red Velvet,Creator Collaboration,5,56729,1,1,0,Weekday,13,10181,20975,736,982,1195,1215148.9,52.63,103558.4,536029.8,5.176,1
CMP-01147,Neighborhood,Central,Normal,Self Reward,Cheesecake,Personalized Box,15,10113,0,0,0,Weekend,12,4469,2505,500,973,190,157139.5,62.01,35106.27,62334.25,1.776,0
CMP-01148,Transit,South,Graduation,Couple Gift,Chocolate,Discount,25,38376,0,0,0,Weekday,5,7283,6362,185,730,125,68437.5,51.36,52235.4,-17089.06,-0.327,0
CMP-01149,University Area,Central,Back to School,Family Celebration,Strawberry,Limited Edition,25,14159,0,0,0,Weekday,4,5513,2151,450,832,127,82417.92,41.12,22330.36,11556.19,0.518,0
CMP-01150,CBD / Office,Central,Graduation,Birthday,Chocolate,Limited Edition,15,5762,0,1,0,Weekend,5,8382,1129,574,774,188,140209.54,60.16,18124.08,66230.68,3.654,0
CMP-01151,Mall,Bangkok,Normal,Self Reward,Strawberry,Limited Edition,0,42088,0,0,1,Weekday,12,14905,5758,614,825,469,450690.24,59.51,91885.0,176299.36,1.919,0
CMP-01152,Transit,Bangkok,Normal,Couple Gift,Chocolate,Free Add-on,5,74334,1,1,0,Weekday,7,7987,8618,344,737,322,245738.65,55.25,126914.57,8858.99,0.07,0
CMP-01153,Transit,South,Normal,Friend Group,Cheesecake,Free Add-on,20,38277,0,0,1,Weekday,13,6382,6425,343,938,404,339540.99,46.99,71244.58,88318.85,1.24,1
CMP-01154,Hospital,Central,Normal,Birthday,Red Velvet,Personalized Box,15,47107,1,0,1,Weekday,10,2021,10033,228,850,303,245187.6,49.46,118775.75,2500.05,0.021,0
CMP-01155,Neighborhood,Bangkok,Mother's Day,Office Celebration,Fruit Cake,Bundle,20,24436,0,0,0,Weekday,4,3554,3665,419,943,163,122967.2,50.72,33351.99,29021.77,0.87,0
CMP-01156,CBD / Office,South,Mother's Day,Office Celebration,Cheesecake,Creator Collaboration,30,59765,1,0,0,Weekday,7,8962,13907,570,909,484,307969.2,47.76,95521.79,51572.08,0.54,0
CMP-01157,CBD / Office,Central,Normal,Friend Group,Matcha,Discount,25,5000,0,0,1,Weekday,14,9125,2213,626,896,248,186654.72,47.94,43959.79,45522.69,1.036,0
CMP-01158,University Area,South,Normal,Birthday,Vanilla,Social Challenge,5,78618,1,0,0,Weekend,4,5001,25302,306,787,152,113642.8,53.29,123540.28,-62984.88,-0.51,0
CMP-01159,University Area,South,Mother's Day,Office Celebration,Chocolate,Personalized Box,5,5000,0,0,1,Weekend,13,6245,1763,419,756,264,212357.38,51.6,65374.81,44197.1,0.676,0
CMP-01160,Neighborhood,South,Christmas,Seasonal Gift,Cheesecake,Creator Collaboration,15,69186,1,1,0,Weekend,6,7014,16583,501,970,439,394531.49,50.27,129023.32,69320.89,0.537,0
CMP-01161,Mall,Bangkok,Normal,Seasonal Gift,Fruit Cake,Social Challenge,15,72683,1,0,1,Weekend,10,13497,12409,747,873,972,807825.31,53.63,128832.78,304429.15,2.363,1
CMP-01162,Neighborhood,Bangkok,Normal,Birthday,Cheesecake,Social Challenge,25,56251,1,0,0,Weekend,11,6305,11685,340,868,511,332661.0,50.65,120323.51,48166.87,0.4,0
CMP-01163,Mall,Northeast,Christmas,Birthday,Chocolate,Social Challenge,5,20366,0,1,0,Weekend,12,12917,4888,464,891,543,500988.36,57.82,66241.71,223414.89,3.373,1
CMP-01164,Neighborhood,Bangkok,Christmas,Couple Gift,Chocolate,Social Challenge,5,24905,0,1,0,Weekend,3,6127,5904,269,863,95,84895.47,47.25,36642.66,3473.16,0.095,0
CMP-01165,Neighborhood,Northeast,Normal,Self Reward,Fruit Cake,Bundle,25,32144,0,1,0,Weekend,13,5990,5478,399,797,445,289938.64,51.72,76354.59,73609.8,0.964,0
CMP-01166,Neighborhood,Central,Normal,Office Celebration,Fruit Cake,Free Add-on,0,22943,0,1,0,Weekend,4,4594,4455,339,930,132,133808.4,52.25,33703.79,36211.92,1.074,0
CMP-01167,University Area,Bangkok,New Year,Couple Gift,Red Velvet,Personalized Box,25,19446,0,1,1,Weekday,12,7359,3257,527,881,494,394956.7,43.34,59852.55,111319.45,1.86,0
CMP-01168,Mall,Bangkok,Christmas,Couple Gift,Strawberry,Free Add-on,20,18894,0,1,0,Weekend,6,13114,2711,692,969,327,276304.54,52.89,35266.04,110871.9,3.144,0
CMP-01169,Transit,Bangkok,Songkran,Friend Group,Chocolate,Personalized Box,15,36671,0,1,0,Weekday,9,10663,6567,256,712,299,197240.73,46.24,58315.14,32882.79,0.564,0
CMP-01170,Mall,Central,Back to School,Office Celebration,Fruit Cake,Creator Collaboration,20,27368,0,0,0,Weekend,10,11925,8505,662,904,697,504070.4,43.28,61147.61,157028.32,2.568,0
CMP-01171,Transit,Central,New Year,Birthday,Matcha,Bundle,5,45048,0,0,0,Weekend,6,7722,5111,184,878,145,120944.5,59.59,61136.52,10936.63,0.179,0
CMP-01172,CBD / Office,Central,Normal,Birthday,Vanilla,Creator Collaboration,25,43388,0,0,0,Weekday,6,10934,11314,596,733,525,288618.75,39.94,62118.01,53144.91,0.856,0
CMP-01173,Transit,North,New Year,Family Celebration,Vanilla,Bundle,5,45118,0,0,1,Weekday,14,7352,7645,191,849,352,317974.27,50.77,85501.95,75937.35,0.888,0
CMP-01174,Mall,North,Back to School,Friend Group,Cheesecake,Free Add-on,10,43494,1,0,0,Weekday,5,11282,8310,446,942,295,250101.0,50.18,89396.02,36111.56,0.404,0
CMP-01175,Neighborhood,Bangkok,Normal,Seasonal Gift,Fruit Cake,Bundle,25,40534,0,0,0,Weekend,9,7406,6137,474,973,299,218195.25,37.96,63642.81,19186.66,0.301,0
CMP-01176,CBD / Office,Northeast,New Year,Family Celebration,Fruit Cake,Social Challenge,15,77483,1,0,0,Weekend,11,9127,17061,366,940,547,437053.0,51.65,124319.66,101416.56,0.816,0
CMP-01177,Neighborhood,South,Christmas,Self Reward,Cheesecake,Limited Edition,5,12965,0,0,0,Weekday,8,5064,3375,268,862,225,191622.6,58.15,33190.05,78236.58,2.357,1
CMP-01178,Neighborhood,North,Christmas,Seasonal Gift,Strawberry,Personalized Box,30,48903,1,1,1,Weekend,10,2785,6435,275,931,342,269686.49,48.01,129037.6,426.26,0.003,0
CMP-01179,Mall,Bangkok,Christmas,Family Celebration,Vanilla,Discount,20,46310,0,1,1,Weekday,5,11474,7595,736,832,432,347922.43,49.9,67547.49,106064.46,1.57,1
CMP-01180,Neighborhood,Bangkok,Songkran,Family Celebration,Cheesecake,Free Add-on,20,52970,1,0,0,Weekday,14,5711,8657,458,874,494,345404.8,49.04,126902.56,42499.84,0.335,0
CMP-01181,University Area,North,Mother's Day,Couple Gift,Fruit Cake,Limited Edition,25,32936,0,0,0,Weekend,9,6815,5347,484,840,511,334807.2,47.16,65993.39,91897.66,1.393,1
CMP-01182,CBD / Office,Bangkok,Normal,Seasonal Gift,Chocolate,Bundle,20,9095,0,1,0,Weekday,9,9725,2110,523,962,208,174483.71,51.22,39004.92,50358.35,1.291,0
CMP-01183,Mall,Bangkok,Normal,Office Celebration,Cheesecake,Personalized Box,0,30251,0,1,1,Weekend,11,11938,4556,424,955,468,540797.4,57.56,74565.6,236714.71,3.175,1
CMP-01184,Neighborhood,Central,Back to School,Family Celebration,Strawberry,Free Add-on,5,40938,0,0,0,Weekend,8,6254,6753,248,1008,239,228866.4,56.46,67456.37,61770.55,0.916,0
CMP-01185,CBD / Office,North,Normal,Couple Gift,Strawberry,Bundle,10,5000,0,1,1,Weekday,12,8108,1444,627,837,232,211466.38,59.73,48461.42,77849.52,1.606,0
CMP-01186,Mall,Central,Mother's Day,Office Celebration,Red Velvet,Creator Collaboration,15,53406,1,0,0,Weekend,14,12624,12957,642,991,1133,954382.55,50.78,117534.89,367087.21,3.123,1
CMP-01187,Hospital,Central,Normal,Birthday,Matcha,Limited Edition,20,13136,0,0,1,Weekday,4,3511,1698,198,912,79,67137.21,51.2,28812.7,5563.21,0.193,0
CMP-01188,Transit,Northeast,Back to School,Family Celebration,Strawberry,Limited Edition,10,61682,1,1,1,Weekday,11,5910,11915,249,954,381,411656.11,55.41,148014.09,80092.15,0.541,0
CMP-01189,CBD / Office,Bangkok,Christmas,Family Celebration,Fruit Cake,Free Add-on,15,51480,1,0,0,Weekend,10,12994,7931,535,805,498,340756.5,57.24,129048.31,65993.35,0.511,0
CMP-01190,Transit,Bangkok,Normal,Birthday,Red Velvet,Discount,20,5000,0,0,1,Weekend,12,9571,1885,314,914,184,150685.7,60.87,51305.07,40411.31,0.788,0
CMP-01191,Neighborhood,Bangkok,Normal,Couple Gift,Matcha,Limited Edition,20,14229,0,1,0,Weekend,9,6106,1775,507,884,154,123459.02,57.32,50195.72,20573.74,0.41,0
CMP-01192,Transit,Northeast,New Year,Family Celebration,Chocolate,Personalized Box,15,36621,1,1,0,Weekend,3,6246,6304,305,716,118,78278.13,55.86,77285.61,-33562.42,-0.434,0
CMP-01193,CBD / Office,Central,Songkran,Office Celebration,Vanilla,Free Add-on,5,12385,0,0,1,Weekday,12,9616,1606,362,832,281,248754.69,59.28,56890.36,90574.8,1.592,0
CMP-01194,University Area,North,Songkran,Seasonal Gift,Cheesecake,Limited Edition,10,11365,0,0,1,Weekday,14,5131,3439,314,824,245,211634.84,58.25,49584.27,73697.96,1.486,0
CMP-01195,Neighborhood,North,Normal,Office Celebration,Vanilla,Discount,30,39771,0,0,0,Weekday,14,3003,7189,276,902,468,295495.2,36.37,67482.22,39989.06,0.593,0
CMP-01196,Mall,South,Normal,Seasonal Gift,Fruit Cake,Free Add-on,15,56760,0,0,0,Weekend,4,11001,8106,611,952,294,237904.8,47.86,72020.11,41829.5,0.581,0
CMP-01197,CBD / Office,Bangkok,Normal,Seasonal Gift,Vanilla,Bundle,25,31181,1,0,0,Weekday,4,11209,4590,414,764,221,126633.0,49.82,74778.26,-11694.64,-0.156,0
CMP-01198,Neighborhood,Northeast,Graduation,Birthday,Strawberry,Discount,15,5000,0,0,0,Weekend,4,3465,2223,322,749,108,68758.2,53.41,13673.33,23051.65,1.686,0
CMP-01199,University Area,South,Christmas,Office Celebration,Fruit Cake,Free Add-on,5,39432,0,0,0,Weekend,12,7287,7339,357,950,417,376342.5,58.54,75005.55,145300.37,1.937,1
CMP-01200,Hospital,South,New Year,Family Celebration,Cheesecake,Discount,5,50461,1,1,0,Weekday,9,4434,10834,211,997,241,248806.83,53.95,100941.46,33296.21,0.33,0
CMP-01201,Mall,South,Mother's Day,Friend Group,Strawberry,Personalized Box,25,28362,0,1,1,Weekday,7,8388,4696,736,934,622,527210.31,57.81,62942.03,241849.36,3.842,1
CMP-01202,University Area,North,New Year,Seasonal Gift,Red Velvet,Discount,15,5000,0,1,0,Weekend,5,5227,2155,398,942,140,122186.82,52.53,16003.28,48176.57,3.01,0
CMP-01203,Neighborhood,Northeast,Back to School,Self Reward,Cheesecake,Discount,15,40065,0,0,0,Weekend,11,4852,9203,504,889,488,368757.2,43.15,80538.1,78585.34,0.976,0
CMP-01204,Mall,Central,Graduation,Seasonal Gift,Strawberry,Creator Collaboration,15,56559,1,0,1,Weekend,9,11243,16247,586,953,636,577014.82,53.03,139626.94,166387.19,1.192,0
CMP-01205,Mall,Northeast,Normal,Office Celebration,Red Velvet,Bundle,15,28224,0,0,1,Weekday,5,9093,3975,729,1020,222,215570.88,52.05,58111.88,54090.23,0.931,0
CMP-01206,Mall,Central,Normal,Family Celebration,Matcha,Social Challenge,20,17902,0,0,0,Weekend,5,11827,4076,699,890,221,157352.0,46.61,35696.72,37643.37,1.055,0
CMP-01207,University Area,Bangkok,Normal,Birthday,Vanilla,Creator Collaboration,15,94029,1,0,0,Weekend,6,5791,31663,505,729,411,254676.15,48.68,139435.1,-15449.86,-0.111,0
CMP-01208,Hospital,South,Valentine,Office Celebration,Strawberry,Limited Edition,20,33378,0,0,0,Weekday,5,3580,5405,169,888,114,84225.02,46.17,50056.79,-11170.46,-0.223,0
CMP-01209,Mall,Bangkok,Christmas,Birthday,Vanilla,Creator Collaboration,25,41157,1,0,1,Weekend,6,14589,11430,559,676,461,261774.24,55.02,103665.29,40362.27,0.389,0
CMP-01210,Mall,Bangkok,Normal,Friend Group,Cheesecake,Creator Collaboration,10,53288,0,0,1,Weekend,6,14143,9210,514,936,414,390604.03,52.0,78258.61,124839.39,1.595,1
CMP-01211,Hospital,Northeast,Normal,Self Reward,Chocolate,Personalized Box,15,39303,0,1,0,Weekend,5,4854,5303,321,918,195,165852.77,49.15,59240.89,22267.5,0.376,0
CMP-01212,Mall,South,Valentine,Birthday,Cheesecake,Limited Edition,15,22587,0,0,0,Weekday,5,8963,3195,472,801,315,223046.46,40.49,32930.14,57388.33,1.743,1
CMP-01213,University Area,Central,Normal,Friend Group,Matcha,Personalized Box,0,15588,0,0,1,Weekday,10,5940,4341,474,881,250,246680.0,51.61,55854.97,71449.42,1.279,0
CMP-01214,CBD / Office,Northeast,Mother's Day,Friend Group,Strawberry,Discount,20,13629,0,1,1,Weekday,9,7172,3490,430,832,434,349533.18,52.35,48220.45,134759.19,2.795,1
CMP-01215,Hospital,North,Back to School,Self Reward,Chocolate,Social Challenge,25,57407,0,1,0,Weekend,9,2571,10711,170,885,201,145420.99,47.09,83492.19,-15012.94,-0.18,0
CMP-01216,Neighborhood,North,New Year,Couple Gift,Red Velvet,Limited Edition,25,5000,0,0,0,Weekday,7,3752,1772,258,902,161,113273.16,47.05,22442.17,30854.02,1.375,0
CMP-01217,Hospital,Bangkok,Valentine,Family Celebration,Strawberry,Personalized Box,10,59124,1,1,0,Weekday,11,2794,9101,337,889,475,414251.78,52.01,115526.74,99923.46,0.865,0
CMP-01218,Neighborhood,Bangkok,Mother's Day,Couple Gift,Fruit Cake,Bundle,25,43881,1,0,0,Weekend,4,6336,9700,286,909,167,113852.25,46.72,93621.84,-40427.59,-0.432,0
CMP-01219,Mall,Central,Valentine,Family Celebration,Fruit Cake,Social Challenge,15,62890,1,0,0,Weekday,9,12690,11174,656,1063,700,632485.0,52.33,116948.19,214060.36,1.83,1
CMP-01220,University Area,Central,New Year,Self Reward,Strawberry,Bundle,15,21122,0,0,0,Weekend,9,8026,4108,402,917,409,318795.05,57.17,49910.59,132351.22,2.652,1
CMP-01221,Mall,Northeast,Normal,Self Reward,Strawberry,Limited Edition,30,5000,0,0,1,Weekend,10,9160,1505,564,803,231,151243.57,54.71,37469.43,45280.51,1.208,0
CMP-01222,University Area,Northeast,Valentine,Self Reward,Red Velvet,Bundle,5,55383,0,1,0,Weekday,9,6818,9071,554,849,699,614518.51,60.24,79047.08,291131.1,3.683,1
CMP-01223,CBD / Office,North,Mother's Day,Friend Group,Red Velvet,Social Challenge,10,70875,1,0,0,Weekday,6,6186,15374,392,1040,332,310752.0,57.52,109329.47,69402.73,0.635,0
CMP-01224,University Area,South,Valentine,Family Celebration,Vanilla,Limited Edition,15,51644,1,1,1,Weekday,8,8830,8120,540,894,632,604355.16,50.7,108066.29,198369.08,1.836,1
CMP-01225,Mall,North,Normal,Friend Group,Cheesecake,Creator Collaboration,20,38085,1,1,0,Weekend,5,11103,14131,672,1032,467,420255.17,52.15,78748.44,140413.15,1.783,1
CMP-01226,University Area,Central,Christmas,Seasonal Gift,Matcha,Creator Collaboration,15,50221,1,0,0,Weekday,12,6757,14147,437,959,668,544520.2,49.67,138361.56,132087.01,0.955,0
CMP-01227,Transit,North,Normal,Couple Gift,Matcha,Bundle,0,41158,0,0,1,Weekend,7,7562,7141,346,873,328,320705.28,57.62,70336.6,114468.25,1.627,1
CMP-01228,Transit,North,Valentine,Birthday,Fruit Cake,Creator Collaboration,20,6272,0,0,0,Weekday,8,6550,1333,188,818,191,124990.4,45.06,31377.79,24943.3,0.795,0
CMP-01229,Transit,North,New Year,Couple Gift,Red Velvet,Discount,15,25138,0,1,1,Weekday,7,6755,4518,317,1002,314,323594.9,54.33,57080.98,118716.4,2.08,1
CMP-01230,CBD / Office,Bangkok,New Year,Family Celebration,Fruit Cake,Creator Collaboration,0,80605,1,1,0,Weekday,12,11699,23348,475,899,835,818224.85,48.64,150148.83,247835.19,1.651,1
CMP-01231,Transit,Bangkok,New Year,Birthday,Red Velvet,Creator Collaboration,10,59595,1,0,0,Weekend,8,8747,15282,315,1071,334,321942.6,48.34,112657.14,42973.7,0.381,0
CMP-01232,Neighborhood,Northeast,Christmas,Office Celebration,Fruit Cake,Personalized Box,10,23909,0,1,0,Weekday,13,4397,4055,465,983,365,351977.9,53.3,74521.72,113093.88,1.518,0
CMP-01233,CBD / Office,Central,Normal,Self Reward,Chocolate,Limited Edition,0,41863,0,0,1,Weekday,8,10424,7568,587,773,445,400673.73,49.67,77217.97,121810.92,1.577,1
CMP-01234,Hospital,Northeast,Mother's Day,Birthday,Fruit Cake,Social Challenge,20,49451,0,0,0,Weekend,9,2418,7297,278,1093,306,267566.4,42.18,82146.04,30716.86,0.374,0
CMP-01235,CBD / Office,South,Christmas,Birthday,Strawberry,Bundle,25,16271,0,0,0,Weekday,3,7893,3055,588,885,187,124121.25,44.9,25122.43,30604.71,1.218,0
CMP-01236,Transit,Bangkok,Mother's Day,Seasonal Gift,Matcha,Bundle,15,30825,1,0,1,Weekend,6,6643,5110,348,838,275,219388.4,48.9,87192.62,20086.17,0.23,0
CMP-01237,CBD / Office,Bangkok,Graduation,Friend Group,Matcha,Limited Edition,20,29477,0,0,1,Weekday,11,9793,6115,489,863,671,539603.38,50.0,80946.91,188843.01,2.333,1
CMP-01238,Transit,South,Normal,Birthday,Vanilla,Bundle,10,14042,0,1,1,Weekend,5,7576,2486,375,739,118,94962.98,59.53,31769.2,24764.09,0.779,0
CMP-01239,Neighborhood,Central,Normal,Couple Gift,Fruit Cake,Discount,5,27769,1,0,0,Weekday,5,5905,3444,433,960,130,118560.0,42.09,76195.58,-26297.62,-0.345,0
CMP-01240,CBD / Office,Bangkok,Normal,Self Reward,Chocolate,Free Add-on,0,10580,0,0,0,Weekday,3,9525,2666,421,852,116,98832.0,60.27,17846.26,41719.94,2.338,1
CMP-01241,CBD / Office,Central,Back to School,Seasonal Gift,Fruit Cake,Free Add-on,20,10688,0,0,0,Weekday,4,11723,2117,580,837,163,109144.8,44.9,21865.46,27140.41,1.241,0
CMP-01242,Hospital,Bangkok,Christmas,Birthday,Matcha,Personalized Box,5,22608,1,1,1,Weekday,7,4035,4577,359,873,221,221776.48,52.34,78646.56,37428.28,0.476,0
CMP-01243,Neighborhood,Bangkok,Normal,Family Celebration,Chocolate,Social Challenge,25,47689,0,0,0,Weekend,13,7456,8258,485,731,430,235747.5,49.3,91142.52,25087.05,0.275,0
CMP-01244,Mall,Bangkok,Normal,Seasonal Gift,Cheesecake,Personalized Box,15,67208,0,1,1,Weekday,12,12220,9140,596,997,813,833661.99,58.48,107924.97,379567.8,3.517,1
CMP-01245,Neighborhood,Central,New Year,Friend Group,Matcha,Creator Collaboration,20,50419,0,1,0,Weekend,3,3478,14369,428,871,152,115445.82,47.88,57562.02,-2288.62,-0.04,0
CMP-01246,Mall,Bangkok,Normal,Couple Gift,Strawberry,Bundle,20,45012,1,1,0,Weekend,14,12143,7850,647,885,711,548692.92,49.43,121320.12,149892.4,1.236,0
CMP-01247,Transit,South,New Year,Couple Gift,Red Velvet,Social Challenge,25,33299,0,0,0,Weekend,7,5887,6745,191,1035,183,142053.75,44.75,47308.8,16264.88,0.344,0
CMP-01248,Neighborhood,Bangkok,New Year,Couple Gift,Fruit Cake,Bundle,10,19130,1,1,1,Weekend,7,4384,3661,391,975,285,302605.87,51.09,73666.34,80947.13,1.099,0
CMP-01249,University Area,North,Songkran,Couple Gift,Cheesecake,Limited Edition,5,7014,0,1,0,Weekend,4,7205,1687,397,907,108,105490.78,57.34,22273.99,38215.13,1.716,0
CMP-01250,Neighborhood,Bangkok,Christmas,Couple Gift,Chocolate,Limited Edition,20,39642,0,0,1,Weekday,8,6169,5915,516,821,422,322847.15,54.11,72748.94,101943.82,1.401,1
CMP-01251,Neighborhood,Northeast,New Year,Family Celebration,Strawberry,Creator Collaboration,0,74608,1,0,0,Weekend,9,5283,15238,510,933,566,528078.0,54.83,139730.79,149830.02,1.072,0
CMP-01252,Neighborhood,South,New Year,Friend Group,Fruit Cake,Creator Collaboration,5,47637,0,0,1,Weekend,14,5799,12721,294,956,486,494351.42,51.21,87449.02,165721.21,1.895,1
CMP-01253,Transit,South,Mother's Day,Self Reward,Matcha,Social Challenge,10,35297,0,0,0,Weekend,6,6674,8296,343,977,292,256755.6,55.19,53640.07,88054.34,1.642,1
CMP-01254,Neighborhood,Central,Normal,Family Celebration,Matcha,Discount,25,14413,0,1,0,Weekday,7,7096,2270,341,784,157,100624.44,43.61,36376.96,7502.13,0.206,0
CMP-01255,Transit,Bangkok,Back to School,Birthday,Cheesecake,Social Challenge,20,68727,1,1,0,Weekday,4,7503,25702,218,1047,113,103167.19,60.11,112009.22,-49993.34,-0.446,0
CMP-01256,University Area,South,Graduation,Friend Group,Fruit Cake,Discount,15,63647,1,0,0,Weekday,11,5597,10641,472,875,653,485668.75,49.95,125753.2,116827.03,0.929,0
CMP-01257,Mall,South,Normal,Self Reward,Chocolate,Free Add-on,15,5000,0,1,0,Weekday,8,13930,1932,736,941,300,261550.95,55.89,25155.44,121033.86,4.811,0
CMP-01258,Hospital,Bangkok,Valentine,Self Reward,Cheesecake,Free Add-on,15,35554,0,0,0,Weekday,3,3485,5130,324,965,122,100070.5,45.46,45937.72,-443.25,-0.01,0
CMP-01259,CBD / Office,Bangkok,Christmas,Friend Group,Matcha,Free Add-on,15,5000,0,0,1,Weekday,3,10640,1738,666,738,143,100468.37,45.38,26249.32,19348.16,0.737,0
CMP-01260,Neighborhood,Bangkok,Christmas,Friend Group,Chocolate,Social Challenge,0,52214,1,1,0,Weekend,3,3920,17834,264,741,97,78345.93,52.78,89163.28,-47813.42,-0.536,0
CMP-01261,Transit,Bangkok,Graduation,Family Celebration,Fruit Cake,Limited Edition,5,31278,0,0,0,Weekday,5,9602,4168,351,910,221,198696.68,55.68,43489.1,67144.17,1.544,1
CMP-01262,CBD / Office,Bangkok,Valentine,Seasonal Gift,Vanilla,Limited Edition,0,50634,0,1,0,Weekday,9,10605,8479,623,696,739,583060.36,56.31,78450.77,249890.06,3.185,1
CMP-01263,Hospital,Bangkok,Normal,Birthday,Cheesecake,Limited Edition,15,21010,1,0,0,Weekday,14,4033,5063,338,1024,288,260702.21,51.42,105896.67,28159.69,0.266,0
CMP-01264,Mall,Central,Normal,Birthday,Matcha,Limited Edition,20,16040,0,0,1,Weekday,7,11933,2571,571,831,253,195912.84,47.98,51704.17,42291.77,0.818,0
CMP-01265,Transit,Northeast,Christmas,Birthday,Matcha,Creator Collaboration,15,42538,0,0,0,Weekday,12,5824,8320,315,911,462,357749.7,49.11,73330.47,102369.88,1.396,1
CMP-01266,University Area,Bangkok,Graduation,Office Celebration,Chocolate,Limited Edition,15,14724,0,1,0,Weekend,14,7429,3701,479,833,433,347545.49,54.05,52533.19,135310.99,2.576,0
CMP-01267,Mall,South,Songkran,Friend Group,Cheesecake,Free Add-on,15,8193,0,1,0,Weekday,13,12718,2057,716,992,358,329033.5,50.41,35010.31,130847.14,3.737,0
CMP-01268,Neighborhood,North,Normal,Self Reward,Chocolate,Discount,20,24730,0,1,0,Weekday,4,5229,4854,326,836,162,118096.7,53.47,34040.86,29107.74,0.855,0
CMP-01269,University Area,Northeast,Songkran,Self Reward,Cheesecake,Creator Collaboration,10,58168,0,0,1,Weekend,10,6229,12711,551,966,726,706926.53,55.47,94633.96,297468.79,3.143,1
CMP-01270,Hospital,Central,Songkran,Seasonal Gift,Vanilla,Creator Collaboration,10,51439,1,1,0,Weekend,3,3786,11952,253,916,111,99744.16,50.43,92716.3,-42412.65,-0.457,0
CMP-01271,Neighborhood,Bangkok,Back to School,Family Celebration,Chocolate,Social Challenge,20,80408,1,0,0,Weekday,8,7870,18220,326,873,344,240249.6,47.87,139982.27,-24969.29,-0.178,0
CMP-01272,Mall,Bangkok,Back to School,Friend Group,Chocolate,Bundle,10,17120,0,0,0,Weekday,5,11672,4093,625,689,222,137662.2,48.42,34980.52,31680.34,0.906,0
CMP-01273,University Area,Bangkok,Normal,Office Celebration,Matcha,Free Add-on,20,31763,0,1,1,Weekday,11,8150,6221,342,949,462,424407.98,53.21,75345.3,150471.68,1.997,1
CMP-01274,Transit,Bangkok,Back to School,Friend Group,Cheesecake,Personalized Box,15,46729,0,1,1,Weekend,4,7518,9366,372,917,195,183911.23,56.14,66850.77,36389.25,0.544,0
CMP-01275,CBD / Office,Bangkok,Songkran,Family Celebration,Strawberry,Creator Collaboration,10,88418,1,1,0,Weekday,6,11714,21587,633,841,498,410860.46,51.35,129360.52,81620.9,0.631,0
CMP-01276,Mall,Bangkok,Normal,Couple Gift,Vanilla,Limited Edition,15,28920,1,0,1,Weekday,8,13563,5121,596,730,299,216104.76,58.88,101283.47,25959.67,0.256,0
CMP-01277,Hospital,Bangkok,Christmas,Self Reward,Matcha,Discount,15,63137,0,1,0,Weekday,7,5383,7939,317,830,297,228391.52,51.47,85485.02,32071.18,0.375,0
CMP-01278,Neighborhood,Central,Normal,Seasonal Gift,Vanilla,Creator Collaboration,10,77082,1,0,0,Weekday,14,4828,23647,497,692,920,572976.0,52.13,136947.94,161732.11,1.181,0
CMP-01279,Mall,Bangkok,Normal,Seasonal Gift,Cheesecake,Discount,20,9095,0,0,0,Weekday,10,13691,1447,711,1033,282,233044.8,55.92,29123.82,101185.66,3.474,0
CMP-01280,University Area,Bangkok,Christmas,Family Celebration,Vanilla,Limited Edition,15,5000,0,1,0,Weekday,7,8317,1557,434,829,186,148575.17,49.68,24134.77,49672.83,2.058,0
CMP-01281,CBD / Office,Central,Christmas,Office Celebration,Red Velvet,Limited Edition,10,35876,0,0,0,Weekday,11,12126,4275,399,1002,461,432358.99,55.6,60803.53,179575.67,2.953,1
CMP-01282,Mall,Central,Back to School,Friend Group,Matcha,Discount,20,43666,0,0,0,Weekday,9,12100,6377,759,895,441,315756.0,54.43,63470.03,108400.84,1.708,0
CMP-01283,Mall,Central,Songkran,Self Reward,Matcha,Social Challenge,0,61337,1,1,0,Weekday,14,11243,14690,574,828,1124,1014432.48,57.44,131604.89,451050.5,3.427,1
CMP-01284,University Area,Central,New Year,Friend Group,Matcha,Social Challenge,10,26446,0,1,1,Weekday,10,8008,6270,480,812,687,607492.12,62.08,65727.93,311430.8,4.738,1
CMP-01285,CBD / Office,Bangkok,Normal,Couple Gift,Matcha,Creator Collaboration,0,46305,1,0,1,Weekend,5,10708,8633,392,814,257,234301.76,55.4,117326.52,12485.21,0.106,0
CMP-01286,University Area,Bangkok,Songkran,Friend Group,Red Velvet,Social Challenge,5,36576,0,0,1,Weekday,10,7897,7170,307,1110,413,487769.52,57.2,87479.01,191543.03,2.19,1
CMP-01287,Neighborhood,Central,New Year,Family Celebration,Chocolate,Creator Collaboration,10,55123,0,1,0,Weekday,9,4926,12615,315,762,349,260885.18,54.28,79670.59,61940.65,0.777,0
CMP-01288,Hospital,Central,Back to School,Seasonal Gift,Strawberry,Discount,0,24824,0,1,0,Weekend,5,6030,4706,302,929,193,195433.73,55.38,45583.08,62650.71,1.374,1
CMP-01289,Neighborhood,North,Normal,Seasonal Gift,Chocolate,Limited Edition,25,41698,0,0,0,Weekday,7,5629,6470,396,711,288,159719.04,40.22,61361.64,2877.86,0.047,0
CMP-01290,Mall,North,Songkran,Family Celebration,Fruit Cake,Personalized Box,20,30166,0,0,1,Weekday,9,10505,3754,529,874,297,232581.89,48.26,77492.54,34744.4,0.448,0
CMP-01291,Mall,South,Normal,Friend Group,Matcha,Discount,5,32364,1,1,1,Weekend,13,9665,5545,738,875,514,516987.62,55.22,116915.11,168584.17,1.442,0
CMP-01292,Hospital,Bangkok,Valentine,Self Reward,Matcha,Discount,0,14738,1,0,0,Weekend,9,4336,4257,171,886,216,191376.0,57.64,64860.38,45443.73,0.701,0
CMP-01293,Transit,South,Normal,Birthday,Vanilla,Social Challenge,20,86326,1,0,0,Weekday,13,5005,25037,207,660,397,209616.0,43.26,141523.92,-50850.43,-0.359,0
CMP-01294,University Area,Bangkok,Back to School,Family Celebration,Vanilla,Creator Collaboration,30,52050,0,0,0,Weekend,7,8068,11325,383,735,325,167212.5,47.24,66247.72,12736.1,0.192,0
CMP-01295,University Area,North,Mother's Day,Family Celebration,Fruit Cake,Limited Edition,10,20386,0,0,0,Weekday,11,6121,3325,425,911,352,300148.99,50.12,56481.6,93957.1,1.663,0
CMP-01296,Mall,Northeast,Normal,Self Reward,Fruit Cake,Limited Edition,20,27207,1,0,0,Weekend,3,10337,4762,575,916,178,135655.94,43.2,70874.97,-12268.85,-0.173,0
CMP-01297,Neighborhood,Bangkok,Normal,Seasonal Gift,Chocolate,Social Challenge,20,37233,0,0,0,Weekday,7,6706,9033,417,866,337,233473.6,44.04,60996.49,41824.15,0.686,0
CMP-01298,CBD / Office,Bangkok,Normal,Family Celebration,Strawberry,Discount,15,53561,0,1,0,Weekend,7,8207,8979,417,743,402,276732.58,52.89,80574.79,65787.11,0.816,0
CMP-01299,CBD / Office,South,Normal,Office Celebration,Fruit Cake,Personalized Box,0,26168,0,1,0,Weekday,12,9671,4129,494,812,381,337215.48,57.98,54073.46,141446.5,2.616,0
CMP-01300,Neighborhood,South,New Year,Office Celebration,Matcha,Personalized Box,10,31582,0,1,1,Weekday,8,4904,4597,430,851,431,399424.51,57.43,63080.02,166305.9,2.636,1
CMP-01301,Transit,North,Normal,Self Reward,Matcha,Personalized Box,20,64300,0,0,0,Weekday,4,6953,10528,251,898,146,104886.4,49.03,78650.16,-27220.66,-0.346,0
CMP-01302,Neighborhood,North,Graduation,Couple Gift,Fruit Cake,Free Add-on,30,5000,0,1,0,Weekday,13,7854,2858,439,915,324,226198.98,51.54,52692.01,63881.87,1.212,0
CMP-01303,University Area,Northeast,Normal,Family Celebration,Fruit Cake,Bundle,15,14562,0,0,1,Weekend,5,7464,2465,392,1082,139,143178.9,53.9,38074.31,39098.32,1.027,0
CMP-01304,Mall,Bangkok,New Year,Family Celebration,Vanilla,Discount,10,19779,0,1,0,Weekend,12,14090,3935,600,800,650,510120.0,52.46,51633.07,215971.91,4.183,0
CMP-01305,Hospital,Northeast,Normal,Family Celebration,Chocolate,Limited Edition,20,11973,1,0,0,Weekday,7,5122,2950,250,792,111,73142.78,39.82,56128.31,-26999.62,-0.481,0
CMP-01306,Mall,Bangkok,Songkran,Family Celebration,Strawberry,Creator Collaboration,10,18509,0,1,0,Weekday,3,12892,3106,689,950,186,173342.7,50.98,25814.96,62560.55,2.423,0
CMP-01307,Neighborhood,North,New Year,Friend Group,Matcha,Limited Edition,5,5000,0,1,1,Weekday,11,4037,1674,397,892,187,199410.85,62.37,49476.0,74906.45,1.514,0
CMP-01308,CBD / Office,North,New Year,Self Reward,Red Velvet,Creator Collaboration,20,41239,0,0,0,Weekday,3,8036,12399,397,915,154,112728.0,54.88,49492.95,12368.09,0.25,0
CMP-01309,Mall,South,Normal,Family Celebration,Fruit Cake,Personalized Box,15,5000,1,1,1,Weekend,3,9781,1563,640,1099,123,139029.54,60.52,61645.93,22493.53,0.365,0
CMP-01310,University Area,Northeast,Songkran,Seasonal Gift,Fruit Cake,Social Challenge,20,27721,0,0,0,Weekend,5,5939,5739,483,958,229,175505.6,50.78,39105.45,50014.56,1.279,0
CMP-01311,Transit,Northeast,Christmas,Birthday,Fruit Cake,Bundle,20,38563,1,0,0,Weekday,5,7862,8714,397,904,257,185862.4,45.24,70741.96,13345.57,0.189,0
CMP-01312,University Area,Bangkok,Normal,Office Celebration,Strawberry,Creator Collaboration,20,50436,0,0,1,Weekday,10,8433,9358,402,907,569,462410.37,50.16,102506.46,129458.77,1.263,1
CMP-01313,Hospital,Central,Normal,Couple Gift,Vanilla,Discount,15,17240,0,0,1,Weekend,12,1320,3453,368,590,137,76950.16,57.72,57311.65,-12899.41,-0.225,0
CMP-01314,Mall,Northeast,Christmas,Family Celebration,Cheesecake,Bundle,15,60762,1,0,0,Weekday,8,10011,7656,679,959,488,397793.2,44.69,119982.85,57806.42,0.482,0
CMP-01315,CBD / Office,Bangkok,Songkran,Couple Gift,Chocolate,Bundle,20,49163,1,0,1,Weekday,12,11645,7577,569,875,657,515088.0,49.34,130775.35,123371.69,0.943,0
CMP-01316,Hospital,Bangkok,Mother's Day,Self Reward,Vanilla,Creator Collaboration,0,61934,1,0,0,Weekday,11,2335,19970,200,798,276,220248.0,54.55,128249.23,-8100.21,-0.063,0
CMP-01317,Neighborhood,North,Normal,Self Reward,Red Velvet,Creator Collaboration,10,70374,1,0,0,Weekday,13,3805,23499,420,1062,640,611712.0,48.7,153702.5,144171.6,0.938,0
CMP-01318,Mall,Central,Normal,Birthday,Cheesecake,Discount,10,5000,0,1,0,Weekend,4,12855,1481,437,1009,147,145504.86,45.99,16927.35,49996.8,2.954,0
CMP-01319,CBD / Office,Central,New Year,Birthday,Red Velvet,Discount,15,6383,0,1,1,Weekend,10,7350,2212,453,950,350,341976.25,49.74,43443.88,126664.24,2.916,0
CMP-01320,CBD / Office,Bangkok,Normal,Seasonal Gift,Red Velvet,Limited Edition,25,43161,1,1,0,Weekend,9,9921,6034,460,940,501,400393.19,59.9,99945.96,139873.64,1.399,1
CMP-01321,CBD / Office,Central,Normal,Family Celebration,Vanilla,Social Challenge,15,41537,0,0,0,Weekend,3,8801,7859,444,812,176,121475.2,45.05,52560.95,2162.78,0.041,0
CMP-01322,Neighborhood,North,Normal,Office Celebration,Cheesecake,Bundle,25,14976,0,1,0,Weekend,10,3072,2108,245,1096,130,116477.4,49.24,47263.57,10090.15,0.213,0
CMP-01323,CBD / Office,North,Graduation,Self Reward,Strawberry,Discount,20,47150,0,0,1,Weekday,7,10281,9869,666,940,618,520504.32,53.8,69885.71,210149.92,3.007,1
CMP-01324,Mall,Central,Normal,Family Celebration,Vanilla,Limited Edition,30,28469,0,1,1,Weekday,12,11056,2930,739,677,371,221247.99,48.13,84589.9,21894.76,0.259,0
CMP-01325,Mall,Central,Mother's Day,Seasonal Gift,Red Velvet,Bundle,20,81592,1,1,0,Weekend,6,13811,15686,612,896,542,423471.1,41.64,142810.55,33513.64,0.235,0
CMP-01326,Hospital,Bangkok,Back to School,Friend Group,Fruit Cake,Limited Edition,30,63487,1,0,0,Weekday,9,6126,13482,299,917,388,259019.49,43.34,141193.35,-28941.59,-0.205,0
CMP-01327,University Area,South,Normal,Family Celebration,Chocolate,Free Add-on,10,53363,0,0,0,Weekend,11,7924,11875,520,776,538,375739.2,52.98,74195.76,124872.25,1.683,1
CMP-01328,CBD / Office,Bangkok,Songkran,Family Celebration,Fruit Cake,Limited Edition,15,28220,0,0,0,Weekday,7,9767,3567,462,882,248,193362.62,45.16,56987.5,30332.18,0.532,0
CMP-01329,University Area,Bangkok,Songkran,Office Celebration,Strawberry,Creator Collaboration,10,43979,0,0,1,Weekday,7,8782,11820,464,922,474,440524.22,49.89,75140.14,144618.93,1.925,1
CMP-01330,University Area,Central,New Year,Self Reward,Cheesecake,Discount,25,70458,0,1,0,Weekday,6,6629,8658,317,965,239,188544.11,40.53,83012.68,-6597.23,-0.079,0
CMP-01331,University Area,Central,Back to School,Family Celebration,Cheesecake,Discount,5,29068,0,0,1,Weekend,11,6446,5187,273,964,350,358993.6,54.96,59111.59,138193.76,2.338,1
CMP-01332,Mall,North,Songkran,Couple Gift,Red Velvet,Personalized Box,10,20334,0,1,0,Weekend,13,10925,3754,549,896,446,392023.3,60.63,51156.8,186535.29,3.646,0
CMP-01333,Neighborhood,Bangkok,Normal,Friend Group,Vanilla,Personalized Box,5,70500,1,0,0,Weekday,11,8272,13579,492,696,607,401348.4,47.35,120926.11,69093.96,0.571,0
CMP-01334,Neighborhood,Central,Mother's Day,Couple Gift,Red Velvet,Limited Edition,10,48206,1,1,0,Weekend,9,3764,6732,261,994,302,306263.81,56.42,103906.78,68898.12,0.663,0
CMP-01335,Mall,South,Normal,Birthday,Vanilla,Creator Collaboration,25,22360,0,0,1,Weekday,11,10670,5369,548,838,382,268897.44,44.34,71972.02,47268.22,0.657,0
CMP-01336,Hospital,Northeast,Normal,Seasonal Gift,Chocolate,Social Challenge,25,33700,0,0,0,Weekend,5,4121,7347,197,742,127,70675.5,46.83,48968.75,-15874.13,-0.324,0
CMP-01337,Neighborhood,Bangkok,Mother's Day,Office Celebration,Chocolate,Limited Edition,20,15198,0,1,0,Weekday,7,5497,2777,497,867,283,222512.98,44.41,39030.82,59784.09,1.532,1
CMP-01338,Transit,North,Normal,Office Celebration,Vanilla,Free Add-on,5,12971,0,0,1,Weekday,9,6562,3210,270,759,181,146171.26,66.0,53280.33,43192.7,0.811,0
CMP-01339,Neighborhood,Northeast,Valentine,Seasonal Gift,Red Velvet,Free Add-on,15,37533,0,1,1,Weekend,12,5007,6468,464,1090,654,733176.51,59.46,92021.46,343937.68,3.738,1
CMP-01340,Transit,Central,Christmas,Self Reward,Chocolate,Discount,15,8959,0,1,0,Weekday,14,8444,3060,386,771,340,242872.71,44.99,40879.21,68383.98,1.673,0
CMP-01341,Mall,Northeast,Normal,Birthday,Cheesecake,Personalized Box,15,5000,0,1,1,Weekend,11,10860,1771,635,821,289,244031.17,47.95,45042.77,71968.98,1.598,0
CMP-01342,CBD / Office,South,Normal,Couple Gift,Red Velvet,Discount,10,5000,0,0,1,Weekend,5,8772,1886,601,965,143,139098.96,53.25,32168.06,41905.56,1.303,0
CMP-01343,University Area,Bangkok,Songkran,Family Celebration,Matcha,Free Add-on,20,24830,0,0,0,Weekday,10,9106,4779,339,841,258,173582.4,49.81,45520.5,40941.76,0.899,0
CMP-01344,University Area,South,Songkran,Self Reward,Matcha,Social Challenge,20,21131,0,0,1,Weekday,5,5209,3750,511,950,252,214502.4,47.25,46189.56,55152.26,1.194,0
CMP-01345,Neighborhood,South,Normal,Friend Group,Fruit Cake,Personalized Box,15,42197,0,1,1,Weekday,8,2433,9004,462,976,468,469785.89,57.97,83183.17,189162.86,2.274,1
CMP-01346,University Area,South,Graduation,Office Celebration,Cheesecake,Bundle,20,9357,0,1,0,Weekend,8,8039,2038,327,877,279,213363.58,56.61,35292.19,85498.72,2.423,1
CMP-01347,CBD / Office,North,Normal,Friend Group,Vanilla,Creator Collaboration,5,48206,1,0,1,Weekday,14,7080,10805,473,862,593,543880.62,60.48,129445.61,199472.47,1.541,1
CMP-01348,Neighborhood,Bangkok,Normal,Office Celebration,Strawberry,Personalized Box,0,44060,1,1,1,Weekday,12,4246,7267,388,902,451,492230.42,60.27,139530.06,157128.2,1.126,0
CMP-01349,Mall,South,Normal,Self Reward,Fruit Cake,Free Add-on,15,38178,1,1,0,Weekday,4,12461,8999,432,865,229,183525.75,58.53,88195.92,19223.27,0.218,0
CMP-01350,University Area,Central,Songkran,Couple Gift,Red Velvet,Social Challenge,15,54253,1,1,0,Weekday,5,6996,16598,275,1016,179,168497.0,45.7,102281.54,-25282.76,-0.247,0
CMP-01351,Transit,Bangkok,Normal,Self Reward,Fruit Cake,Creator Collaboration,25,44140,0,1,0,Weekday,3,7567,11362,396,893,161,117534.43,50.45,52411.74,6879.08,0.131,0
CMP-01352,Transit,South,New Year,Family Celebration,Cheesecake,Bundle,20,15425,1,1,0,Weekend,10,8550,3799,350,831,423,306519.34,42.23,75436.5,53993.6,0.716,0
CMP-01353,University Area,Bangkok,Songkran,Family Celebration,Matcha,Creator Collaboration,10,34877,0,1,0,Weekend,5,9319,8235,296,773,202,153179.23,54.02,54125.91,28616.95,0.529,0
CMP-01354,Neighborhood,Bangkok,Normal,Friend Group,Vanilla,Personalized Box,10,5000,0,1,1,Weekend,8,7120,1593,265,739,139,111863.17,61.26,31967.77,36556.61,1.144,0
CMP-01355,Mall,Bangkok,Back to School,Birthday,Matcha,Creator Collaboration,0,58217,0,0,0,Weekend,4,13735,11175,700,897,383,343551.0,57.49,70314.07,127185.31,1.809,1
CMP-01356,Transit,South,Valentine,Office Celebration,Strawberry,Bundle,15,32005,1,0,1,Weekday,7,7287,5891,196,1001,179,170578.41,48.72,83623.84,-512.78,-0.006,0
CMP-01357,Mall,Bangkok,Normal,Birthday,Chocolate,Limited Edition,15,9732,0,1,1,Weekday,14,14482,1696,665,902,381,367594.62,52.53,50304.32,142780.97,2.838,0
CMP-01358,Mall,North,Valentine,Seasonal Gift,Matcha,Discount,15,49445,1,0,0,Weekday,9,11921,7930,591,949,616,496896.4,44.7,112775.99,109336.26,0.969,0
CMP-01359,Mall,North,Normal,Seasonal Gift,Vanilla,Limited Edition,25,20630,0,0,0,Weekday,14,12488,3413,503,818,361,230332.44,44.16,72262.2,29452.8,0.408,0
CMP-01360,Mall,Northeast,Graduation,Family Celebration,Red Velvet,Discount,25,5489,0,1,0,Weekend,5,8989,1454,572,1067,187,163114.96,45.0,16949.96,56458.31,3.331,0
CMP-01361,Neighborhood,Bangkok,Normal,Family Celebration,Matcha,Limited Edition,5,31908,0,0,0,Weekend,6,6482,4269,442,871,169,145432.61,46.09,48753.83,18277.82,0.375,0
CMP-01362,CBD / Office,South,Normal,Birthday,Matcha,Bundle,20,20825,0,0,0,Weekday,3,5183,2667,520,787,97,61071.2,57.72,28435.86,6813.04,0.24,0
CMP-01363,CBD / Office,Bangkok,Valentine,Friend Group,Chocolate,Creator Collaboration,0,39404,1,1,1,Weekday,4,9762,9319,627,755,302,275892.1,61.13,98394.98,70258.82,0.714,0
CMP-01364,University Area,Bangkok,Valentine,Office Celebration,Cheesecake,Discount,20,28286,0,1,1,Weekday,9,6955,5258,549,935,582,526756.56,51.68,68032.93,204195.36,3.001,1
CMP-01365,Mall,Bangkok,Normal,Couple Gift,Fruit Cake,Bundle,20,38218,0,1,1,Weekday,14,10562,4719,590,840,545,443150.4,57.71,99472.99,156284.66,1.571,0
CMP-01366,Neighborhood,Central,Christmas,Friend Group,Matcha,Social Challenge,20,57298,0,0,0,Weekend,5,4609,10925,287,886,200,141760.0,44.44,73274.97,-10279.57,-0.14,0
CMP-01367,Mall,Bangkok,Mother's Day,Self Reward,Cheesecake,Limited Edition,30,5000,0,1,0,Weekday,8,13555,2200,737,1013,456,366549.11,46.35,24700.51,145185.2,5.878,0
CMP-01368,University Area,Bangkok,Graduation,Friend Group,Cheesecake,Creator Collaboration,5,45325,1,0,1,Weekday,4,7494,14179,546,922,295,289397.36,60.26,107957.48,66432.98,0.615,0
CMP-01369,Transit,Central,Normal,Friend Group,Vanilla,Social Challenge,20,52681,0,0,0,Weekend,5,6583,15749,234,725,153,88740.0,49.55,62490.68,-18517.1,-0.296,0
CMP-01370,Hospital,Bangkok,Mother's Day,Couple Gift,Vanilla,Social Challenge,5,30119,0,0,0,Weekend,9,3609,5696,351,691,280,183806.0,55.15,64575.01,36785.62,0.57,0
CMP-01371,Neighborhood,Bangkok,Normal,Family Celebration,Red Velvet,Creator Collaboration,5,47471,1,0,1,Weekday,3,6895,13061,431,1017,190,205596.72,52.03,92105.88,14861.72,0.161,0
CMP-01372,Neighborhood,Bangkok,Graduation,Self Reward,Matcha,Social Challenge,10,59750,1,0,0,Weekend,12,6013,16079,269,911,393,322220.7,47.63,118470.33,35006.79,0.295,0
CMP-01373,Mall,Bangkok,Mother's Day,Self Reward,Fruit Cake,Creator Collaboration,25,51241,1,0,0,Weekday,4,13870,14685,492,851,277,176795.25,43.59,92595.74,-15535.36,-0.168,0
CMP-01374,University Area,Northeast,Valentine,Birthday,Fruit Cake,Creator Collaboration,10,56720,0,1,1,Weekend,14,7078,10332,278,916,490,488786.76,49.63,124292.22,118310.82,0.952,0
CMP-01375,Hospital,Central,Back to School,Office Celebration,Cheesecake,Discount,15,61902,1,0,1,Weekday,10,4490,11763,277,933,347,308210.95,54.55,124812.65,43329.11,0.347,0
CMP-01376,CBD / Office,Central,Mother's Day,Birthday,Strawberry,Bundle,15,44378,0,0,1,Weekday,6,8507,5209,613,915,426,371080.08,57.86,73158.23,141545.34,1.935,1
CMP-01377,Mall,Bangkok,Normal,Seasonal Gift,Fruit Cake,Creator Collaboration,5,71854,1,1,1,Weekday,4,13255,15322,602,986,304,344555.73,53.19,125349.95,57918.39,0.462,0
CMP-01378,Neighborhood,Bangkok,Graduation,Couple Gift,Matcha,Personalized Box,10,28288,0,1,0,Weekday,11,7404,6152,489,1044,557,570459.35,48.37,59484.24,216430.13,3.638,1
CMP-01379,University Area,Bangkok,Back to School,Birthday,Strawberry,Social Challenge,15,93445,1,1,0,Weekday,4,8400,25960,389,896,187,155236.93,59.88,136850.21,-43889.19,-0.321,0
CMP-01380,Transit,Bangkok,New Year,Family Celebration,Fruit Cake,Social Challenge,15,57721,1,0,1,Weekday,8,7256,14672,389,845,371,298447.24,52.37,132496.45,23792.45,0.18,0
CMP-01381,University Area,Bangkok,Back to School,Birthday,Fruit Cake,Social Challenge,20,50627,1,1,0,Weekday,3,7290,11876,525,948,216,178557.7,54.29,83465.33,13480.95,0.162,0
CMP-01382,CBD / Office,Northeast,Normal,Office Celebration,Strawberry,Discount,10,37179,1,0,0,Weekday,5,7733,6478,510,840,271,204876.0,55.41,83027.36,30502.75,0.367,0
CMP-01383,Hospital,Bangkok,Back to School,Friend Group,Matcha,Free Add-on,25,17953,0,1,1,Weekday,4,4326,3468,197,844,112,85784.16,43.24,41249.04,-4153.56,-0.101,0
CMP-01384,Hospital,South,Back to School,Office Celebration,Cheesecake,Limited Edition,0,13434,0,0,0,Weekday,11,3830,2765,170,1008,154,161441.28,60.12,48146.45,48908.17,1.016,0
CMP-01385,Mall,Central,Christmas,Birthday,Chocolate,Social Challenge,20,46860,0,0,0,Weekend,11,11866,11242,544,847,706,478385.6,46.41,86767.74,135232.93,1.559,1
CMP-01386,Neighborhood,Bangkok,New Year,Birthday,Strawberry,Free Add-on,5,35145,1,1,1,Weekday,9,9983,8577,422,966,493,547435.58,54.93,118883.66,181847.11,1.53,1
CMP-01387,Mall,Central,Normal,Office Celebration,Strawberry,Free Add-on,25,31774,0,1,1,Weekday,10,12137,4912,524,835,417,315986.96,52.45,77297.96,88421.59,1.144,0
CMP-01388,CBD / Office,Central,Normal,Office Celebration,Red Velvet,Discount,20,28138,0,0,0,Weekday,11,7838,4256,419,949,273,207261.6,44.36,62898.35,29040.21,0.462,0
CMP-01389,CBD / Office,Bangkok,Graduation,Birthday,Red Velvet,Personalized Box,0,46937,0,1,0,Weekday,4,8128,6579,497,875,269,256558.75,57.78,61149.9,87089.31,1.424,1
CMP-01390,CBD / Office,North,Normal,Family Celebration,Fruit Cake,Personalized Box,15,26981,0,0,1,Weekday,12,7637,4955,574,878,364,304251.58,59.26,74288.75,106008.64,1.427,0
CMP-01391,Mall,Central,Mother's Day,Family Celebration,Matcha,Personalized Box,10,5000,0,1,1,Weekday,8,9935,1910,480,832,304,275438.59,62.05,47859.5,123048.77,2.571,0
CMP-01392,Neighborhood,Central,New Year,Seasonal Gift,Red Velvet,Social Challenge,15,63925,1,0,0,Weekday,4,6710,19697,279,1046,141,125363.1,46.87,113394.93,-54639.29,-0.482,0
CMP-01393,CBD / Office,Bangkok,Normal,Friend Group,Vanilla,Free Add-on,10,5000,0,0,1,Weekend,6,10284,1802,587,658,143,94846.75,48.79,32171.4,14104.81,0.438,0
CMP-01394,Neighborhood,Bangkok,New Year,Self Reward,Fruit Cake,Personalized Box,5,34273,1,0,0,Weekday,14,8298,8073,363,1088,611,631529.6,58.01,113136.33,253236.35,2.238,1
CMP-01395,University Area,Bangkok,Normal,Seasonal Gift,Chocolate,Social Challenge,5,50117,1,0,0,Weekday,3,9312,17413,483,933,183,162202.05,57.43,91358.82,1788.34,0.02,0
CMP-01396,Transit,Bangkok,Valentine,Office Celebration,Chocolate,Personalized Box,10,35877,0,1,1,Weekend,7,9507,6029,321,722,267,209930.89,58.49,65437.11,57352.49,0.876,0
CMP-01397,Hospital,Bangkok,Songkran,Friend Group,Fruit Cake,Bundle,15,18301,0,0,0,Weekday,4,3247,2688,235,900,105,80325.0,58.83,27736.29,19520.11,0.704,0
CMP-01398,Neighborhood,Central,Normal,Self Reward,Vanilla,Bundle,20,18575,1,0,1,Weekday,12,6205,4839,342,721,334,215769.34,44.12,94492.02,709.26,0.008,0
CMP-01399,Neighborhood,Bangkok,Christmas,Birthday,Red Velvet,Free Add-on,15,40419,1,0,0,Weekend,6,4750,8478,519,984,305,255102.0,49.7,104358.58,22419.7,0.215,0
CMP-01400,Neighborhood,Bangkok,New Year,Couple Gift,Chocolate,Social Challenge,25,32302,0,1,0,Weekday,4,5573,7112,269,882,154,111039.39,48.95,49060.47,5290.31,0.108,0
CMP-01401,Neighborhood,North,Christmas,Friend Group,Matcha,Personalized Box,5,24909,1,0,1,Weekday,3,3876,7444,335,796,137,116031.33,54.51,81725.37,-18472.9,-0.226,0
CMP-01402,Hospital,Bangkok,Normal,Self Reward,Fruit Cake,Free Add-on,30,39262,0,1,1,Weekday,9,6932,6958,339,947,388,311218.29,48.02,71531.4,77914.95,1.089,0
CMP-01403,Mall,Central,Mother's Day,Friend Group,Vanilla,Free Add-on,15,21097,0,1,1,Weekday,3,12601,3841,731,761,259,202716.32,47.95,38714.9,58481.38,1.511,1
CMP-01404,CBD / Office,Bangkok,Normal,Seasonal Gift,Strawberry,Discount,5,37644,0,0,0,Weekday,9,9754,6155,380,895,346,294186.5,45.0,74085.16,58299.3,0.787,0
CMP-01405,Hospital,Central,Normal,Office Celebration,Red Velvet,Personalized Box,5,21271,0,1,0,Weekend,3,6102,4225,372,1121,127,147421.03,51.93,30157.02,46402.75,1.539,1
CMP-01406,CBD / Office,Central,Normal,Office Celebration,Vanilla,Free Add-on,25,5000,1,0,0,Weekday,9,7751,1143,674,644,152,73416.0,44.36,60852.57,-28283.17,-0.465,0
CMP-01407,Neighborhood,Bangkok,Graduation,Family Celebration,Fruit Cake,Personalized Box,5,32471,0,1,1,Weekday,8,7945,5037,261,930,260,277949.1,48.22,63780.69,70253.78,1.101,0
CMP-01408,Neighborhood,South,Valentine,Office Celebration,Chocolate,Limited Edition,5,5000,0,0,0,Weekday,3,4817,1516,461,862,102,86868.91,55.06,10924.01,36903.36,3.378,1
CMP-01409,Neighborhood,Bangkok,New Year,Friend Group,Strawberry,Personalized Box,20,24004,0,1,0,Weekday,14,5976,3810,445,836,531,387094.75,44.38,50488.01,121306.49,2.403,1
CMP-01410,Hospital,Central,Graduation,Seasonal Gift,Chocolate,Limited Edition,10,5000,0,1,0,Weekday,14,3456,1777,254,747,193,147089.02,53.66,42940.51,35988.62,0.838,0
CMP-01411,Transit,Northeast,Valentine,Couple Gift,Fruit Cake,Bundle,10,68165,1,1,0,Weekend,6,5623,13694,212,976,171,163724.98,50.67,104958.89,-21997.48,-0.21,0
CMP-01412,Neighborhood,Bangkok,Normal,Couple Gift,Cheesecake,Free Add-on,30,41313,0,0,0,Weekend,4,6075,4840,433,966,179,121039.8,55.2,54054.61,12755.12,0.236,0
CMP-01413,Hospital,South,Normal,Family Celebration,Matcha,Social Challenge,10,40271,1,0,0,Weekday,7,5182,8542,279,939,243,205359.3,51.65,96285.05,9784.21,0.102,0
CMP-01414,CBD / Office,North,Normal,Family Celebration,Fruit Cake,Limited Edition,15,18995,0,0,0,Weekend,11,9702,3964,390,898,309,245294.09,38.85,52446.64,42858.04,0.817,0
CMP-01415,CBD / Office,Northeast,Christmas,Self Reward,Vanilla,Bundle,25,5000,0,0,0,Weekday,14,6796,2203,535,682,325,166237.5,48.23,39458.3,40717.36,1.032,0
CMP-01416,Mall,Bangkok,Normal,Family Celebration,Chocolate,Discount,25,16403,0,0,0,Weekday,14,12212,2309,657,834,334,208917.0,46.27,65151.54,31521.58,0.484,0
CMP-01417,Neighborhood,Bangkok,New Year,Couple Gift,Strawberry,Discount,10,22118,0,1,0,Weekend,8,7167,3988,474,880,282,243444.96,60.09,53610.55,92671.38,1.729,1
CMP-01418,Transit,Central,Normal,Birthday,Matcha,Limited Edition,25,39509,1,0,0,Weekend,13,9416,9099,224,881,386,265251.48,43.78,129114.26,-12996.69,-0.101,0
CMP-01419,Mall,Bangkok,Songkran,Seasonal Gift,Cheesecake,Creator Collaboration,5,29345,0,0,0,Weekday,13,13971,6747,582,905,564,484899.0,58.12,80779.41,201046.59,2.489,0
CMP-01420,Neighborhood,North,New Year,Friend Group,Strawberry,Free Add-on,5,14968,0,0,0,Weekday,4,5098,2842,242,843,115,92097.75,49.65,27395.94,18329.5,0.669,0
CMP-01421,University Area,Bangkok,Normal,Family Celebration,Fruit Cake,Social Challenge,5,79933,1,1,0,Weekend,3,10928,25750,349,793,134,110034.3,53.79,127847.66,-68657.21,-0.537,0
CMP-01422,Transit,Bangkok,New Year,Family Celebration,Matcha,Free Add-on,10,33321,1,0,0,Weekend,3,10562,6818,264,920,105,86940.0,48.05,79650.04,-37878.8,-0.476,0
CMP-01423,CBD / Office,Northeast,Christmas,Friend Group,Matcha,Limited Edition,5,18172,0,0,0,Weekend,13,8258,2692,631,999,287,283272.44,57.23,62178.46,99939.61,1.607,0
CMP-01424,University Area,Central,Normal,Friend Group,Matcha,Personalized Box,10,15657,0,0,0,Weekend,10,6706,3670,322,869,247,193178.7,51.07,38420.33,60228.35,1.568,0
CMP-01425,University Area,Bangkok,Normal,Self Reward,Fruit Cake,Limited Edition,15,26666,1,1,0,Weekday,4,7677,5675,478,833,215,172568.78,56.32,82115.2,15082.67,0.184,0
CMP-01426,CBD / Office,South,Valentine,Birthday,Matcha,Personalized Box,10,14603,0,1,0,Weekend,13,8498,2775,363,773,470,356407.11,45.57,66018.67,96387.53,1.46,1
CMP-01427,Neighborhood,Bangkok,Mother's Day,Office Celebration,Cheesecake,Discount,10,43493,0,0,0,Weekend,3,5029,7443,482,892,198,158954.4,54.22,52122.86,34064.69,0.654,0
CMP-01428,Transit,Central,Normal,Office Celebration,Strawberry,Creator Collaboration,10,31122,0,1,0,Weekend,14,8611,4599,395,779,383,292688.22,43.45,77219.55,49957.46,0.647,0
CMP-01429,Neighborhood,Bangkok,New Year,Couple Gift,Fruit Cake,Bundle,30,32355,0,1,1,Weekday,11,6298,3713,400,955,455,368042.67,39.54,78650.2,66881.88,0.85,0
CMP-01430,Transit,Central,Christmas,Office Celebration,Chocolate,Discount,20,14748,0,1,0,Weekend,12,7547,2364,365,740,291,187776.48,54.18,58502.59,43240.3,0.739,0
CMP-01431,University Area,Northeast,New Year,Family Celebration,Vanilla,Free Add-on,10,65066,1,0,1,Weekday,11,7225,16566,357,824,487,404498.3,55.73,148028.71,77386.94,0.523,0
CMP-01432,University Area,Central,Back to School,Seasonal Gift,Strawberry,Creator Collaboration,10,70036,1,1,0,Weekday,8,7849,25148,294,921,309,279181.81,49.78,128597.89,10367.27,0.081,0
CMP-01433,Neighborhood,Bangkok,New Year,Friend Group,Cheesecake,Personalized Box,15,64366,0,1,1,Weekday,8,7051,9446,311,936,322,309981.67,51.29,92789.14,66214.13,0.714,0
CMP-01434,University Area,Central,Mother's Day,Birthday,Vanilla,Limited Edition,10,23619,0,1,0,Weekday,14,5720,3810,569,980,509,508916.12,58.73,61719.58,237167.29,3.843,0
CMP-01435,Transit,Bangkok,Valentine,Office Celebration,Fruit Cake,Discount,10,22663,0,0,1,Weekday,14,9243,3720,258,936,501,472687.49,56.08,82713.6,182377.76,2.205,1
CMP-01436,Mall,Bangkok,Songkran,Family Celebration,Vanilla,Limited Edition,0,5000,0,0,0,Weekday,7,11686,1572,563,825,211,181038.0,55.42,26782.92,73545.13,2.746,0
CMP-01437,CBD / Office,South,Graduation,Family Celebration,Matcha,Free Add-on,20,26731,1,0,0,Weekend,10,10052,3869,504,836,347,232073.6,43.12,96903.03,3170.62,0.033,0
CMP-01438,CBD / Office,Central,Normal,Birthday,Matcha,Bundle,25,5000,0,0,1,Weekday,4,8975,1351,502,910,112,85612.8,50.81,25917.55,17583.23,0.678,0
CMP-01439,University Area,South,Christmas,Birthday,Matcha,Limited Edition,25,8123,0,1,1,Weekday,14,6638,2603,546,872,370,304507.63,50.46,56795.23,96851.33,1.705,0
CMP-01440,Transit,South,Graduation,Seasonal Gift,Matcha,Social Challenge,15,70507,1,0,0,Weekday,10,5651,15491,406,882,488,365853.6,53.22,122466.7,72245.95,0.59,0
CMP-01441,Mall,South,Normal,Seasonal Gift,Red Velvet,Limited Edition,15,16152,0,0,0,Weekday,11,12907,2409,709,965,320,272979.2,40.46,50761.64,59694.15,1.176,0
CMP-01442,Mall,Bangkok,Songkran,Couple Gift,Vanilla,Discount,20,62601,1,0,0,Weekday,8,13633,10327,555,773,539,333317.6,47.33,128172.1,29584.08,0.231,0
CMP-01443,Hospital,Bangkok,Graduation,Office Celebration,Vanilla,Discount,20,5784,0,1,0,Weekday,8,4109,2011,226,816,132,93924.86,51.52,21156.11,27234.55,1.287,0
CMP-01444,CBD / Office,Central,New Year,Family Celebration,Red Velvet,Free Add-on,10,26126,0,0,1,Weekday,11,11076,4405,677,963,541,525150.86,59.99,59262.04,255753.83,4.316,0
CMP-01445,Transit,Northeast,Christmas,Self Reward,Cheesecake,Discount,25,37032,0,0,1,Weekend,4,6511,6800,388,969,218,177443.28,52.59,59008.88,34310.81,0.581,0
CMP-01446,CBD / Office,Bangkok,Christmas,Family Celebration,Vanilla,Social Challenge,20,34270,0,0,0,Weekday,10,10343,7715,432,712,563,320684.8,45.39,70251.56,75317.14,1.072,0
CMP-01447,Transit,South,Back to School,Office Celebration,Matcha,Discount,20,22249,0,0,0,Weekday,13,10898,3716,380,824,322,212262.4,51.7,65362.68,44378.87,0.679,0
CMP-01448,Neighborhood,South,Normal,Birthday,Vanilla,Bundle,10,42107,1,0,1,Weekend,10,3191,6983,508,758,378,288816.19,56.72,116251.51,47558.85,0.409,0
CMP-01449,CBD / Office,Bangkok,Valentine,Family Celebration,Cheesecake,Personalized Box,25,31787,0,1,0,Weekend,11,10728,5405,394,944,643,496215.96,57.07,54887.48,228321.29,4.16,1
CMP-01450,Mall,Central,Normal,Birthday,Cheesecake,Bundle,15,30468,1,0,1,Weekday,11,12253,6152,422,922,542,475737.25,49.32,88748.95,145884.19,1.644,1
CMP-01451,Mall,Bangkok,Graduation,Friend Group,Cheesecake,Limited Edition,5,53476,1,1,0,Weekend,5,14801,13565,634,860,461,426955.7,57.09,94233.65,149529.44,1.587,1
CMP-01452,University Area,Central,Normal,Family Celebration,Strawberry,Personalized Box,0,34465,0,0,1,Weekday,10,5169,7313,429,946,339,359177.28,59.56,74281.71,139643.99,1.88,1
CMP-01453,Neighborhood,North,Graduation,Seasonal Gift,Cheesecake,Social Challenge,30,65254,1,0,0,Weekend,3,3476,20666,383,966,158,106839.6,40.35,109510.59,-66404.49,-0.606,0
CMP-01454,CBD / Office,Bangkok,New Year,Office Celebration,Fruit Cake,Discount,10,30183,0,0,0,Weekday,9,10377,2797,554,959,285,245983.5,52.94,60641.69,69576.98,1.147,0
CMP-01455,Mall,Bangkok,Graduation,Office Celebration,Red Velvet,Social Challenge,25,61305,1,0,1,Weekend,8,16014,16115,638,940,697,550351.2,57.81,111488.83,206665.87,1.854,1
CMP-01456,Neighborhood,Northeast,Normal,Office Celebration,Red Velvet,Free Add-on,20,57158,1,0,0,Weekend,8,3689,8170,364,1004,373,299593.6,54.06,106958.42,54995.75,0.514,0
CMP-01457,University Area,Northeast,Mother's Day,Couple Gift,Vanilla,Social Challenge,30,55601,0,1,0,Weekend,12,4676,16562,286,703,412,220992.27,46.23,103598.99,-1432.53,-0.014,0
CMP-01458,University Area,Central,New Year,Birthday,Strawberry,Discount,15,63164,1,1,0,Weekend,12,9015,11911,563,778,859,619181.8,55.04,139447.31,201332.3,1.444,1
CMP-01459,Neighborhood,Bangkok,Valentine,Birthday,Strawberry,Free Add-on,15,51263,0,1,0,Weekday,11,8388,8515,450,931,720,621051.48,51.58,84647.45,235677.65,2.784,1
CMP-01460,Mall,Bangkok,Back to School,Seasonal Gift,Red Velvet,Discount,15,13731,0,0,0,Weekday,14,12412,1603,710,1022,325,282327.5,53.26,67414.91,82949.67,1.23,0
CMP-01461,Neighborhood,Central,Back to School,Seasonal Gift,Vanilla,Personalized Box,30,19918,0,0,0,Weekday,4,2253,3831,358,590,128,52864.0,48.19,36610.28,-11132.89,-0.304,0
CMP-01462,Mall,North,Mother's Day,Family Celebration,Strawberry,Social Challenge,0,36934,0,1,0,Weekday,5,10850,8081,447,855,269,250694.55,59.53,52099.38,97142.18,1.865,1
CMP-01463,Mall,Northeast,Valentine,Self Reward,Cheesecake,Social Challenge,20,31228,1,1,1,Weekday,8,12876,7996,625,988,718,686683.71,51.86,107027.91,249090.41,2.327,1
CMP-01464,Transit,Northeast,New Year,Birthday,Fruit Cake,Creator Collaboration,25,59348,1,0,0,Weekend,14,7451,14549,321,1028,584,450264.0,47.47,115686.45,98036.24,0.847,0
CMP-01465,University Area,South,Songkran,Self Reward,Strawberry,Free Add-on,15,27954,0,1,0,Weekday,8,6871,3697,576,970,210,188728.05,45.27,44548.18,40889.82,0.918,0
CMP-01466,Mall,Central,Songkran,Seasonal Gift,Chocolate,Social Challenge,30,55006,1,0,0,Weekday,7,10949,10424,597,965,562,379631.0,46.39,120424.62,55700.71,0.463,0
CMP-01467,Mall,Northeast,Christmas,Birthday,Chocolate,Personalized Box,10,46022,0,1,1,Weekend,6,10029,5099,525,966,382,401854.07,53.52,75062.83,140018.05,1.865,1
CMP-01468,CBD / Office,Bangkok,Mother's Day,Birthday,Strawberry,Personalized Box,25,29974,0,1,1,Weekend,9,9371,3296,644,1041,462,436454.86,45.11,65646.11,131221.82,1.999,0
CMP-01469,Neighborhood,North,New Year,Office Celebration,Chocolate,Discount,25,8582,0,0,1,Weekday,13,4850,1680,385,775,183,119133.0,43.38,51667.02,8.5,0.0,0
CMP-01470,Mall,Bangkok,Songkran,Birthday,Red Velvet,Discount,0,37500,0,1,0,Weekday,9,13619,4534,447,1006,374,410105.96,53.6,57056.46,162739.85,2.852,1
CMP-01471,Neighborhood,Central,Graduation,Family Celebration,Strawberry,Limited Edition,25,31491,0,0,1,Weekday,11,8228,4641,382,853,355,264539.18,44.46,82986.61,34630.44,0.417,0
CMP-01472,CBD / Office,North,Normal,Family Celebration,Vanilla,Discount,0,51985,1,0,0,Weekday,14,11392,9715,646,684,631,431604.0,55.52,141919.57,97709.26,0.688,0
CMP-01473,University Area,Bangkok,Valentine,Couple Gift,Chocolate,Bundle,10,5000,0,0,0,Weekday,6,8698,1339,572,814,184,134798.4,53.68,17927.36,54427.3,3.036,0
CMP-01474,Neighborhood,Bangkok,Normal,Seasonal Gift,Strawberry,Free Add-on,0,37143,1,0,0,Weekday,11,5463,6542,460,823,265,218095.0,66.0,114468.38,29474.32,0.257,0
CMP-01475,Hospital,South,Songkran,Birthday,Cheesecake,Limited Edition,10,18232,0,0,0,Weekday,10,4716,3372,185,929,192,166952.45,42.77,37680.69,33720.52,0.895,0
CMP-01476,Neighborhood,Bangkok,Normal,Self Reward,Chocolate,Creator Collaboration,15,62100,1,0,0,Weekend,5,8523,20646,347,892,224,169836.8,45.8,115263.32,-37486.43,-0.325,0
CMP-01477,Neighborhood,Bangkok,New Year,Birthday,Matcha,Creator Collaboration,20,38178,0,0,1,Weekday,10,5192,8221,246,952,361,307930.11,53.17,63989.17,99732.47,1.559,1
CMP-01478,University Area,Central,Mother's Day,Seasonal Gift,Strawberry,Personalized Box,25,5000,0,0,1,Weekday,14,8624,1400,471,915,344,264398.4,49.19,53225.37,76836.03,1.444,0
CMP-01479,Hospital,Bangkok,Normal,Birthday,Matcha,Discount,20,9094,0,1,1,Weekend,5,4902,1253,326,915,97,85914.84,47.95,44612.1,-3416.36,-0.077,0
CMP-01480,Mall,Bangkok,New Year,Family Celebration,Matcha,Bundle,25,43428,0,1,1,Weekend,3,14059,6680,535,956,221,191732.97,55.25,67442.74,38484.64,0.571,0
CMP-01481,University Area,Bangkok,Normal,Family Celebration,Strawberry,Creator Collaboration,15,40702,0,1,0,Weekend,7,6620,10877,523,858,431,342617.85,57.45,55565.2,141281.73,2.543,1
CMP-01482,Transit,Bangkok,Normal,Office Celebration,Cheesecake,Discount,10,17948,0,1,1,Weekday,3,9693,3785,353,935,129,131349.73,52.43,35273.73,33597.89,0.952,0
CMP-01483,CBD / Office,Northeast,Normal,Self Reward,Vanilla,Bundle,20,31760,1,1,0,Weekday,9,7672,9038,629,794,630,436191.84,53.1,105916.66,125722.07,1.187,0
CMP-01484,Neighborhood,North,Christmas,Self Reward,Matcha,Personalized Box,25,49890,1,0,1,Weekday,10,4708,11677,477,931,693,541953.72,49.29,127323.67,139811.59,1.098,0
CMP-01485,Neighborhood,South,Christmas,Couple Gift,Chocolate,Discount,25,27886,0,1,0,Weekend,9,6827,2695,268,855,270,188719.88,42.77,65453.51,15252.9,0.233,0
CMP-01486,CBD / Office,Bangkok,Mother's Day,Office Celebration,Strawberry,Creator Collaboration,5,77938,1,0,0,Weekday,12,9871,20555,587,905,865,743683.75,41.78,156663.53,154040.67,0.983,0
CMP-01487,Neighborhood,Central,Valentine,Birthday,Red Velvet,Social Challenge,30,65593,1,1,1,Weekend,5,5488,14748,267,932,183,144460.93,47.35,125569.24,-57160.98,-0.455,0
CMP-01488,CBD / Office,Central,Normal,Friend Group,Cheesecake,Free Add-on,0,11673,0,1,0,Weekday,12,9446,2757,540,928,298,301432.96,54.95,51130.66,114506.28,2.239,0
CMP-01489,Transit,Central,Christmas,Office Celebration,Strawberry,Bundle,0,45314,1,0,0,Weekday,14,10138,7988,397,811,480,389280.0,55.39,107081.83,108539.41,1.014,0
CMP-01490,Transit,Northeast,Graduation,Seasonal Gift,Cheesecake,Personalized Box,10,13467,0,1,1,Weekend,14,7321,3235,283,911,415,411712.78,54.45,59918.13,164246.37,2.741,1
CMP-01491,CBD / Office,Bangkok,Normal,Seasonal Gift,Matcha,Personalized Box,10,37373,0,0,1,Weekday,6,11897,5069,592,889,310,277794.72,51.3,66900.39,75611.91,1.13,0
CMP-01492,Mall,South,Normal,Birthday,Vanilla,Social Challenge,10,18285,0,1,0,Weekend,6,9634,4292,634,661,241,156274.28,52.66,36599.1,45699.94,1.249,0
CMP-01493,Mall,Bangkok,New Year,Self Reward,Chocolate,Bundle,10,28479,0,1,0,Weekday,12,13883,5727,692,834,707,578434.88,56.33,56312.8,269517.82,4.786,0
CMP-01494,Neighborhood,Northeast,Christmas,Couple Gift,Fruit Cake,Personalized Box,5,29373,1,1,0,Weekday,7,4976,3712,430,934,271,262099.55,52.54,95338.21,42357.91,0.444,0
CMP-01495,Mall,Bangkok,Graduation,Office Celebration,Vanilla,Social Challenge,30,20528,0,0,0,Weekday,10,13286,6444,700,710,586,291242.0,42.49,49112.26,74628.99,1.52,0
CMP-01496,Mall,South,Back to School,Self Reward,Cheesecake,Limited Edition,15,39523,1,1,1,Weekday,7,9963,6287,540,832,486,432511.07,53.27,102447.03,127934.77,1.249,1
CMP-01497,CBD / Office,South,New Year,Birthday,Cheesecake,Discount,10,20739,0,0,0,Weekday,8,7254,2800,395,855,251,193144.5,45.95,48180.53,40578.39,0.842,0
CMP-01498,University Area,Central,Mother's Day,Family Celebration,Matcha,Discount,15,23831,0,0,0,Weekday,9,9010,3565,398,958,343,279304.9,41.81,49543.64,67220.49,1.357,1
CMP-01499,Neighborhood,Bangkok,Songkran,Couple Gift,Red Velvet,Personalized Box,20,40530,0,1,1,Weekday,12,4203,4988,401,1109,415,445507.48,51.63,85442.52,144564.72,1.692,1
CMP-01500,Hospital,Bangkok,Graduation,Office Celebration,Fruit Cake,Discount,20,21272,0,1,0,Weekday,10,4618,4474,197,885,241,185984.52,44.84,56297.61,27106.55,0.481,0
CMP-01501,Hospital,Bangkok,New Year,Office Celebration,Red Velvet,Social Challenge,20,42027,1,0,0,Weekday,6,2675,12986,374,985,312,245856.0,45.8,83009.69,29591.61,0.356,0
CMP-01502,Neighborhood,Central,Back to School,Birthday,Matcha,Limited Edition,20,36456,0,1,0,Weekend,12,5582,7635,354,740,529,355007.24,49.0,79383.85,94563.39,1.191,0
CMP-01503,Transit,South,Valentine,Office Celebration,Cheesecake,Social Challenge,5,46292,1,1,0,Weekend,6,4490,12964,239,1021,187,197704.91,53.02,93298.32,11520.45,0.123,0
CMP-01504,University Area,South,Normal,Friend Group,Cheesecake,Free Add-on,0,27730,0,0,0,Weekend,11,7033,4823,271,914,247,225758.0,59.32,61000.56,72910.37,1.195,0
CMP-01505,University Area,Central,Graduation,Seasonal Gift,Fruit Cake,Discount,15,29348,1,0,1,Weekend,12,8835,5764,424,917,608,530774.27,46.56,87096.41,160052.86,1.838,1
CMP-01506,University Area,Central,Christmas,Family Celebration,Cheesecake,Limited Edition,15,19556,0,1,0,Weekday,12,7645,3718,553,947,409,373208.95,54.0,43953.97,157578.26,3.585,0
CMP-01507,Transit,North,Normal,Friend Group,Fruit Cake,Free Add-on,10,24646,0,1,0,Weekday,5,6346,3181,335,862,145,122615.19,51.79,42047.76,21460.28,0.51,0
CMP-01508,University Area,Bangkok,Normal,Office Celebration,Chocolate,Creator Collaboration,15,10652,0,1,0,Weekend,4,9526,2590,291,939,167,145287.24,48.29,19443.3,50714.3,2.608,1
CMP-01509,Neighborhood,North,Normal,Seasonal Gift,Chocolate,Free Add-on,10,19480,1,0,0,Weekday,6,4553,3581,385,920,130,107640.0,43.44,68035.17,-21273.73,-0.313,0
CMP-01510,Mall,Bangkok,Normal,Office Celebration,Fruit Cake,Limited Edition,30,34861,0,0,0,Weekday,12,12775,4610,699,917,447,298406.47,49.44,56703.22,90838.57,1.602,0
CMP-01511,CBD / Office,Bangkok,Normal,Birthday,Strawberry,Limited Edition,10,7707,0,1,0,Weekday,14,10461,1598,495,820,265,221698.15,51.75,53904.06,60827.37,1.128,0
CMP-01512,Mall,Central,New Year,Friend Group,Fruit Cake,Free Add-on,5,23959,0,0,0,Weekend,8,12231,4835,577,965,396,363033.0,55.46,51084.5,150264.03,2.941,0
CMP-01513,CBD / Office,Central,Normal,Self Reward,Matcha,Free Add-on,25,46256,0,0,0,Weekend,4,10794,8621,607,855,253,162236.25,46.5,55165.83,20266.17,0.367,0
CMP-01514,Neighborhood,Central,Normal,Self Reward,Chocolate,Personalized Box,20,10661,0,0,1,Weekday,9,6134,2169,275,785,166,116757.76,43.09,58154.49,-7845.88,-0.135,0
CMP-01515,Hospital,Bangkok,Back to School,Seasonal Gift,Matcha,Discount,10,12344,0,0,0,Weekday,4,5184,3078,267,1008,112,101606.4,44.78,29095.44,16400.43,0.564,0
CMP-01516,CBD / Office,Northeast,Normal,Couple Gift,Strawberry,Creator Collaboration,10,38601,0,0,0,Weekday,10,6373,7397,395,921,335,277681.5,49.07,74694.34,61553.09,0.824,0
CMP-01517,CBD / Office,North,New Year,Couple Gift,Strawberry,Social Challenge,15,49228,1,0,0,Weekend,14,8138,15381,404,897,752,573362.4,46.31,107976.74,157559.44,1.459,1
CMP-01518,Hospital,Northeast,Normal,Self Reward,Cheesecake,Free Add-on,20,29568,0,0,1,Weekday,7,5940,4363,259,807,239,172814.21,44.17,56693.38,19639.31,0.346,0
CMP-01519,Mall,Central,Christmas,Family Celebration,Cheesecake,Social Challenge,10,31026,0,1,1,Weekend,5,10507,5298,633,688,371,277965.07,57.27,58408.68,100768.56,1.725,1
CMP-01520,Neighborhood,Central,New Year,Seasonal Gift,Fruit Cake,Limited Edition,0,33771,0,0,1,Weekend,10,6643,3391,265,922,341,366215.45,55.28,82326.52,120116.8,1.459,1
CMP-01521,Neighborhood,Central,Songkran,Self Reward,Red Velvet,Social Challenge,15,37614,0,0,1,Weekday,9,5281,9036,368,1020,464,450562.56,49.78,64665.53,159622.49,2.468,1
CMP-01522,Hospital,Bangkok,Normal,Couple Gift,Matcha,Free Add-on,0,25919,0,0,1,Weekday,7,4692,3519,215,851,134,127718.08,59.18,63305.33,12284.14,0.194,0
CMP-01523,Neighborhood,South,Back to School,Self Reward,Fruit Cake,Bundle,20,19809,0,0,1,Weekday,6,4431,3962,286,892,193,154251.78,51.02,56610.03,22090.23,0.39,0
CMP-01524,Hospital,Northeast,Normal,Family Celebration,Strawberry,Social Challenge,0,39936,0,0,0,Weekday,6,3321,6437,262,916,175,160300.0,56.43,62687.27,27775.27,0.443,0
CMP-01525,Mall,Bangkok,Valentine,Couple Gift,Vanilla,Limited Edition,0,20352,0,1,0,Weekday,9,13721,3935,449,808,546,500108.04,51.13,47528.39,208163.59,4.38,1
CMP-01526,Hospital,Central,Normal,Self Reward,Fruit Cake,Free Add-on,20,39264,1,0,1,Weekend,13,4270,8384,174,842,289,218030.85,47.21,129875.28,-26945.65,-0.207,0
CMP-01527,CBD / Office,Northeast,New Year,Seasonal Gift,Red Velvet,Social Challenge,25,31702,0,0,0,Weekday,4,6871,7713,469,897,234,157423.5,40.53,44853.48,18949.88,0.422,0
CMP-01528,CBD / Office,Central,Normal,Family Celebration,Vanilla,Social Challenge,25,97641,1,0,0,Weekend,7,7377,23592,609,826,507,314086.5,41.66,146460.7,-15599.07,-0.107,0
CMP-01529,CBD / Office,Bangkok,Christmas,Office Celebration,Matcha,Creator Collaboration,0,55362,0,0,0,Weekday,12,8969,7912,608,992,611,606112.0,49.74,105049.54,196400.95,1.87,0
CMP-01530,University Area,Bangkok,Normal,Couple Gift,Vanilla,Creator Collaboration,10,75274,1,0,0,Weekday,14,8544,18532,543,939,1040,878904.0,43.62,146504.3,236874.88,1.617,1
CMP-01531,Neighborhood,Bangkok,Normal,Self Reward,Vanilla,Creator Collaboration,20,52805,0,1,1,Weekend,14,5417,10034,495,701,831,563890.01,49.93,111981.57,169577.04,1.514,1
CMP-01532,University Area,Bangkok,Back to School,Family Celebration,Chocolate,Personalized Box,20,26137,0,1,1,Weekday,12,8434,5290,502,844,488,398692.1,48.99,71914.08,123419.27,1.716,1
CMP-01533,University Area,South,Normal,Family Celebration,Strawberry,Personalized Box,10,36069,1,1,1,Weekday,7,6011,9688,373,922,336,337363.49,52.5,108006.72,69122.99,0.64,0
CMP-01534,Mall,Bangkok,Valentine,Family Celebration,Red Velvet,Limited Edition,10,30506,0,0,1,Weekend,9,13184,5459,622,853,584,522222.7,53.34,76586.06,201961.25,2.637,1
CMP-01535,University Area,Northeast,Normal,Self Reward,Chocolate,Free Add-on,30,52898,1,1,0,Weekend,10,7150,13879,414,842,540,346920.84,49.24,116262.49,54574.21,0.469,0
CMP-01536,Transit,Bangkok,Normal,Birthday,Vanilla,Limited Edition,15,5000,0,1,0,Weekend,9,9565,1920,372,747,219,157631.67,52.28,23305.87,59111.07,2.536,1
CMP-01537,Mall,Central,Normal,Office Celebration,Fruit Cake,Creator Collaboration,0,56593,1,0,1,Weekday,5,10536,13649,467,880,276,272025.6,54.1,117481.94,29686.15,0.253,0
CMP-01538,University Area,Bangkok,New Year,Seasonal Gift,Vanilla,Personalized Box,10,5000,0,1,0,Weekend,14,8488,1906,434,777,355,270594.14,51.57,59025.98,80514.47,1.364,0
CMP-01539,Hospital,Bangkok,Normal,Family Celebration,Red Velvet,Discount,10,31407,0,0,1,Weekday,3,3823,4380,328,1040,130,136281.6,57.49,43769.57,34575.75,0.79,0
CMP-01540,CBD / Office,Central,New Year,Birthday,Matcha,Discount,5,46831,1,0,0,Weekend,13,9029,8194,551,758,602,433500.2,46.37,93098.65,107903.7,1.159,0
CMP-01541,Neighborhood,North,Normal,Couple Gift,Vanilla,Social Challenge,10,32851,1,0,0,Weekday,6,5605,6597,501,781,189,132848.1,55.61,70500.92,3376.05,0.048,0
CMP-01542,University Area,Bangkok,Christmas,Office Celebration,Matcha,Limited Edition,0,42924,0,0,0,Weekend,9,11268,7147,328,900,391,365976.0,53.43,60139.9,135393.78,2.251,1
CMP-01543,Mall,South,Normal,Birthday,Fruit Cake,Free Add-on,20,57370,0,0,1,Weekend,14,11155,8341,649,886,662,525532.67,41.45,123085.33,94743.99,0.77,0
CMP-01544,Mall,North,Graduation,Self Reward,Matcha,Bundle,25,5000,0,0,1,Weekday,13,9370,900,664,710,277,165202.8,48.27,46633.94,33102.31,0.71,0
CMP-01545,Neighborhood,Bangkok,Back to School,Seasonal Gift,Matcha,Personalized Box,20,5485,0,0,1,Weekday,14,6213,2293,357,806,255,184154.88,50.55,64753.64,28334.35,0.438,0
CMP-01546,Mall,Bangkok,Normal,Birthday,Matcha,Bundle,5,43072,0,1,0,Weekend,12,15025,5755,535,859,598,531917.71,56.49,66674.6,233798.4,3.507,1
CMP-01547,University Area,Bangkok,Normal,Seasonal Gift,Vanilla,Discount,0,16472,0,0,0,Weekday,14,9158,3215,521,783,213,166779.0,51.32,64493.68,21097.81,0.327,0
CMP-01548,CBD / Office,North,Songkran,Office Celebration,Vanilla,Creator Collaboration,15,64440,1,1,1,Weekend,8,9065,16399,628,707,735,534454.88,63.11,145509.44,191765.92,1.318,1
CMP-01549,Mall,Bangkok,Songkran,Friend Group,Red Velvet,Free Add-on,5,36353,1,0,0,Weekday,4,12708,7400,489,995,242,228750.5,48.35,74588.26,36004.47,0.483,0
CMP-01550,Neighborhood,South,Graduation,Office Celebration,Red Velvet,Discount,20,29593,1,1,0,Weekend,8,5003,5567,444,992,444,384070.66,53.47,95470.02,109911.34,1.151,0
CMP-01551,CBD / Office,Bangkok,Mother's Day,Self Reward,Red Velvet,Free Add-on,30,45836,1,0,0,Weekday,4,11299,10456,666,988,373,257966.8,43.57,81734.51,30650.48,0.375,0
CMP-01552,CBD / Office,Bangkok,Mother's Day,Couple Gift,Chocolate,Discount,15,39571,0,0,0,Weekday,12,12289,5033,451,817,645,447920.25,44.79,82402.95,118235.01,1.435,1
CMP-01553,Mall,South,Back to School,Friend Group,Strawberry,Discount,15,11542,0,1,0,Weekday,5,9691,2662,548,908,236,198537.83,54.98,29240.24,79918.49,2.733,0
CMP-01554,Neighborhood,North,New Year,Seasonal Gift,Cheesecake,Limited Edition,0,61536,1,0,0,Weekday,3,6033,12245,451,894,184,171075.84,56.53,104875.46,-8169.78,-0.078,0
CMP-01555,Mall,Bangkok,Normal,Office Celebration,Vanilla,Free Add-on,25,48835,0,0,0,Weekday,6,12771,6985,607,642,399,192118.5,47.77,71162.47,20610.88,0.29,0
CMP-01556,Mall,Bangkok,Valentine,Self Reward,Cheesecake,Personalized Box,25,33784,0,1,0,Weekday,12,14952,7301,537,1035,884,747963.45,41.94,60661.21,253020.19,4.171,1
CMP-01557,University Area,Bangkok,Normal,Friend Group,Matcha,Limited Edition,10,41205,0,0,0,Weekend,13,7635,4184,508,960,326,292930.56,51.7,94074.7,57378.97,0.61,0
CMP-01558,Neighborhood,Central,Songkran,Office Celebration,Cheesecake,Limited Edition,20,5000,0,0,0,Weekend,10,5181,1774,310,921,139,106511.81,36.08,40089.68,-1660.14,-0.041,0
CMP-01559,CBD / Office,Northeast,New Year,Family Celebration,Strawberry,Free Add-on,10,20784,0,0,0,Weekend,6,7232,3935,625,1079,218,211699.8,55.68,34146.97,83725.64,2.452,0
CMP-01560,Mall,Bangkok,Graduation,Birthday,Matcha,Limited Edition,15,45717,0,0,0,Weekday,13,15749,9311,587,851,1062,798925.61,53.18,82863.86,342008.78,4.127,1
CMP-01561,University Area,South,Normal,Couple Gift,Vanilla,Limited Edition,15,24807,0,1,0,Weekday,6,8405,3458,485,900,195,169104.78,41.05,48397.14,21018.8,0.434,0
CMP-01562,Mall,Northeast,Back to School,Birthday,Red Velvet,Social Challenge,0,47715,0,0,0,Weekend,14,11256,9475,481,855,715,611325.0,52.89,74274.81,249065.86,3.353,1
CMP-01563,Transit,North,Normal,Family Celebration,Cheesecake,Creator Collaboration,5,26178,0,0,0,Weekend,9,7731,7495,198,1023,258,250737.3,48.21,46444.2,74427.82,1.603,1
CMP-01564,Mall,Bangkok,Normal,Couple Gift,Red Velvet,Limited Edition,25,44164,1,0,0,Weekday,10,15208,5678,493,1020,505,401778.0,47.36,114535.51,75744.98,0.661,0
CMP-01565,Mall,Northeast,Back to School,Self Reward,Vanilla,Creator Collaboration,20,64281,1,0,1,Weekday,3,10088,19843,444,761,161,109778.82,38.84,121177.81,-78536.52,-0.648,0
CMP-01566,CBD / Office,South,Normal,Birthday,Fruit Cake,Bundle,25,12752,0,0,0,Weekday,5,7619,2142,410,930,162,112995.0,43.02,23674.26,24941.26,1.054,0
CMP-01567,Neighborhood,Central,Normal,Seasonal Gift,Strawberry,Creator Collaboration,15,67464,1,0,0,Weekday,13,5078,19914,385,906,737,567563.7,50.15,135558.18,149100.03,1.1,0
CMP-01568,CBD / Office,Bangkok,Graduation,Self Reward,Cheesecake,Social Challenge,0,62274,0,0,1,Weekday,3,10569,16886,620,968,250,271040.0,49.3,78825.02,54802.31,0.695,0
CMP-01569,CBD / Office,Bangkok,Graduation,Office Celebration,Strawberry,Creator Collaboration,15,79985,1,1,0,Weekday,8,11642,27876,560,836,559,432975.69,53.69,139716.92,92768.19,0.664,0
CMP-01570,Neighborhood,Bangkok,Normal,Office Celebration,Strawberry,Discount,0,5000,0,1,0,Weekday,5,3748,900,482,872,43,40870.64,57.12,17871.8,5474.03,0.306,0
CMP-01571,University Area,Northeast,New Year,Couple Gift,Strawberry,Limited Edition,15,29295,0,1,0,Weekday,9,5944,4219,455,999,343,330170.58,55.58,63561.77,119961.76,1.887,1
CMP-01572,Transit,Bangkok,New Year,Office Celebration,Red Velvet,Limited Edition,25,38208,0,1,0,Weekday,14,9012,6079,371,1002,644,548623.86,50.09,69508.55,205289.0,2.953,1
CMP-01573,Neighborhood,South,Back to School,Seasonal Gift,Fruit Cake,Free Add-on,10,38701,1,0,0,Weekend,9,3304,7320,323,898,283,228720.6,48.6,108423.2,2732.7,0.025,0
CMP-01574,Mall,Bangkok,Graduation,Family Celebration,Chocolate,Free Add-on,0,24430,0,1,1,Weekday,7,14977,4038,758,748,511,462495.88,64.19,57269.29,239595.98,4.184,1
CMP-01575,University Area,Bangkok,New Year,Birthday,Strawberry,Limited Edition,15,25976,0,0,0,Weekend,12,7408,5995,529,865,511,390741.26,45.53,56348.97,121546.6,2.157,0
CMP-01576,CBD / Office,South,Valentine,Office Celebration,Chocolate,Limited Edition,20,30493,1,0,1,Weekday,14,11188,4750,616,841,753,590109.11,53.98,123626.16,194886.35,1.576,0
CMP-01577,Neighborhood,Northeast,Graduation,Friend Group,Red Velvet,Free Add-on,0,11335,0,0,0,Weekday,6,4602,3046,517,955,165,157575.0,49.85,33071.65,45484.95,1.375,0
CMP-01578,Mall,South,New Year,Couple Gift,Strawberry,Free Add-on,5,19325,0,1,0,Weekday,4,7955,3867,459,1008,229,239026.54,60.66,35997.5,109001.17,3.028,1
CMP-01579,Hospital,Bangkok,Songkran,Birthday,Matcha,Free Add-on,0,18468,0,0,1,Weekday,14,3441,3106,232,867,192,186439.68,59.58,86086.89,24986.47,0.29,0
CMP-01580,Transit,Bangkok,Christmas,Birthday,Cheesecake,Social Challenge,15,53592,1,1,0,Weekday,14,8318,14472,227,928,408,350795.14,50.97,127085.02,51730.06,0.407,0
CMP-01581,University Area,Bangkok,Graduation,Couple Gift,Matcha,Discount,10,42015,0,1,1,Weekday,12,7890,7269,564,836,691,629089.16,59.2,82652.0,289757.49,3.506,1
CMP-01582,CBD / Office,Bangkok,Back to School,Birthday,Vanilla,Free Add-on,15,21236,0,0,0,Weekend,7,13117,4536,412,763,353,228938.15,52.18,49775.12,69680.03,1.4,1
CMP-01583,CBD / Office,Central,Normal,Couple Gift,Red Velvet,Discount,10,47772,0,0,0,Weekend,4,10498,5437,612,870,235,184005.0,46.19,64489.71,20507.81,0.318,0
CMP-01584,Transit,Northeast,Normal,Self Reward,Red Velvet,Creator Collaboration,5,29722,0,0,1,Weekday,3,5777,7506,196,969,75,77326.2,56.33,57680.23,-14119.94,-0.245,0
CMP-01585,Mall,Bangkok,Mother's Day,Self Reward,Vanilla,Free Add-on,25,5000,0,1,1,Weekday,9,13625,1646,621,807,425,311249.81,48.87,52068.23,100041.79,1.921,0
CMP-01586,Mall,Central,Normal,Self Reward,Vanilla,Creator Collaboration,15,69839,1,0,1,Weekend,13,13494,18598,779,790,1252,941604.16,41.49,158947.58,231727.23,1.458,1
CMP-01587,Mall,Bangkok,Christmas,Friend Group,Chocolate,Discount,0,6682,0,0,0,Weekend,10,14620,1808,564,796,401,319196.0,61.5,42094.87,154203.16,3.663,0
CMP-01588,CBD / Office,Bangkok,Christmas,Family Celebration,Chocolate,Creator Collaboration,25,48684,0,0,0,Weekend,7,9572,11163,662,828,571,354591.0,47.41,69814.2,98313.2,1.408,1
CMP-01589,Transit,South,Normal,Seasonal Gift,Chocolate,Personalized Box,10,37517,1,1,1,Weekend,5,7868,8206,349,710,208,160823.52,54.77,86191.29,1890.04,0.022,0
CMP-01590,Neighborhood,Bangkok,Graduation,Office Celebration,Vanilla,Social Challenge,0,37234,0,0,0,Weekday,3,5626,8084,305,671,118,79178.0,49.44,47206.97,-8060.62,-0.171,0
CMP-01591,Mall,Bangkok,Normal,Office Celebration,Cheesecake,Personalized Box,10,33745,0,1,0,Weekday,13,13032,4096,762,860,387,326496.42,52.04,62852.38,107071.69,1.704,0
CMP-01592,Neighborhood,Northeast,Normal,Self Reward,Fruit Cake,Personalized Box,5,40343,0,1,1,Weekday,10,3732,6100,368,1001,354,407329.92,58.57,80842.31,157741.09,1.951,1
CMP-01593,CBD / Office,Bangkok,Valentine,Couple Gift,Fruit Cake,Creator Collaboration,15,56203,1,0,1,Weekday,3,12418,13726,628,827,255,200762.52,58.28,108620.49,8392.12,0.077,0
CMP-01594,University Area,Central,Graduation,Birthday,Matcha,Free Add-on,5,38933,1,1,0,Weekday,7,7819,9311,316,925,298,285435.58,54.11,81086.97,73353.17,0.905,0
CMP-01595,University Area,North,Normal,Self Reward,Strawberry,Limited Edition,25,21094,1,0,0,Weekday,5,6783,4151,342,838,169,110465.16,48.91,71635.76,-17606.96,-0.246,0
CMP-01596,Transit,Bangkok,New Year,Friend Group,Strawberry,Personalized Box,15,55149,0,1,1,Weekday,14,10306,10905,360,847,730,635931.83,51.63,107664.26,220679.88,2.05,1
CMP-01597,CBD / Office,Central,Normal,Birthday,Cheesecake,Free Add-on,20,5000,0,1,0,Weekday,13,10725,1283,528,858,220,164598.72,49.99,51221.14,31053.93,0.606,0
CMP-01598,University Area,Bangkok,Songkran,Seasonal Gift,Red Velvet,Personalized Box,20,7712,0,1,1,Weekday,9,7037,1868,414,1018,211,207924.46,49.31,32351.18,70184.99,2.169,0
CMP-01599,University Area,Bangkok,Graduation,Family Celebration,Cheesecake,Creator Collaboration,10,20777,0,1,0,Weekend,9,7266,4074,306,1001,372,365296.93,56.96,43532.14,164546.93,3.78,1
CMP-01600,Transit,Bangkok,Back to School,Office Celebration,Cheesecake,Social Challenge,10,36283,0,1,0,Weekend,7,10317,10866,383,906,382,339516.25,58.86,61023.22,138808.39,2.275,1
CMP-01601,Hospital,South,New Year,Self Reward,Strawberry,Limited Edition,0,45435,1,1,0,Weekend,12,3247,11733,275,960,453,492979.97,56.74,119580.82,160124.65,1.339,1
CMP-01602,CBD / Office,Northeast,New Year,Birthday,Matcha,Limited Edition,5,29245,0,0,1,Weekend,5,6212,4727,560,868,323,310239.59,56.91,53178.2,123378.19,2.32,1
CMP-01603,Neighborhood,North,Normal,Office Celebration,Strawberry,Discount,5,5000,0,0,0,Weekday,7,4844,1944,422,714,81,54942.3,59.48,30215.63,2462.27,0.081,0
CMP-01604,Mall,Northeast,Mother's Day,Family Celebration,Fruit Cake,Limited Edition,15,22179,0,1,1,Weekday,10,8091,3596,634,1002,487,521956.51,53.21,74958.31,202796.73,2.705,0
CMP-01605,Hospital,Bangkok,Christmas,Seasonal Gift,Vanilla,Personalized Box,10,64232,1,1,1,Weekday,3,5995,11947,164,725,72,56845.8,55.83,111304.38,-79568.82,-0.715,0
CMP-01606,University Area,Bangkok,Normal,Family Celebration,Chocolate,Creator Collaboration,20,56729,0,1,0,Weekday,10,10288,9542,371,721,540,339504.48,48.84,83656.71,82171.89,0.982,0
CMP-01607,Mall,North,Valentine,Couple Gift,Vanilla,Discount,15,36494,1,0,0,Weekday,4,12706,6489,757,708,410,246738.0,42.75,69194.98,36296.09,0.525,0
CMP-01608,University Area,Bangkok,Graduation,Friend Group,Strawberry,Discount,5,28345,0,0,0,Weekend,8,6211,6092,476,938,308,274458.8,49.06,54429.4,80226.14,1.474,0
CMP-01609,CBD / Office,Bangkok,Back to School,Birthday,Strawberry,Discount,25,26127,1,0,1,Weekday,9,10766,5235,418,852,438,313467.84,47.53,90766.87,58215.74,0.641,0
CMP-01610,Transit,Bangkok,Mother's Day,Friend Group,Vanilla,Creator Collaboration,30,68813,1,0,0,Weekday,8,8198,19656,195,670,226,105994.0,49.0,125381.31,-73448.62,-0.586,0
CMP-01611,Neighborhood,Bangkok,Normal,Birthday,Strawberry,Free Add-on,10,80411,1,0,0,Weekend,11,4420,13047,338,978,463,407532.6,55.22,143530.71,81522.99,0.568,0
CMP-01612,Mall,North,Graduation,Couple Gift,Cheesecake,Personalized Box,10,55768,0,1,0,Weekend,11,11424,6688,564,1006,743,733256.3,53.27,93554.1,297034.96,3.175,1
CMP-01613,CBD / Office,Northeast,Graduation,Family Celebration,Vanilla,Limited Edition,20,25942,0,0,1,Weekday,10,10346,4156,589,797,555,412185.45,50.42,58426.09,149408.06,2.557,1
CMP-01614,Neighborhood,Bangkok,Normal,Self Reward,Matcha,Social Challenge,10,57405,0,0,0,Weekday,14,5879,16374,264,828,466,347263.2,46.42,88632.68,72582.81,0.819,0
CMP-01615,Hospital,South,New Year,Birthday,Matcha,Free Add-on,15,42262,0,0,1,Weekday,12,3855,5799,164,965,253,232426.04,48.5,91375.81,21343.7,0.234,0
CMP-01616,University Area,Northeast,Christmas,Family Celebration,Chocolate,Discount,15,15157,0,0,1,Weekday,12,3782,2916,456,863,273,224290.25,45.17,56797.31,44512.95,0.784,0
CMP-01617,Hospital,South,Normal,Couple Gift,Vanilla,Creator Collaboration,20,70073,1,0,0,Weekend,13,3860,12973,240,819,372,243734.4,42.8,131169.76,-26841.69,-0.205,0
CMP-01618,University Area,Bangkok,Christmas,Seasonal Gift,Cheesecake,Personalized Box,10,10358,0,0,1,Weekend,7,7164,1421,334,883,164,145970.5,50.3,39333.41,34091.72,0.867,0
CMP-01619,Neighborhood,Bangkok,Back to School,Birthday,Strawberry,Creator Collaboration,20,72674,1,0,0,Weekday,12,5846,26951,504,850,821,558280.0,43.71,123787.22,120248.34,0.971,0
CMP-01620,Transit,Bangkok,Graduation,Birthday,Cheesecake,Discount,15,48416,0,0,0,Weekend,5,8146,7248,363,847,248,178547.6,48.67,67739.37,19151.23,0.283,0
CMP-01621,Transit,Bangkok,Mother's Day,Self Reward,Cheesecake,Personalized Box,10,52746,1,1,1,Weekday,5,9522,10405,304,949,204,210826.04,57.87,111177.32,10830.23,0.097,0
CMP-01622,Neighborhood,Northeast,New Year,Friend Group,Strawberry,Discount,10,66341,1,1,0,Weekday,14,3948,16305,471,906,861,765244.75,51.1,138576.54,252498.3,1.822,1
CMP-01623,University Area,Central,Valentine,Seasonal Gift,Fruit Cake,Social Challenge,10,50288,0,0,0,Weekend,13,7679,10102,329,956,583,501613.2,47.99,82908.31,157840.2,1.904,1
CMP-01624,Neighborhood,Bangkok,Normal,Friend Group,Cheesecake,Bundle,15,32122,0,1,1,Weekday,9,6378,7145,322,986,347,351893.05,47.35,81034.36,85590.19,1.056,0
CMP-01625,Transit,Central,Christmas,Family Celebration,Chocolate,Personalized Box,0,36934,0,1,1,Weekday,11,7660,6688,314,893,440,475433.2,58.99,89730.33,190747.61,2.126,1
CMP-01626,University Area,Bangkok,Graduation,Family Celebration,Fruit Cake,Limited Edition,10,38968,0,0,0,Weekend,8,9053,6430,429,913,468,399937.82,51.04,62227.82,141890.91,2.28,1
CMP-01627,Neighborhood,Bangkok,Mother's Day,Self Reward,Vanilla,Creator Collaboration,0,18911,0,1,1,Weekday,14,6923,5752,517,781,560,529205.6,53.44,81375.4,201442.48,2.475,1
CMP-01628,CBD / Office,Bangkok,Normal,Friend Group,Fruit Cake,Free Add-on,10,19227,0,0,0,Weekday,4,9973,2824,542,809,129,93924.9,54.41,30111.53,20993.14,0.697,0
CMP-01629,Neighborhood,North,Valentine,Office Celebration,Vanilla,Social Challenge,15,82301,1,0,0,Weekday,14,1896,16077,340,768,610,398208.0,47.4,167133.92,21612.06,0.129,0
CMP-01630,Neighborhood,Bangkok,Valentine,Seasonal Gift,Chocolate,Limited Edition,15,46316,0,1,0,Weekday,14,3044,5027,355,902,425,369380.73,51.43,97729.65,92257.78,0.944,0
CMP-01631,Transit,North,Valentine,Self Reward,Matcha,Free Add-on,25,26868,0,1,0,Weekday,6,8867,4233,372,958,322,252179.13,47.96,49531.55,71426.15,1.442,1
CMP-01632,Neighborhood,Central,New Year,Seasonal Gift,Vanilla,Creator Collaboration,0,64099,0,1,0,Weekday,10,4236,10260,476,793,604,522079.48,50.36,102839.95,160075.44,1.557,1
CMP-01633,Mall,Bangkok,Normal,Seasonal Gift,Fruit Cake,Social Challenge,0,55763,1,0,0,Weekday,10,12488,11438,684,958,547,524026.0,57.82,123531.98,179458.79,1.453,0
CMP-01634,Transit,South,Normal,Self Reward,Chocolate,Personalized Box,15,25216,0,1,0,Weekday,14,8100,4882,265,813,333,250830.42,53.65,82085.92,52484.43,0.639,0
CMP-01635,Neighborhood,Northeast,Songkran,Office Celebration,Strawberry,Personalized Box,15,46247,0,1,1,Weekday,6,5544,5952,252,980,185,186467.05,58.6,69116.25,40149.84,0.581,0
CMP-01636,Transit,Bangkok,Graduation,Office Celebration,Matcha,Personalized Box,10,48276,1,1,0,Weekday,9,9223,10169,216,851,287,239596.5,59.17,95045.42,46734.83,0.492,0
CMP-01637,Hospital,North,Mother's Day,Office Celebration,Strawberry,Social Challenge,20,48943,1,0,0,Weekday,12,4197,10327,314,827,441,291765.6,46.34,114462.87,20742.69,0.181,0
CMP-01638,Mall,Central,Mother's Day,Seasonal Gift,Cheesecake,Free Add-on,20,47882,0,0,1,Weekday,11,11678,5121,688,992,685,608849.92,53.19,104583.34,219249.0,2.096,0
CMP-01639,Mall,Bangkok,Normal,Friend Group,Strawberry,Discount,5,29277,1,0,0,Weekend,3,14621,5024,738,790,258,193629.0,48.07,68424.94,24644.96,0.36,0
CMP-01640,Neighborhood,Central,Christmas,Office Celebration,Strawberry,Free Add-on,15,15734,0,0,1,Weekday,4,4829,3018,257,834,130,103215.84,43.79,34039.13,11161.5,0.328,0
CMP-01641,CBD / Office,Bangkok,Back to School,Family Celebration,Red Velvet,Personalized Box,25,18423,0,1,0,Weekday,13,10617,4232,528,964,454,357783.78,47.94,52785.83,118737.85,2.249,0
CMP-01642,University Area,North,New Year,Self Reward,Cheesecake,Creator Collaboration,20,39709,0,1,0,Weekday,6,3739,11559,436,1020,382,339766.08,56.24,53099.35,137998.94,2.599,1
CMP-01643,Mall,North,New Year,Seasonal Gift,Chocolate,Social Challenge,0,43622,0,0,0,Weekday,12,8620,7677,639,792,563,445896.0,53.5,86371.51,152170.95,1.762,0
CMP-01644,Neighborhood,South,Valentine,Self Reward,Strawberry,Limited Edition,10,36702,0,1,0,Weekday,13,4223,7708,481,872,702,624533.79,53.58,68183.48,266418.28,3.907,1
CMP-01645,University Area,Bangkok,Songkran,Birthday,Strawberry,Creator Collaboration,0,65033,1,0,1,Weekday,13,7502,20611,554,968,971,1052719.36,53.32,147879.84,413473.41,2.796,1
CMP-01646,CBD / Office,Bangkok,New Year,Family Celebration,Vanilla,Bundle,25,34650,0,0,0,Weekend,14,12533,5844,502,810,731,444082.5,43.41,63875.75,128883.61,2.018,0
CMP-01647,CBD / Office,Bangkok,Graduation,Office Celebration,Red Velvet,Creator Collaboration,25,44138,1,0,0,Weekday,14,11320,10488,667,1015,1114,848032.5,50.78,103458.82,327178.52,3.162,1
CMP-01648,CBD / Office,Bangkok,Graduation,Seasonal Gift,Red Velvet,Bundle,25,6240,0,0,0,Weekday,10,11354,900,528,973,273,199221.75,46.91,43738.03,49716.69,1.137,0
CMP-01649,University Area,Bangkok,New Year,Couple Gift,Matcha,Free Add-on,15,23138,0,0,0,Weekend,11,7827,3875,416,844,322,231002.8,45.35,53768.35,50989.5,0.948,0
CMP-01650,University Area,Bangkok,Graduation,Self Reward,Matcha,Creator Collaboration,10,33244,1,1,0,Weekend,3,7569,9092,344,883,139,120405.0,52.06,59235.77,3452.39,0.058,0
CMP-01651,University Area,Bangkok,New Year,Family Celebration,Fruit Cake,Discount,20,12423,0,1,0,Weekday,3,9245,2510,474,943,168,138145.73,50.89,23866.68,46432.27,1.945,1
CMP-01652,Neighborhood,North,Normal,Couple Gift,Strawberry,Personalized Box,20,24773,0,1,1,Weekday,3,6226,4405,265,841,113,91991.94,54.84,49645.87,801.98,0.016,0
CMP-01653,University Area,Bangkok,New Year,Office Celebration,Matcha,Free Add-on,30,41867,0,0,1,Weekday,13,8206,8644,534,892,900,629395.2,55.41,98814.42,249902.16,2.529,1
CMP-01654,Neighborhood,South,Normal,Friend Group,Chocolate,Limited Edition,10,21559,0,0,0,Weekend,10,2957,5326,478,830,260,201988.8,60.79,46959.26,75820.09,1.615,0
CMP-01655,CBD / Office,South,Normal,Birthday,Cheesecake,Discount,10,30300,0,1,0,Weekday,5,8995,4453,363,1001,209,205234.03,50.56,51028.39,52733.66,1.033,0
CMP-01656,University Area,Bangkok,Graduation,Family Celebration,Strawberry,Social Challenge,0,72025,1,1,0,Weekend,7,10815,19990,430,728,410,325343.2,53.75,118555.97,56330.72,0.475,0
CMP-01657,Neighborhood,Bangkok,Valentine,Self Reward,Strawberry,Creator Collaboration,10,52445,1,1,0,Weekend,11,5288,16034,402,853,582,487013.53,50.27,122524.17,122274.61,0.998,0
CMP-01658,University Area,Central,Valentine,Seasonal Gift,Fruit Cake,Personalized Box,10,23424,0,0,0,Weekday,8,8041,4817,423,859,398,307693.8,49.61,42660.24,109995.56,2.578,1
CMP-01659,Neighborhood,North,Normal,Seasonal Gift,Cheesecake,Personalized Box,20,25968,0,0,0,Weekend,8,4235,4210,421,972,218,169516.8,48.83,51625.76,31152.54,0.603,0
CMP-01660,University Area,Bangkok,Normal,Friend Group,Vanilla,Bundle,15,37609,1,0,1,Weekday,8,7011,9595,456,799,465,353701.32,54.34,127253.46,64944.08,0.51,0
CMP-01661,Neighborhood,Central,Normal,Family Celebration,Matcha,Creator Collaboration,10,55446,1,0,0,Weekend,11,6058,15515,375,811,520,379548.0,43.66,117807.01,47916.36,0.407,0
CMP-01662,CBD / Office,Central,Normal,Friend Group,Red Velvet,Personalized Box,0,27030,0,0,0,Weekend,7,8907,3905,608,961,245,235445.0,53.48,40975.22,84951.18,2.073,0
CMP-01663,Neighborhood,Central,New Year,Family Celebration,Cheesecake,Limited Edition,5,37050,0,0,1,Weekday,7,3591,6573,402,940,364,378620.57,60.45,63741.48,165137.73,2.591,1
CMP-01664,CBD / Office,Bangkok,New Year,Seasonal Gift,Fruit Cake,Discount,10,55864,0,0,1,Weekday,7,9282,8146,562,924,515,479666.88,43.15,84525.3,122429.23,1.448,1
CMP-01665,Transit,Bangkok,New Year,Self Reward,Vanilla,Limited Edition,25,5991,0,0,0,Weekend,14,9851,2797,264,750,392,229320.0,36.19,38099.18,44902.09,1.179,0
CMP-01666,Hospital,Bangkok,Normal,Seasonal Gift,Red Velvet,Creator Collaboration,20,5000,0,1,1,Weekend,7,4264,1962,350,970,116,108919.36,46.16,37156.36,13117.63,0.353,0
CMP-01667,Mall,Bangkok,Normal,Office Celebration,Vanilla,Free Add-on,15,58941,1,0,0,Weekday,13,14053,12257,722,810,686,472311.0,52.95,151193.93,98880.04,0.654,0
CMP-01668,CBD / Office,Central,Back to School,Self Reward,Matcha,Limited Edition,15,14653,1,0,0,Weekend,13,10009,3325,607,868,360,276232.32,48.97,89540.9,45731.04,0.511,0
CMP-01669,Hospital,Northeast,New Year,Seasonal Gift,Chocolate,Social Challenge,20,38816,1,1,0,Weekday,9,2772,7799,226,873,273,207822.89,44.32,91197.14,919.5,0.01,0
CMP-01670,University Area,Central,Christmas,Office Celebration,Vanilla,Discount,5,33834,1,1,0,Weekend,5,8290,7365,306,844,213,186153.91,50.46,82070.32,11868.4,0.145,0
CMP-01671,Transit,North,Normal,Couple Gift,Cheesecake,Discount,20,22738,0,1,1,Weekday,13,9935,4482,235,874,402,340104.86,53.93,89378.04,94054.53,1.052,0
CMP-01672,University Area,Bangkok,Normal,Couple Gift,Red Velvet,Personalized Box,15,44691,0,1,0,Weekday,13,7507,7163,362,822,514,391453.66,51.92,89687.96,113539.01,1.266,1
CMP-01673,CBD / Office,Central,Christmas,Friend Group,Matcha,Discount,15,16948,0,0,0,Weekday,9,10169,3832,677,822,361,252230.7,51.75,39272.09,91250.11,2.324,0
CMP-01674,Hospital,Bangkok,Normal,Family Celebration,Cheesecake,Personalized Box,25,38346,1,1,1,Weekday,5,4707,8338,263,933,179,151558.85,45.61,98747.01,-29620.43,-0.3,0
CMP-01675,Mall,Bangkok,Christmas,Birthday,Chocolate,Creator Collaboration,15,46702,1,1,0,Weekend,6,14036,13022,552,835,467,361284.04,53.68,89936.62,104015.61,1.157,0
CMP-01676,Transit,North,Normal,Couple Gift,Matcha,Social Challenge,30,5000,0,0,0,Weekday,7,4521,2179,377,977,124,84803.6,44.39,22457.52,15185.76,0.676,0
CMP-01677,University Area,Bangkok,Songkran,Couple Gift,Fruit Cake,Limited Edition,5,29839,0,1,0,Weekday,12,7099,6130,381,911,450,441483.35,48.0,56671.34,155241.38,2.739,1
CMP-01678,CBD / Office,Bangkok,Valentine,Office Celebration,Strawberry,Discount,15,33262,1,0,0,Weekday,12,10301,4716,480,936,519,412916.4,58.18,86398.28,153854.76,1.781,0
CMP-01679,Hospital,North,Christmas,Couple Gift,Chocolate,Personalized Box,5,23199,0,1,1,Weekday,4,4244,4186,345,1010,193,224072.03,62.97,41779.75,99308.06,2.377,1
CMP-01680,University Area,Central,Back to School,Friend Group,Cheesecake,Limited Edition,5,16359,0,0,0,Weekday,6,8463,4060,540,907,227,203418.33,60.25,38634.58,83920.06,2.172,0
CMP-01681,Transit,Bangkok,Valentine,Birthday,Fruit Cake,Creator Collaboration,20,41900,0,1,0,Weekday,5,9002,7628,385,954,266,221282.21,52.74,59744.85,56957.66,0.953,0
CMP-01682,Hospital,North,Normal,Couple Gift,Fruit Cake,Discount,0,20239,0,1,0,Weekday,9,6523,4243,290,919,223,223381.33,61.65,57334.0,80370.94,1.402,1
CMP-01683,Hospital,Central,Normal,Couple Gift,Cheesecake,Creator Collaboration,20,22644,0,1,0,Weekend,4,2316,5163,183,873,100,76125.6,52.1,30612.84,9047.98,0.296,0
CMP-01684,CBD / Office,Northeast,Christmas,Birthday,Vanilla,Limited Edition,15,67751,0,1,1,Weekend,6,10249,6275,394,832,294,261642.5,43.28,91893.51,21335.25,0.232,0
CMP-01685,Mall,Bangkok,Normal,Birthday,Cheesecake,Free Add-on,20,63962,1,0,1,Weekday,8,13141,11334,778,1001,573,513921.41,43.65,141010.13,83307.44,0.591,0
CMP-01686,Mall,Northeast,Valentine,Friend Group,Matcha,Free Add-on,10,35331,0,0,0,Weekend,10,9416,5645,495,884,462,367567.2,44.23,63964.4,98625.05,1.542,0
CMP-01687,Mall,Bangkok,Christmas,Friend Group,Strawberry,Bundle,20,14044,0,1,0,Weekend,7,14384,3752,440,902,399,313831.06,50.75,33877.83,125381.26,3.701,1
CMP-01688,University Area,Northeast,Normal,Self Reward,Cheesecake,Personalized Box,5,7330,0,1,1,Weekday,12,5740,2011,423,837,220,211668.93,63.46,49782.19,84539.64,1.698,0
CMP-01689,Transit,South,Back to School,Self Reward,Fruit Cake,Creator Collaboration,0,46464,1,0,1,Weekend,6,7852,14612,182,923,129,133355.04,59.3,124097.93,-45018.46,-0.363,0
CMP-01690,Hospital,Bangkok,Back to School,Seasonal Gift,Chocolate,Limited Edition,20,28395,0,1,1,Weekday,9,4653,3638,347,824,264,218997.84,48.23,66935.31,38693.92,0.578,0
CMP-01691,CBD / Office,Central,Songkran,Couple Gift,Cheesecake,Creator Collaboration,10,68083,1,1,1,Weekday,3,9458,16998,528,860,215,201356.1,57.86,106117.63,10394.47,0.098,0
CMP-01692,Mall,Bangkok,Back to School,Seasonal Gift,Red Velvet,Social Challenge,20,37439,0,1,0,Weekend,14,13929,7092,489,1044,784,713728.51,54.58,90191.65,299340.52,3.319,1
CMP-01693,CBD / Office,Northeast,Normal,Self Reward,Red Velvet,Social Challenge,25,47789,1,0,0,Weekday,14,9059,16819,595,1017,1017,775716.75,43.04,138810.93,195032.41,1.405,1
CMP-01694,Mall,Central,Normal,Couple Gift,Cheesecake,Bundle,25,29438,0,0,1,Weekend,13,9447,4027,645,978,371,304783.92,45.06,65764.91,71563.91,1.088,0
CMP-01695,CBD / Office,Central,Normal,Birthday,Vanilla,Bundle,10,17216,0,0,1,Weekend,3,9031,1907,403,850,116,99388.8,50.13,34291.37,15527.37,0.453,0
CMP-01696,CBD / Office,Bangkok,Normal,Friend Group,Fruit Cake,Limited Edition,15,14161,0,0,1,Weekend,11,10303,2245,573,994,261,256860.41,52.11,44718.57,89132.39,1.993,0
CMP-01697,Mall,Northeast,Songkran,Birthday,Fruit Cake,Personalized Box,5,60864,1,0,1,Weekend,11,9099,12891,738,938,896,894236.67,56.27,137950.83,365261.88,2.648,1
CMP-01698,University Area,Central,Normal,Office Celebration,Fruit Cake,Discount,10,8650,0,1,0,Weekday,5,8660,1343,287,830,123,100150.29,49.02,25546.82,23543.89,0.922,0
CMP-01699,Mall,Bangkok,Normal,Family Celebration,Matcha,Social Challenge,15,21046,0,0,0,Weekend,12,12157,4441,770,847,416,299499.2,59.47,63785.5,114325.21,1.792,0
CMP-01700,Neighborhood,Bangkok,Normal,Self Reward,Cheesecake,Social Challenge,30,73598,1,0,0,Weekday,8,4655,16869,289,910,272,173264.0,42.09,147213.6,-74289.56,-0.505,0
CMP-01701,Mall,South,Songkran,Self Reward,Cheesecake,Creator Collaboration,10,36100,0,0,0,Weekday,12,9468,8573,774,976,757,664948.8,52.63,83263.43,266708.56,3.203,0
CMP-01702,Mall,Bangkok,Back to School,Self Reward,Vanilla,Limited Edition,0,9986,0,1,0,Weekday,7,13697,2676,623,823,304,283617.65,56.01,29340.96,129499.9,4.414,0
CMP-01703,Mall,Bangkok,New Year,Couple Gift,Strawberry,Bundle,15,36418,1,0,1,Weekday,4,14453,7366,431,810,245,188924.4,52.14,94019.84,4488.31,0.048,0
CMP-01704,Mall,Bangkok,Normal,Friend Group,Vanilla,Social Challenge,15,72456,1,0,1,Weekend,3,12473,20912,527,829,224,176782.59,55.68,129297.29,-30869.04,-0.239,0
CMP-01705,University Area,Central,New Year,Couple Gift,Chocolate,Creator Collaboration,0,44177,0,0,0,Weekday,9,5059,9869,370,873,494,431262.0,60.39,64175.18,196263.02,3.058,1
CMP-01706,Hospital,North,New Year,Friend Group,Red Velvet,Bundle,0,21307,0,0,1,Weekend,14,1701,4057,284,1116,282,352477.44,56.89,73546.31,126995.35,1.727,1
CMP-01707,Transit,Bangkok,Mother's Day,Self Reward,Vanilla,Social Challenge,5,43697,1,0,1,Weekday,11,9930,10290,419,927,591,582919.85,47.66,107041.92,170785.5,1.596,1
CMP-01708,University Area,Central,Mother's Day,Office Celebration,Vanilla,Free Add-on,0,33954,0,1,0,Weekday,14,7643,4866,351,783,476,406251.72,55.97,78747.34,148617.28,1.887,1
CMP-01709,Mall,South,Mother's Day,Birthday,Red Velvet,Discount,5,29873,0,1,0,Weekend,9,13425,5772,642,984,637,649059.68,56.27,58319.31,306920.97,5.263,1
CMP-01710,CBD / Office,Central,New Year,Friend Group,Chocolate,Personalized Box,20,30072,0,0,1,Weekday,7,8723,5896,432,777,426,296577.79,46.94,65937.73,73275.42,1.111,0
CMP-01711,Transit,Central,Normal,Self Reward,Fruit Cake,Personalized Box,10,43309,1,1,0,Weekday,14,4364,9093,315,870,634,541099.98,48.43,114316.42,147730.75,1.292,1
CMP-01712,Transit,Bangkok,Back to School,Seasonal Gift,Red Velvet,Limited Edition,0,23751,1,0,0,Weekday,10,7762,7030,419,1088,342,386979.84,49.57,72052.27,119761.31,1.662,1
CMP-01713,CBD / Office,North,Normal,Couple Gift,Strawberry,Limited Edition,10,24816,0,0,0,Weekday,7,7555,3713,584,790,223,164895.12,51.27,43002.02,41545.91,0.966,0
CMP-01714,Mall,Bangkok,Christmas,Birthday,Chocolate,Limited Edition,20,29102,0,1,1,Weekday,8,13552,4818,778,857,607,523694.74,40.67,56287.53,156709.72,2.784,1
CMP-01715,University Area,Bangkok,Graduation,Office Celebration,Chocolate,Discount,30,29461,1,1,1,Weekday,6,5666,7578,322,851,246,177316.06,52.26,92735.55,-68.09,-0.001,0
CMP-01716,Mall,Bangkok,Valentine,Couple Gift,Red Velvet,Bundle,20,17089,0,1,1,Weekday,12,13383,2905,603,965,519,484808.28,46.23,50434.15,173711.05,3.444,0
CMP-01717,Neighborhood,Northeast,New Year,Seasonal Gift,Chocolate,Social Challenge,5,42348,1,0,0,Weekend,11,1896,8131,373,828,459,361049.4,61.64,92892.82,129646.88,1.396,1
CMP-01718,Mall,Bangkok,Normal,Family Celebration,Vanilla,Creator Collaboration,5,28612,0,1,0,Weekend,9,13720,6542,457,699,475,343811.89,60.99,59331.77,150348.22,2.534,1
CMP-01719,CBD / Office,South,New Year,Seasonal Gift,Chocolate,Discount,15,45518,0,0,1,Weekend,3,9351,7643,373,853,148,120184.29,55.03,69102.3,-2961.73,-0.043,0
CMP-01720,Neighborhood,Bangkok,Normal,Family Celebration,Cheesecake,Limited Edition,10,11110,0,0,0,Weekday,4,4606,2033,309,926,81,70205.62,47.68,26476.54,6995.57,0.264,0
CMP-01721,CBD / Office,Bangkok,Valentine,Family Celebration,Matcha,Discount,20,49256,0,0,0,Weekend,12,10444,8339,438,833,599,399173.6,51.59,78493.85,127438.08,1.624,1
CMP-01722,University Area,Northeast,Normal,Family Celebration,Strawberry,Bundle,20,5994,0,0,1,Weekday,6,4910,2121,476,803,112,80582.66,44.8,25784.49,10316.89,0.4,0
CMP-01723,Neighborhood,Central,Normal,Couple Gift,Matcha,Creator Collaboration,20,40985,1,1,0,Weekday,8,5868,13087,505,836,483,352103.14,52.94,88583.92,97821.8,1.104,0
CMP-01724,Mall,North,Normal,Office Celebration,Fruit Cake,Personalized Box,10,12171,0,0,0,Weekday,12,9671,3386,520,783,279,196611.3,47.09,49918.11,42659.16,0.855,0
CMP-01725,Mall,South,Back to School,Family Celebration,Cheesecake,Discount,10,18668,0,0,0,Weekday,5,11487,3861,698,959,216,186429.6,49.68,35716.0,56908.74,1.593,0
CMP-01726,Hospital,Bangkok,Songkran,Self Reward,Fruit Cake,Social Challenge,10,40178,0,1,1,Weekday,5,4075,8140,299,1069,219,254946.88,54.15,69142.15,68904.14,0.997,0
CMP-01727,Neighborhood,Northeast,Mother's Day,Family Celebration,Matcha,Discount,10,5000,0,0,0,Weekend,6,5874,1134,488,801,143,103088.7,48.23,28634.36,21081.36,0.736,0
CMP-01728,Neighborhood,Northeast,Christmas,Friend Group,Cheesecake,Bundle,5,12888,0,1,1,Weekday,6,3593,2544,442,901,204,211282.7,54.37,36351.02,78520.9,2.16,1
CMP-01729,University Area,Bangkok,Graduation,Seasonal Gift,Chocolate,Social Challenge,20,65180,1,1,0,Weekday,11,8987,17924,512,717,715,447035.16,49.79,133999.1,88560.31,0.661,0
CMP-01730,Mall,Bangkok,New Year,Friend Group,Vanilla,Discount,20,33779,0,1,0,Weekday,13,13488,5850,586,796,683,474078.5,48.12,86757.18,141376.96,1.63,0
CMP-01731,CBD / Office,Bangkok,Christmas,Birthday,Red Velvet,Bundle,10,5851,0,1,1,Weekday,14,10865,1054,526,1036,324,365538.1,55.22,75298.9,126544.73,1.681,0
CMP-01732,Transit,Central,Songkran,Office Celebration,Fruit Cake,Social Challenge,5,18479,0,0,1,Weekend,8,10361,4459,368,939,300,299728.8,61.61,54619.35,130056.93,2.381,1
CMP-01733,CBD / Office,Bangkok,Songkran,Office Celebration,Cheesecake,Social Challenge,20,35306,0,0,0,Weekday,12,10078,5825,651,1005,436,350544.0,47.92,71043.73,96924.24,1.364,0
CMP-01734,Mall,Bangkok,Normal,Birthday,Chocolate,Personalized Box,5,5000,0,1,0,Weekday,8,14320,1889,462,817,221,186966.77,57.44,19972.96,87412.43,4.377,0
CMP-01735,Transit,Bangkok,Normal,Friend Group,Fruit Cake,Bundle,30,13238,0,0,0,Weekday,14,7573,2041,354,875,164,100450.0,39.0,57567.01,-18392.65,-0.319,0
CMP-01736,CBD / Office,Bangkok,Mother's Day,Seasonal Gift,Red Velvet,Creator Collaboration,10,22896,1,0,0,Weekday,12,11314,5791,435,957,627,540035.1,52.7,107069.53,177518.3,1.658,1
CMP-01737,Neighborhood,Bangkok,Christmas,Seasonal Gift,Red Velvet,Creator Collaboration,10,51368,1,1,0,Weekday,3,8141,8558,362,997,137,133993.81,54.34,100384.16,-27567.36,-0.275,0
CMP-01738,CBD / Office,Bangkok,Normal,Birthday,Fruit Cake,Creator Collaboration,30,38531,1,1,0,Weekday,11,10347,11135,674,884,782,527452.74,52.04,117400.17,157106.55,1.338,0
CMP-01739,CBD / Office,Bangkok,Graduation,Family Celebration,Strawberry,Discount,0,42349,0,0,0,Weekday,14,10655,7029,621,936,592,554112.0,56.87,86157.23,228987.61,2.658,0
CMP-01740,Mall,South,Normal,Birthday,Chocolate,Bundle,10,17106,0,0,1,Weekend,12,11697,2547,753,802,340,274861.44,50.57,63098.07,75901.55,1.203,0
CMP-01741,Transit,Bangkok,New Year,Birthday,Cheesecake,Personalized Box,10,29470,0,0,0,Weekday,5,10124,6301,399,954,239,205205.4,51.86,45730.47,60682.25,1.327,1
CMP-01742,CBD / Office,Bangkok,Back to School,Friend Group,Matcha,Social Challenge,5,86851,1,1,1,Weekday,10,8815,31988,386,838,484,466228.0,59.51,179878.15,97569.06,0.542,0
CMP-01743,Hospital,Bangkok,Songkran,Self Reward,Vanilla,Free Add-on,15,21453,0,0,1,Weekday,9,5066,4205,347,688,268,175533.57,51.45,45840.76,44478.83,0.97,0
CMP-01744,Hospital,Bangkok,Normal,Couple Gift,Vanilla,Bundle,5,11357,0,1,1,Weekday,14,5407,2926,245,752,238,205732.91,63.07,55520.18,74240.89,1.337,1
CMP-01745,University Area,South,Graduation,Office Celebration,Strawberry,Creator Collaboration,30,26450,0,1,0,Weekday,8,5087,6275,388,843,459,295232.93,38.33,43144.38,70005.29,1.623,1
CMP-01746,CBD / Office,Bangkok,Songkran,Self Reward,Red Velvet,Social Challenge,5,68046,1,0,0,Weekday,9,9899,17238,510,943,666,596636.1,44.31,112371.05,151970.33,1.352,1
CMP-01747,Transit,Central,Graduation,Couple Gift,Red Velvet,Limited Edition,5,44669,0,0,0,Weekday,7,9223,5553,325,1007,294,292505.3,61.27,65867.4,113347.22,1.721,1
CMP-01748,Neighborhood,Bangkok,Normal,Office Celebration,Strawberry,Discount,30,21118,0,0,0,Weekend,9,7702,4095,502,806,312,176030.4,39.43,43600.13,25800.94,0.592,0
CMP-01749,Neighborhood,Central,Valentine,Birthday,Red Velvet,Bundle,15,19466,0,0,1,Weekend,13,6040,3099,355,1100,431,451343.2,54.49,83875.74,162060.18,1.932,1
CMP-01750,University Area,Bangkok,Normal,Self Reward,Vanilla,Limited Edition,20,31834,0,0,0,Weekday,13,9753,7058,457,764,478,303839.74,48.22,77461.61,69056.2,0.891,0
CMP-01751,Neighborhood,Northeast,Mother's Day,Friend Group,Cheesecake,Bundle,15,40396,1,0,1,Weekday,8,5811,9113,368,981,425,396912.6,46.07,104941.59,77917.45,0.742,0
CMP-01752,University Area,Bangkok,Normal,Seasonal Gift,Chocolate,Personalized Box,15,41660,0,1,1,Weekday,6,7009,9576,562,778,416,332871.97,60.88,78216.36,124422.54,1.591,1
CMP-01753,Hospital,Central,Normal,Self Reward,Vanilla,Limited Edition,15,41982,1,1,1,Weekday,12,2412,6513,234,697,362,269885.15,53.73,108205.49,36814.28,0.34,0
CMP-01754,Mall,South,Graduation,Office Celebration,Red Velvet,Social Challenge,15,33611,0,0,0,Weekday,4,11942,7167,652,977,312,259100.4,47.31,42493.43,80085.55,1.885,1
CMP-01755,Transit,Bangkok,Mother's Day,Self Reward,Chocolate,Creator Collaboration,5,91568,1,1,0,Weekend,5,10643,22201,307,760,218,171561.64,51.1,143077.85,-55403.55,-0.387,0
CMP-01756,University Area,Bangkok,Songkran,Birthday,Strawberry,Social Challenge,10,53052,0,1,0,Weekday,13,8377,15576,298,765,563,422511.8,56.52,105965.19,132819.83,1.253,1
CMP-01757,CBD / Office,Bangkok,Mother's Day,Self Reward,Strawberry,Social Challenge,20,59215,1,1,0,Weekday,7,10534,20414,382,913,372,296162.59,51.68,98945.26,54114.37,0.547,0
CMP-01758,CBD / Office,Northeast,Songkran,Birthday,Matcha,Free Add-on,30,52058,1,1,0,Weekday,12,6925,7866,604,818,580,361997.72,55.09,102802.98,96636.89,0.94,0
CMP-01759,Hospital,North,Graduation,Self Reward,Cheesecake,Bundle,25,26009,1,0,0,Weekday,7,4455,6642,275,856,261,167562.0,48.28,81329.0,-425.16,-0.005,0
CMP-01760,Hospital,North,Valentine,Office Celebration,Red Velvet,Free Add-on,10,15593,0,0,0,Weekend,6,4860,3214,253,964,181,157035.6,45.21,27523.83,43467.08,1.579,1
CMP-01761,Mall,Bangkok,Songkran,Friend Group,Cheesecake,Bundle,20,41973,1,0,0,Weekend,10,15501,10249,664,940,902,678304.0,52.14,108727.01,244953.83,2.253,1
CMP-01762,University Area,South,Normal,Birthday,Chocolate,Discount,20,25440,1,0,1,Weekday,3,6122,7425,450,830,176,130887.68,45.24,80086.15,-20875.81,-0.261,0
CMP-01763,University Area,Central,Christmas,Couple Gift,Matcha,Limited Edition,10,7841,0,1,0,Weekend,12,7741,2003,394,914,303,282547.31,55.23,31458.09,124601.6,3.961,0
CMP-01764,Mall,Bangkok,New Year,Self Reward,Cheesecake,Bundle,10,49933,0,0,1,Weekday,10,14419,10809,587,812,800,654796.8,53.71,93865.16,257831.81,2.747,1
CMP-01765,University Area,Bangkok,Mother's Day,Seasonal Gift,Fruit Cake,Personalized Box,5,48683,0,0,1,Weekday,14,9085,7748,466,905,892,858924.64,58.25,100321.72,400036.73,3.988,1
CMP-01766,Neighborhood,South,Back to School,Seasonal Gift,Chocolate,Creator Collaboration,30,27198,1,1,1,Weekday,4,5527,9322,406,717,232,140893.37,52.84,69005.73,5444.33,0.079,0
CMP-01767,Mall,Northeast,Valentine,Self Reward,Cheesecake,Social Challenge,20,48331,1,1,0,Weekend,10,11281,10269,447,873,658,500906.45,54.21,89092.07,182445.09,2.048,1
CMP-01768,Mall,Bangkok,Christmas,Self Reward,Red Velvet,Social Challenge,10,36054,0,1,0,Weekend,5,16344,7999,731,1034,516,523406.66,55.71,50662.97,240909.65,4.755,1
CMP-01769,University Area,North,Songkran,Friend Group,Matcha,Creator Collaboration,20,51075,1,0,1,Weekday,6,7852,17994,533,892,420,335677.44,44.88,114000.86,36653.59,0.322,0
CMP-01770,CBD / Office,Bangkok,Valentine,Seasonal Gift,Cheesecake,Free Add-on,10,8421,0,0,0,Weekend,9,8819,1565,499,957,217,186902.1,53.85,29998.24,70643.8,2.355,0
CMP-01771,CBD / Office,South,Normal,Self Reward,Vanilla,Creator Collaboration,20,7433,0,0,0,Weekday,8,8420,2273,616,730,224,130816.0,51.63,33529.56,34010.0,1.014,0
CMP-01772,CBD / Office,Central,Christmas,Seasonal Gift,Matcha,Discount,10,15962,0,0,0,Weekday,3,10778,2274,497,827,185,137695.5,57.35,22732.62,56231.73,2.474,1
CMP-01773,Mall,North,Back to School,Family Celebration,Strawberry,Limited Edition,30,22263,0,0,0,Weekend,14,11126,4575,737,882,525,337100.4,48.51,80268.99,83262.22,1.037,0
CMP-01774,University Area,Bangkok,Normal,Seasonal Gift,Matcha,Discount,15,34956,0,0,1,Weekday,10,7302,6595,418,777,458,338784.43,51.56,83708.22,90958.95,1.087,0
CMP-01775,Mall,Central,Mother's Day,Birthday,Strawberry,Personalized Box,10,36655,0,1,0,Weekday,9,12283,4473,542,877,560,481788.72,58.85,58534.72,225011.44,3.844,1
CMP-01776,Transit,Central,Christmas,Self Reward,Strawberry,Free Add-on,20,35209,1,1,0,Weekday,7,8185,7096,254,870,220,166900.8,53.78,84399.28,5361.29,0.064,0
CMP-01777,Mall,Bangkok,Valentine,Family Celebration,Matcha,Bundle,0,36724,0,1,1,Weekend,11,13139,4288,605,813,729,717139.17,52.78,69715.76,308768.08,4.429,1
CMP-01778,Mall,Bangkok,Mother's Day,Couple Gift,Cheesecake,Personalized Box,15,10345,0,0,0,Weekday,6,14590,1419,726,950,339,273742.5,52.51,35091.81,108649.58,3.096,0
CMP-01779,Hospital,Northeast,Songkran,Office Celebration,Strawberry,Free Add-on,0,56118,1,1,0,Weekend,4,3840,9871,218,894,118,114986.28,61.25,108084.63,-37652.56,-0.348,0
CMP-01780,Hospital,Bangkok,Back to School,Couple Gift,Cheesecake,Free Add-on,20,29275,0,1,0,Weekday,7,4690,3911,310,921,185,148575.72,61.22,49943.76,41015.78,0.821,0
CMP-01781,CBD / Office,Bangkok,Mother's Day,Self Reward,Vanilla,Bundle,20,25144,0,0,1,Weekday,6,11159,4558,414,816,311,227383.3,51.73,55277.53,62349.77,1.128,0
CMP-01782,Neighborhood,Bangkok,Normal,Self Reward,Chocolate,Limited Edition,10,9182,1,0,0,Weekday,13,9200,3670,259,755,249,175963.32,43.61,97288.64,-20543.83,-0.211,0
CMP-01783,Mall,Bangkok,Christmas,Birthday,Cheesecake,Limited Edition,25,34225,0,1,1,Weekend,12,9464,5121,712,908,724,620446.57,44.11,70220.23,203441.03,2.897,0
CMP-01784,University Area,Bangkok,Normal,Self Reward,Matcha,Social Challenge,15,26531,0,1,0,Weekday,11,9950,7232,559,834,428,330716.03,52.77,69708.53,104820.74,1.504,0
CMP-01785,Neighborhood,Central,Graduation,Family Celebration,Cheesecake,Bundle,10,22922,0,0,0,Weekday,4,5660,5748,511,856,251,193370.4,58.48,31323.57,81765.98,2.61,1
CMP-01786,Neighborhood,Bangkok,Mother's Day,Birthday,Matcha,Bundle,5,13844,0,0,1,Weekday,13,6759,2280,459,747,282,224135.86,60.54,54088.02,81605.11,1.509,0
CMP-01787,Hospital,Bangkok,Normal,Couple Gift,Matcha,Bundle,25,21996,0,0,0,Weekday,5,5514,3367,321,926,138,95841.0,46.2,37414.75,6860.32,0.183,0
CMP-01788,Neighborhood,South,New Year,Office Celebration,Strawberry,Free Add-on,5,21982,1,0,0,Weekday,11,5288,4462,443,903,288,247060.8,52.43,85464.86,44057.08,0.515,0
CMP-01789,University Area,Bangkok,Back to School,Seasonal Gift,Vanilla,Free Add-on,0,29591,1,1,0,Weekday,11,7059,5253,461,759,316,261429.96,48.62,89743.48,37370.64,0.416,0
CMP-01790,Neighborhood,South,Christmas,Couple Gift,Chocolate,Bundle,20,54216,1,0,0,Weekday,7,4815,8345,430,823,411,270602.4,46.54,104337.89,21599.95,0.207,0
CMP-01791,University Area,Bangkok,Christmas,Self Reward,Red Velvet,Limited Edition,30,71141,1,0,0,Weekend,5,8677,14433,322,1086,188,148634.3,45.31,128000.36,-60659.74,-0.474,0
CMP-01792,Hospital,Bangkok,Normal,Self Reward,Matcha,Creator Collaboration,25,50309,1,0,0,Weekday,5,6036,17032,354,758,226,128481.0,49.41,94720.94,-31238.37,-0.33,0
CMP-01793,University Area,Bangkok,Graduation,Friend Group,Chocolate,Bundle,25,39393,0,0,1,Weekday,9,8183,7905,324,712,400,239232.0,49.67,84209.83,34607.39,0.411,0
CMP-01794,Mall,South,Christmas,Self Reward,Matcha,Bundle,10,46352,1,0,1,Weekday,13,12557,9151,642,855,840,723945.6,52.63,128577.85,252456.74,1.963,1
CMP-01795,Neighborhood,Northeast,Normal,Couple Gift,Fruit Cake,Limited Edition,25,7611,0,1,0,Weekend,8,6652,2295,443,893,188,142734.98,44.88,34416.47,29648.6,0.861,0
CMP-01796,CBD / Office,North,Christmas,Friend Group,Chocolate,Discount,20,30789,0,0,1,Weekday,11,7822,5068,493,772,422,291902.46,44.14,80345.28,48491.77,0.604,0
CMP-01797,CBD / Office,Bangkok,Normal,Seasonal Gift,Strawberry,Bundle,10,33868,0,1,1,Weekday,11,12396,6128,548,900,431,422423.1,54.02,74730.95,153461.19,2.054,0
CMP-01798,University Area,Bangkok,Valentine,Office Celebration,Chocolate,Social Challenge,5,67519,0,0,0,Weekend,3,6645,18589,521,892,188,159311.2,53.69,73686.08,11854.56,0.161,0
CMP-01799,CBD / Office,North,Normal,Office Celebration,Chocolate,Free Add-on,20,38134,0,0,0,Weekend,6,9984,4055,632,810,233,150984.0,43.05,57859.02,7139.64,0.123,0
CMP-01800,Neighborhood,Central,Songkran,Birthday,Matcha,Limited Edition,0,19558,0,1,1,Weekday,7,7939,2427,448,831,186,194505.85,58.52,59901.52,53915.7,0.9,0
CMP-01801,Mall,Bangkok,Mother's Day,Seasonal Gift,Chocolate,Personalized Box,5,38333,1,1,1,Weekend,14,14619,7261,719,882,968,981415.51,53.03,111362.86,409063.46,3.673,1
CMP-01802,Hospital,Bangkok,Valentine,Couple Gift,Red Velvet,Free Add-on,5,15842,0,1,1,Weekday,10,2994,3414,367,1073,251,309586.79,51.02,68558.41,89403.5,1.304,1
CMP-01803,Hospital,Bangkok,Valentine,Self Reward,Red Velvet,Discount,5,24340,0,0,1,Weekday,6,3521,5337,293,1062,211,238423.25,52.78,56727.17,69111.71,1.218,1
CMP-01804,Neighborhood,North,New Year,Seasonal Gift,Strawberry,Discount,10,32782,1,0,1,Weekend,12,5977,6990,402,981,608,601219.58,54.41,104924.84,222195.51,2.118,1
CMP-01805,Neighborhood,Bangkok,Normal,Family Celebration,Vanilla,Free Add-on,5,9180,0,0,0,Weekday,9,5691,1484,424,687,78,50906.7,47.18,34681.4,-10661.54,-0.307,0
CMP-01806,Neighborhood,Central,Normal,Self Reward,Red Velvet,Personalized Box,15,39206,0,1,1,Weekday,9,6823,7467,375,1018,472,494190.14,52.12,70334.15,187228.21,2.662,1
CMP-01807,CBD / Office,Central,Christmas,Couple Gift,Red Velvet,Free Add-on,0,5000,0,1,1,Weekday,14,10691,1323,365,958,310,359345.8,57.33,60306.76,145722.4,2.416,0
CMP-01808,Transit,Bangkok,Normal,Seasonal Gift,Strawberry,Discount,25,16163,0,1,0,Weekday,11,7518,2913,278,902,225,165911.63,45.21,61807.33,13203.14,0.214,0
CMP-01809,Mall,South,Valentine,Friend Group,Vanilla,Creator Collaboration,15,34178,0,0,0,Weekday,13,11206,6714,658,831,826,583445.1,51.2,82696.16,216027.64,2.612,0
CMP-01810,University Area,Northeast,Normal,Self Reward,Matcha,Personalized Box,10,29624,0,0,0,Weekend,11,4271,5687,365,916,270,222588.0,48.28,63038.6,44416.32,0.705,0
CMP-01811,Mall,Bangkok,Valentine,Birthday,Matcha,Discount,0,22352,1,1,0,Weekend,4,14792,5459,632,872,359,341222.32,60.48,59565.09,146792.51,2.464,1
CMP-01812,University Area,Northeast,Christmas,Office Celebration,Vanilla,Social Challenge,15,55967,0,0,0,Weekend,14,6060,14695,262,663,501,282338.55,47.36,95390.42,38332.97,0.402,0
CMP-01813,Mall,North,Valentine,Family Celebration,Chocolate,Free Add-on,10,5000,0,1,0,Weekday,9,10947,1898,771,857,387,325357.48,59.28,31086.26,161792.16,5.205,0
CMP-01814,Transit,North,Normal,Friend Group,Matcha,Creator Collaboration,0,36696,0,1,0,Weekend,13,7363,9552,251,848,449,415019.68,52.72,78185.3,140621.49,1.799,1
CMP-01815,Neighborhood,North,Mother's Day,Couple Gift,Matcha,Bundle,10,15016,0,1,1,Weekday,4,4105,3530,265,795,148,128131.74,52.79,35142.66,32492.85,0.925,0
CMP-01816,CBD / Office,Bangkok,New Year,Couple Gift,Fruit Cake,Creator Collaboration,20,11108,1,0,0,Weekday,4,8630,3486,453,968,216,167270.4,49.39,59824.06,22792.97,0.381,0
CMP-01817,Mall,North,Graduation,Friend Group,Strawberry,Limited Edition,15,32935,0,1,0,Weekday,11,11673,5095,517,879,641,542907.28,51.6,74862.22,205280.13,2.742,1
CMP-01818,Mall,Northeast,Valentine,Family Celebration,Red Velvet,Discount,15,7382,0,1,0,Weekday,7,9864,1341,527,996,264,243617.62,48.45,32078.57,85949.48,2.679,0
CMP-01819,Mall,Bangkok,Graduation,Seasonal Gift,Cheesecake,Personalized Box,10,30851,0,1,1,Weekday,5,15795,6706,679,861,419,392866.55,50.31,57807.71,139840.29,2.419,1
CMP-01820,Neighborhood,Central,Mother's Day,Birthday,Matcha,Social Challenge,10,69621,1,1,1,Weekday,14,5255,18750,399,864,686,645454.66,52.63,144748.55,194936.4,1.347,1
CMP-01821,Neighborhood,Bangkok,Normal,Office Celebration,Chocolate,Discount,20,65834,1,0,1,Weekday,8,5827,13017,249,754,280,189163.52,42.11,135623.9,-55971.1,-0.413,0
CMP-01822,Transit,Bangkok,Normal,Family Celebration,Cheesecake,Personalized Box,10,11198,0,1,0,Weekday,12,8725,2103,327,781,201,153998.36,54.86,50166.85,34323.46,0.684,0
CMP-01823,University Area,Northeast,Back to School,Seasonal Gift,Red Velvet,Discount,0,59151,0,1,0,Weekend,6,7989,12106,510,912,439,436401.12,56.57,72026.31,174858.89,2.428,1
CMP-01824,CBD / Office,North,Christmas,Friend Group,Vanilla,Free Add-on,15,26230,0,1,0,Weekday,9,6746,5412,455,786,364,265075.36,58.41,48799.49,106037.67,2.173,0
CMP-01825,Transit,Bangkok,Graduation,Couple Gift,Strawberry,Free Add-on,10,51718,0,1,0,Weekday,11,8074,9919,308,830,462,376174.26,46.57,87653.19,87517.23,0.998,0
CMP-01826,Neighborhood,Bangkok,Back to School,Self Reward,Cheesecake,Social Challenge,10,57629,0,1,0,Weekday,13,6868,10111,333,929,640,583263.36,48.07,107057.46,173334.53,1.619,1
CMP-01827,Transit,Bangkok,New Year,Couple Gift,Red Velvet,Free Add-on,15,5000,1,1,0,Weekday,12,9444,1420,221,961,226,201222.83,53.27,76718.66,30479.85,0.397,0
CMP-01828,University Area,Northeast,Normal,Friend Group,Cheesecake,Bundle,10,40975,1,1,1,Weekday,7,9204,8581,381,880,367,351703.44,55.72,111853.65,84106.06,0.752,0
CMP-01829,Neighborhood,Bangkok,Christmas,Family Celebration,Strawberry,Creator Collaboration,20,53054,1,1,0,Weekend,13,7569,15543,497,909,958,759356.78,53.38,128816.21,276545.21,2.147,1
CMP-01830,CBD / Office,Bangkok,New Year,Office Celebration,Chocolate,Creator Collaboration,20,47087,1,0,0,Weekend,3,9626,13861,391,767,168,103084.8,51.51,79882.16,-26780.57,-0.335,0
CMP-01831,Hospital,Bangkok,Normal,Self Reward,Strawberry,Creator Collaboration,10,12602,0,0,0,Weekend,13,4933,4199,266,807,251,182301.3,47.75,53652.7,33404.51,0.623,0
CMP-01832,Mall,Central,Normal,Family Celebration,Vanilla,Limited Edition,20,11089,0,1,1,Weekday,8,13599,2749,543,833,334,280091.65,54.16,45171.17,106528.24,2.358,0
CMP-01833,University Area,North,Back to School,Seasonal Gift,Fruit Cake,Limited Edition,25,36479,1,1,0,Weekend,8,7245,6793,344,806,370,253546.64,50.51,103376.9,24680.19,0.239,0
CMP-01834,Hospital,Bangkok,Christmas,Birthday,Red Velvet,Free Add-on,15,33205,1,0,1,Weekend,7,4450,5413,292,940,241,215666.08,53.84,104882.73,11238.79,0.107,0
CMP-01835,Hospital,North,Back to School,Birthday,Chocolate,Limited Edition,30,18915,0,1,0,Weekend,12,2801,4783,301,760,375,226153.2,50.21,47846.82,65713.62,1.373,1
CMP-01836,Hospital,South,Christmas,Self Reward,Fruit Cake,Creator Collaboration,25,20642,0,0,0,Weekend,7,4042,3716,215,893,215,143996.25,45.74,47203.71,18654.86,0.395,0
CMP-01837,Mall,Bangkok,Normal,Birthday,Strawberry,Creator Collaboration,20,63340,1,0,0,Weekday,3,12494,12457,574,877,235,164876.0,50.16,93939.99,-11238.59,-0.12,0
CMP-01838,Hospital,North,Mother's Day,Office Celebration,Matcha,Free Add-on,0,35111,1,0,0,Weekend,12,3794,6975,334,832,485,403520.0,57.1,84113.21,146311.68,1.739,1
CMP-01839,Transit,Bangkok,Valentine,Friend Group,Fruit Cake,Creator Collaboration,25,78130,1,1,1,Weekday,7,6652,28489,392,884,394,316078.62,47.56,152741.9,-2404.26,-0.016,0
CMP-01840,University Area,North,Songkran,Couple Gift,Fruit Cake,Bundle,25,31516,0,0,0,Weekday,7,7588,5393,389,883,312,206622.0,48.29,48417.09,51359.89,1.061,0
CMP-01841,CBD / Office,South,Graduation,Self Reward,Fruit Cake,Discount,0,8269,0,1,0,Weekend,8,6216,2654,530,991,262,283009.78,55.79,36625.64,121276.72,3.311,0
CMP-01842,Mall,Bangkok,Normal,Seasonal Gift,Cheesecake,Free Add-on,15,5000,0,1,0,Weekday,6,14182,1045,535,952,173,152590.84,46.49,22577.49,48362.55,2.142,0
CMP-01843,Hospital,North,Normal,Couple Gift,Chocolate,Limited Edition,10,19604,0,0,0,Weekend,7,6303,4061,244,822,178,136951.78,52.24,36439.12,35107.44,0.963,0
CMP-01844,Mall,North,Normal,Self Reward,Fruit Cake,Social Challenge,15,50254,1,1,1,Weekday,6,10126,11365,598,990,429,436814.23,56.69,114806.44,132809.39,1.157,0
CMP-01845,CBD / Office,Bangkok,Christmas,Couple Gift,Red Velvet,Social Challenge,5,53994,0,0,1,Weekday,6,11257,9848,650,990,498,524573.28,62.9,73561.74,256371.15,3.485,1
CMP-01846,Transit,Bangkok,Mother's Day,Friend Group,Vanilla,Bundle,10,45915,1,1,0,Weekday,12,10037,9335,377,771,579,437927.23,48.64,107801.54,105193.88,0.976,0
CMP-01847,Mall,Bangkok,New Year,Birthday,Strawberry,Creator Collaboration,10,38691,0,0,0,Weekday,9,12406,6578,439,931,495,414760.5,58.26,75435.15,166195.72,2.203,1
CMP-01848,University Area,Bangkok,Graduation,Couple Gift,Matcha,Free Add-on,20,5000,0,0,1,Weekday,8,11042,2015,508,802,288,206954.5,54.42,41542.52,71087.81,1.711,0
CMP-01849,Transit,Bangkok,Christmas,Birthday,Cheesecake,Free Add-on,25,19916,0,0,0,Weekday,7,9001,3792,273,927,248,172422.0,42.75,41390.93,32324.62,0.781,0
CMP-01850,Transit,Bangkok,Christmas,Office Celebration,Chocolate,Limited Edition,15,24781,0,0,0,Weekday,8,9145,3784,237,871,266,204810.42,47.48,50083.89,47169.56,0.942,0
CMP-01851,Mall,Bangkok,Normal,Self Reward,Vanilla,Free Add-on,10,13850,0,1,0,Weekday,6,14760,2485,538,775,237,180185.18,47.94,26324.95,60048.55,2.281,0
CMP-01852,Transit,Bangkok,Valentine,Friend Group,Cheesecake,Free Add-on,25,33792,0,1,0,Weekday,6,8110,6145,306,840,262,179915.4,47.68,55381.69,30401.87,0.549,0
CMP-01853,Hospital,Bangkok,Normal,Office Celebration,Matcha,Creator Collaboration,30,74237,0,1,1,Weekday,4,6968,10577,359,837,179,126900.08,49.79,88699.86,-25514.58,-0.288,0
CMP-01854,University Area,Northeast,Christmas,Self Reward,Cheesecake,Personalized Box,20,27162,0,0,1,Weekend,3,5018,4458,559,965,226,195408.64,46.06,52629.21,37367.42,0.71,0
CMP-01855,Mall,Northeast,Normal,Friend Group,Cheesecake,Discount,10,26220,0,0,1,Weekend,13,10132,4149,504,975,454,446191.2,46.09,62187.1,143476.46,2.307,0
CMP-01856,Neighborhood,Bangkok,Normal,Birthday,Matcha,Bundle,10,5000,0,0,1,Weekday,13,7085,995,443,850,143,122522.4,53.63,69352.39,-3646.57,-0.053,0
CMP-01857,Neighborhood,Northeast,New Year,Self Reward,Red Velvet,Bundle,15,22984,1,1,1,Weekday,7,8651,6939,272,942,236,228647.89,52.07,78148.62,40906.6,0.523,0
CMP-01858,University Area,North,Normal,Self Reward,Red Velvet,Personalized Box,15,38728,1,0,1,Weekend,12,5485,10919,511,970,627,578996.88,49.66,91620.67,195937.18,2.139,1
CMP-01859,Mall,Bangkok,Christmas,Seasonal Gift,Chocolate,Discount,25,40936,0,0,1,Weekday,4,14292,4890,777,787,355,234683.4,48.24,56147.2,57052.7,1.016,0
CMP-01860,Mall,Bangkok,New Year,Couple Gift,Matcha,Free Add-on,0,48601,1,0,0,Weekday,3,13296,10366,514,955,226,215830.0,49.29,87945.3,18437.05,0.21,0
CMP-01861,Neighborhood,Bangkok,Normal,Office Celebration,Strawberry,Discount,20,37964,0,1,0,Weekday,5,7584,5168,240,842,165,121146.96,54.35,57988.76,7856.96,0.135,0
CMP-01862,Mall,Central,Back to School,Birthday,Fruit Cake,Creator Collaboration,20,72514,1,0,0,Weekday,14,13689,23332,741,921,1281,943840.8,49.46,157005.69,309809.24,1.973,1
CMP-01863,Transit,Northeast,Graduation,Birthday,Chocolate,Discount,25,32157,0,0,0,Weekday,13,5579,5080,338,883,427,282780.75,35.78,57058.36,44132.1,0.773,0
CMP-01864,Transit,Central,Graduation,Seasonal Gift,Chocolate,Limited Edition,5,25138,1,0,0,Weekend,6,7517,6196,335,750,272,201552.0,47.66,78143.26,17917.99,0.229,0
CMP-01865,Neighborhood,Bangkok,Valentine,Birthday,Red Velvet,Social Challenge,10,33131,0,1,0,Weekend,7,5337,7789,487,895,393,345052.04,45.34,54885.3,101564.88,1.85,1
CMP-01866,CBD / Office,Northeast,Normal,Couple Gift,Vanilla,Bundle,25,20462,0,1,1,Weekend,11,5457,4005,419,794,302,217607.61,46.13,60005.66,40370.2,0.673,0
CMP-01867,CBD / Office,Bangkok,Normal,Birthday,Red Velvet,Personalized Box,25,31241,0,0,0,Weekday,8,10748,3612,363,1025,298,229087.5,42.08,62259.42,34148.99,0.548,0
CMP-01868,Transit,Northeast,Valentine,Couple Gift,Vanilla,Creator Collaboration,0,47678,0,0,0,Weekday,7,6843,11280,404,802,350,280700.0,54.65,60906.96,92508.92,1.519,1
CMP-01869,Neighborhood,Bangkok,Mother's Day,Self Reward,Fruit Cake,Personalized Box,5,38149,1,1,1,Weekday,3,5008,6870,292,949,116,126541.56,53.97,95268.31,-26979.22,-0.283,0
CMP-01870,Mall,Northeast,Christmas,Couple Gift,Vanilla,Discount,20,5000,0,0,1,Weekend,4,11920,2138,598,743,223,148457.34,46.18,20775.26,47787.9,2.3,0
CMP-01871,Neighborhood,Bangkok,Normal,Self Reward,Vanilla,Bundle,10,32030,1,0,0,Weekday,3,5770,7863,390,800,165,118800.0,51.86,64264.08,-2659.81,-0.041,0
CMP-01872,CBD / Office,Central,Normal,Family Celebration,Matcha,Discount,5,27791,0,0,0,Weekday,11,8365,3489,579,873,257,213142.95,55.23,49392.64,68315.76,1.383,0
CMP-01873,Neighborhood,Bangkok,New Year,Friend Group,Fruit Cake,Personalized Box,0,37465,0,1,0,Weekday,5,7838,7429,422,902,289,284139.02,52.71,49492.56,100285.04,2.026,1
CMP-01874,Neighborhood,Bangkok,New Year,Couple Gift,Matcha,Personalized Box,10,14839,0,1,1,Weekday,5,6428,2880,411,930,284,287626.68,46.46,38138.15,95493.24,2.504,1
CMP-01875,Neighborhood,South,New Year,Office Celebration,Fruit Cake,Limited Edition,30,59030,0,1,0,Weekday,10,5401,8181,332,923,450,329588.53,45.92,84893.41,66445.74,0.783,0
CMP-01876,Mall,Bangkok,Mother's Day,Seasonal Gift,Fruit Cake,Creator Collaboration,5,89293,0,1,1,Weekday,5,12193,18407,428,893,298,305898.04,58.41,113485.79,65194.63,0.574,0
CMP-01877,University Area,Bangkok,Songkran,Friend Group,Cheesecake,Personalized Box,15,20937,0,0,0,Weekend,13,9418,4167,365,890,352,266288.0,43.79,63578.15,53023.02,0.834,0
CMP-01878,Hospital,Bangkok,Normal,Self Reward,Vanilla,Creator Collaboration,10,48142,1,0,0,Weekday,5,7482,15668,165,755,97,65911.5,58.28,104491.86,-66076.68,-0.632,0
CMP-01879,Mall,Central,Normal,Family Celebration,Chocolate,Social Challenge,5,74219,1,1,0,Weekday,11,9505,19353,436,826,644,550828.01,53.11,151152.0,141419.72,0.936,0
CMP-01880,CBD / Office,North,Normal,Family Celebration,Fruit Cake,Creator Collaboration,0,27169,0,0,0,Weekday,7,9489,4926,420,1004,243,243972.0,48.01,52718.8,64403.76,1.222,0
CMP-01881,CBD / Office,North,Normal,Office Celebration,Matcha,Creator Collaboration,15,50801,1,0,0,Weekday,12,8455,14756,388,951,588,475309.8,55.13,126727.48,135289.25,1.068,0
CMP-01882,Hospital,Bangkok,Songkran,Birthday,Matcha,Social Challenge,25,53018,1,1,0,Weekend,6,3937,13366,241,842,176,121146.96,45.04,98675.49,-44105.61,-0.447,0
CMP-01883,CBD / Office,Central,Christmas,Birthday,Vanilla,Limited Edition,25,26625,0,0,0,Weekday,13,7036,4381,425,802,435,272118.6,36.92,62440.19,38030.14,0.609,0
CMP-01884,Mall,Bangkok,Normal,Couple Gift,Strawberry,Discount,5,43805,1,1,0,Weekend,9,13184,7217,446,840,476,414034.32,63.83,104397.7,159879.39,1.531,1
CMP-01885,Neighborhood,North,Valentine,Couple Gift,Red Velvet,Bundle,5,31064,0,0,0,Weekday,6,8050,6421,341,931,293,259143.85,49.41,46546.86,81504.07,1.751,1
CMP-01886,Neighborhood,Bangkok,Songkran,Friend Group,Chocolate,Creator Collaboration,5,10981,0,1,0,Weekday,7,7105,3468,486,720,202,150603.12,52.48,23587.27,55443.62,2.351,0
CMP-01887,Neighborhood,North,Normal,Office Celebration,Strawberry,Discount,10,47167,1,1,0,Weekday,14,4078,7800,422,947,393,365099.75,58.05,113052.74,98879.07,0.875,0
CMP-01888,Mall,Bangkok,Normal,Birthday,Fruit Cake,Limited Edition,0,38297,0,1,0,Weekday,12,13035,5054,546,783,454,402974.4,65.23,60874.36,201981.68,3.318,0
CMP-01889,University Area,South,Normal,Birthday,Fruit Cake,Discount,0,19655,0,1,0,Weekday,4,7273,3951,512,951,128,132683.52,56.97,31319.47,44264.4,1.413,0
CMP-01890,CBD / Office,Central,Normal,Seasonal Gift,Vanilla,Discount,5,25425,0,1,0,Weekend,4,11721,4115,470,715,239,176951.42,58.22,39416.93,63605.75,1.614,1
CMP-01891,Mall,Bangkok,Songkran,Office Celebration,Strawberry,Bundle,20,38481,0,1,1,Weekend,9,12157,6167,469,776,479,359809.47,60.37,71272.77,145942.61,2.048,1
CMP-01892,Neighborhood,Bangkok,Mother's Day,Birthday,Fruit Cake,Bundle,30,11647,0,0,0,Weekend,6,8100,1675,424,959,197,132246.1,41.95,22494.46,32984.16,1.466,0
CMP-01893,University Area,Northeast,Songkran,Friend Group,Strawberry,Free Add-on,5,38666,0,0,0,Weekday,14,4973,6831,490,738,364,255200.4,58.92,77293.15,73083.44,0.946,0
CMP-01894,Neighborhood,Bangkok,Mother's Day,Friend Group,Chocolate,Discount,0,25290,0,1,0,Weekend,12,6128,4694,412,726,421,333154.14,54.01,63558.2,116364.75,1.831,1
CMP-01895,University Area,Bangkok,Songkran,Family Celebration,Matcha,Bundle,10,38541,0,1,1,Weekday,6,7855,4064,321,826,242,217682.39,55.62,63302.52,57764.21,0.913,0
CMP-01896,Mall,Bangkok,Mother's Day,Friend Group,Red Velvet,Free Add-on,20,14382,0,0,1,Weekday,11,16174,2464,489,1055,575,543536.0,51.17,51339.68,226771.24,4.417,1
CMP-01897,CBD / Office,South,Valentine,Office Celebration,Vanilla,Bundle,0,30060,1,1,1,Weekday,9,7469,6646,565,866,554,580514.44,61.0,106270.24,247859.69,2.332,1
CMP-01898,Transit,Bangkok,Normal,Birthday,Matcha,Discount,5,20575,1,0,0,Weekend,9,9227,4275,358,850,206,166345.0,50.87,87204.0,-2580.99,-0.03,0
CMP-01899,Neighborhood,Bangkok,Back to School,Self Reward,Vanilla,Social Challenge,0,30492,0,0,1,Weekend,7,5415,7483,419,727,343,279284.32,52.71,60599.11,86622.77,1.429,1
CMP-01900,University Area,South,Songkran,Self Reward,Vanilla,Social Challenge,30,34350,0,0,1,Weekend,13,8004,7483,578,773,629,381194.13,44.99,82899.14,88611.56,1.069,0
CMP-01901,Mall,Central,Valentine,Couple Gift,Red Velvet,Bundle,0,30211,0,0,1,Weekday,3,11363,4627,475,1004,208,233891.84,65.17,54549.42,97873.44,1.794,1
CMP-01902,University Area,Northeast,Normal,Birthday,Strawberry,Personalized Box,10,26528,1,1,1,Weekday,11,8347,6175,307,938,469,479075.06,47.43,88404.88,138834.47,1.57,1
CMP-01903,Neighborhood,Bangkok,Normal,Family Celebration,Matcha,Discount,5,40078,1,0,1,Weekday,4,5919,7297,414,930,199,196914.48,53.42,82235.87,22962.48,0.279,0
CMP-01904,Mall,Bangkok,Valentine,Seasonal Gift,Vanilla,Bundle,30,36298,0,0,1,Weekday,9,11632,4049,763,811,522,331900.13,49.05,74025.95,88773.75,1.199,0
CMP-01905,Neighborhood,Bangkok,Normal,Couple Gift,Red Velvet,Limited Edition,10,30427,0,0,1,Weekday,7,5211,4896,247,913,199,190466.12,52.11,59342.74,39910.31,0.673,0
CMP-01906,Mall,North,Christmas,Friend Group,Fruit Cake,Creator Collaboration,25,46796,1,0,0,Weekday,12,13180,17172,713,819,1149,705773.25,57.92,113741.71,295049.89,2.594,1
CMP-01907,Mall,South,New Year,Family Celebration,Red Velvet,Limited Edition,5,20663,0,0,1,Weekday,3,9627,2695,523,963,165,175826.85,56.36,37295.25,61805.7,1.657,1
CMP-01908,Neighborhood,Bangkok,Songkran,Couple Gift,Fruit Cake,Limited Edition,10,14088,0,1,0,Weekday,13,4160,2533,432,892,191,173820.33,53.53,56330.42,36720.63,0.652,0
CMP-01909,CBD / Office,South,Christmas,Birthday,Vanilla,Creator Collaboration,0,29538,0,0,0,Weekday,11,9931,6494,607,722,476,343672.0,56.33,55811.76,137768.17,2.468,0
CMP-01910,CBD / Office,South,Normal,Friend Group,Matcha,Discount,5,13100,0,0,0,Weekday,14,8917,2238,375,906,229,197100.3,53.96,38546.72,67809.12,1.759,0
CMP-01911,Hospital,Bangkok,Christmas,Family Celebration,Fruit Cake,Limited Edition,10,10407,0,0,1,Weekday,13,4466,2115,327,949,205,203945.41,59.92,61485.22,60715.38,0.987,0
CMP-01912,Neighborhood,Central,Normal,Birthday,Cheesecake,Discount,15,42833,1,1,1,Weekday,5,5672,6550,485,1019,329,344805.65,50.68,97243.78,77518.63,0.797,0
CMP-01913,CBD / Office,Northeast,New Year,Family Celebration,Strawberry,Social Challenge,15,66455,1,0,0,Weekday,14,6001,19872,580,972,1031,851812.2,51.97,141910.67,300777.96,2.119,1
CMP-01914,Transit,South,Songkran,Birthday,Cheesecake,Discount,15,5000,0,0,0,Weekday,3,4796,1082,371,879,67,50059.05,51.53,13378.08,12417.71,0.928,0
CMP-01915,University Area,Bangkok,New Year,Friend Group,Vanilla,Creator Collaboration,15,28382,0,0,0,Weekday,11,10138,6400,379,899,592,452376.8,53.2,53386.41,187260.26,3.508,1
CMP-01916,CBD / Office,North,Graduation,Birthday,Matcha,Limited Edition,5,5000,1,1,1,Weekday,4,7722,1930,608,853,165,168257.83,58.97,58132.24,41082.35,0.707,0
CMP-01917,Mall,South,Christmas,Seasonal Gift,Red Velvet,Personalized Box,25,10750,0,1,1,Weekday,5,12124,3106,689,1038,393,370200.1,50.77,34448.7,153500.48,4.456,1
CMP-01918,Neighborhood,Central,Valentine,Family Celebration,Chocolate,Free Add-on,5,39428,0,1,0,Weekend,5,5331,5798,245,879,166,151093.95,55.0,54224.47,28870.99,0.532,0
CMP-01919,CBD / Office,Northeast,New Year,Seasonal Gift,Fruit Cake,Bundle,5,24190,0,1,1,Weekend,10,9035,3496,464,865,409,406675.86,60.23,66197.9,178732.39,2.7,1
CMP-01920,Transit,North,Graduation,Couple Gift,Red Velvet,Bundle,0,5000,0,1,0,Weekday,5,5558,1244,287,1048,101,115374.32,52.7,16600.12,44201.79,2.663,1
CMP-01921,Mall,North,Normal,Birthday,Red Velvet,Limited Edition,15,31125,0,0,1,Weekend,7,10200,6094,471,1048,394,408815.91,55.98,69781.01,159080.82,2.28,1
CMP-01922,University Area,Northeast,New Year,Birthday,Cheesecake,Creator Collaboration,30,57524,1,0,0,Weekday,9,7260,16989,576,945,742,490833.0,47.27,112997.65,119022.13,1.053,0
CMP-01923,Transit,North,Mother's Day,Self Reward,Cheesecake,Free Add-on,15,33425,1,0,0,Weekend,11,6054,7344,250,1017,343,296506.35,45.43,110794.2,23906.92,0.216,0
CMP-01924,Hospital,Bangkok,Normal,Self Reward,Vanilla,Creator Collaboration,15,42314,0,0,1,Weekend,3,6630,10079,259,684,93,60558.62,48.0,62803.57,-33736.74,-0.537,0
CMP-01925,Neighborhood,Central,Back to School,Family Celebration,Cheesecake,Free Add-on,30,42241,0,0,1,Weekday,6,5556,7202,506,907,352,250302.98,52.04,77418.89,52836.27,0.682,0
CMP-01926,CBD / Office,Northeast,Songkran,Birthday,Fruit Cake,Limited Edition,15,13377,0,0,0,Weekday,10,5945,2182,412,990,192,168030.72,46.94,38153.26,40717.08,1.067,0
CMP-01927,Mall,Bangkok,Normal,Seasonal Gift,Strawberry,Limited Edition,10,20092,0,1,1,Weekend,6,12697,4086,648,902,369,376959.01,55.94,46936.7,163919.64,3.492,1
CMP-01928,Transit,South,Back to School,Seasonal Gift,Red Velvet,Discount,25,12776,0,0,0,Weekend,9,8474,3195,339,923,252,174447.0,41.54,50019.98,22438.71,0.449,0
CMP-01929,CBD / Office,Central,Normal,Couple Gift,Cheesecake,Free Add-on,10,66083,1,1,0,Weekend,13,11814,11913,483,1019,723,722739.0,54.16,154923.8,236530.91,1.527,1
CMP-01930,University Area,South,Christmas,Friend Group,Cheesecake,Limited Edition,30,50883,1,1,1,Weekday,13,6451,10788,496,1093,836,804902.34,43.02,137035.05,209239.46,1.527,1
CMP-01931,Mall,North,Mother's Day,Family Celebration,Strawberry,Social Challenge,0,31704,1,0,0,Weekday,7,10765,7247,431,905,361,326705.0,45.24,88933.51,58865.82,0.662,0
CMP-01932,CBD / Office,Northeast,New Year,Couple Gift,Matcha,Personalized Box,20,26073,0,1,0,Weekday,3,10129,4367,629,841,232,170137.66,46.22,35378.25,43257.43,1.223,1
CMP-01933,University Area,Northeast,Graduation,Self Reward,Cheesecake,Creator Collaboration,5,46693,0,0,0,Weekend,10,5782,11757,288,933,404,358085.4,47.26,84252.35,84992.81,1.009,0
CMP-01934,Transit,North,Songkran,Couple Gift,Red Velvet,Personalized Box,25,5000,0,1,1,Weekend,3,6259,900,256,1005,87,79347.26,55.78,21403.87,22856.67,1.068,0
CMP-01935,Neighborhood,North,Graduation,Office Celebration,Vanilla,Creator Collaboration,20,18861,0,1,0,Weekday,8,7343,6144,429,753,457,300073.51,47.41,44953.93,97303.04,2.165,1
CMP-01936,Mall,Northeast,New Year,Family Celebration,Red Velvet,Social Challenge,20,50878,1,0,0,Weekend,14,10918,10936,609,893,1071,765122.4,38.0,134238.88,156528.73,1.166,0
CMP-01937,University Area,Bangkok,Back to School,Self Reward,Vanilla,Personalized Box,10,47501,1,1,1,Weekend,12,8870,9161,306,731,446,355042.31,52.86,115564.77,72098.91,0.624,0
CMP-01938,Neighborhood,South,Mother's Day,Self Reward,Vanilla,Creator Collaboration,15,77493,1,0,1,Weekend,8,5283,21917,307,860,293,239884.96,48.85,145508.59,-28335.53,-0.195,0
CMP-01939,University Area,Bangkok,Christmas,Birthday,Strawberry,Free Add-on,0,20742,0,0,0,Weekday,6,8205,5221,478,771,257,198147.0,50.69,33497.95,66941.44,1.998,1
CMP-01940,Mall,Bangkok,Songkran,Self Reward,Fruit Cake,Personalized Box,0,42750,0,1,1,Weekend,6,11335,8853,453,864,361,377403.84,66.0,74436.37,174650.16,2.346,1
CMP-01941,Mall,Bangkok,Mother's Day,Self Reward,Fruit Cake,Social Challenge,25,32340,0,0,0,Weekend,13,13762,9383,439,859,837,539237.25,45.54,72089.47,173454.36,2.406,1
CMP-01942,Transit,Central,New Year,Office Celebration,Cheesecake,Limited Edition,30,38461,0,0,0,Weekday,13,8179,5671,213,886,381,245748.05,50.52,69362.81,54796.95,0.79,0
CMP-01943,Transit,Central,Christmas,Family Celebration,Cheesecake,Free Add-on,0,24395,0,0,0,Weekend,6,6464,4400,397,945,207,195615.0,49.24,40686.09,55626.85,1.367,1
CMP-01944,Transit,Bangkok,Songkran,Birthday,Chocolate,Creator Collaboration,20,66579,1,0,0,Weekday,13,9045,17890,190,839,324,217468.8,56.51,136741.26,-13851.0,-0.101,0
CMP-01945,Neighborhood,Northeast,Normal,Birthday,Chocolate,Social Challenge,15,50963,0,0,0,Weekday,5,3926,9267,458,738,304,190699.2,44.95,67252.86,18464.48,0.275,0
CMP-01946,Hospital,Bangkok,Christmas,Office Celebration,Cheesecake,Free Add-on,0,17271,0,0,0,Weekday,13,4647,2673,337,909,205,186345.0,52.44,42632.41,55080.26,1.292,0
CMP-01947,Mall,Bangkok,Songkran,Friend Group,Red Velvet,Free Add-on,25,9237,0,1,0,Weekday,6,12369,2780,739,1111,292,265206.81,49.67,30924.67,100795.51,3.259,0
CMP-01948,CBD / Office,Central,New Year,Self Reward,Red Velvet,Social Challenge,15,102908,1,0,1,Weekday,6,9123,34895,370,961,322,294588.78,52.51,153588.89,1098.18,0.007,0
CMP-01949,CBD / Office,Bangkok,Songkran,Couple Gift,Red Velvet,Free Add-on,0,23594,0,1,1,Weekday,10,9100,4707,444,1079,391,510485.69,61.76,72485.16,242777.07,3.349,1
CMP-01950,University Area,North,Mother's Day,Family Celebration,Matcha,Discount,20,51512,0,1,0,Weekend,9,5356,8353,261,945,317,261220.68,49.94,68048.62,62417.69,0.917,0
CMP-01951,Transit,Bangkok,Normal,Self Reward,Strawberry,Personalized Box,20,25652,0,1,0,Weekend,10,11002,5005,375,906,357,282041.42,47.56,67368.37,66779.12,0.991,0
CMP-01952,CBD / Office,Bangkok,New Year,Self Reward,Chocolate,Creator Collaboration,5,60549,1,1,0,Weekday,4,9776,13550,513,863,300,268090.95,61.93,109567.25,56466.98,0.515,0
CMP-01953,Transit,Bangkok,New Year,Friend Group,Red Velvet,Personalized Box,0,5000,0,1,1,Weekday,13,8770,1847,283,840,309,314067.6,60.06,63356.15,125273.6,1.977,1
CMP-01954,Neighborhood,Bangkok,Mother's Day,Birthday,Fruit Cake,Free Add-on,5,16318,0,1,1,Weekday,13,7197,2721,416,985,357,404215.93,52.91,74558.35,139297.05,1.868,1
CMP-01955,Neighborhood,North,Back to School,Office Celebration,Matcha,Free Add-on,30,25473,0,0,0,Weekend,5,6409,5788,378,892,241,150480.4,48.09,41599.11,30766.48,0.74,0
CMP-01956,University Area,Bangkok,Normal,Couple Gift,Chocolate,Personalized Box,20,24424,0,1,0,Weekend,11,8907,5793,564,989,539,464837.91,43.71,44446.99,158746.38,3.572,0
CMP-01957,CBD / Office,Bangkok,Mother's Day,Seasonal Gift,Red Velvet,Personalized Box,20,5000,0,1,1,Weekday,7,9793,1394,430,891,268,231146.78,54.95,35257.31,91763.97,2.603,0
CMP-01958,Neighborhood,Bangkok,Normal,Couple Gift,Cheesecake,Discount,25,5000,0,0,0,Weekday,14,4212,1258,250,1026,123,94648.5,51.43,34151.55,14527.75,0.425,0
CMP-01959,Neighborhood,Bangkok,Normal,Office Celebration,Red Velvet,Discount,20,17823,0,0,1,Weekend,11,5235,3225,483,933,219,183076.99,44.18,71973.77,8918.44,0.124,0
CMP-01960,Mall,Bangkok,Mother's Day,Friend Group,Strawberry,Creator Collaboration,15,71328,1,1,0,Weekday,5,13505,16624,589,936,435,377233.74,53.61,106367.18,95857.59,0.901,0
CMP-01961,Mall,South,Songkran,Family Celebration,Vanilla,Personalized Box,15,33540,1,1,1,Weekday,12,7512,5780,526,811,598,498799.87,51.23,109107.74,146433.81,1.342,1
CMP-01962,University Area,Bangkok,Valentine,Seasonal Gift,Fruit Cake,Bundle,15,34285,0,0,1,Weekend,9,9238,7239,325,871,399,330847.61,51.36,71391.9,98528.19,1.38,1
CMP-01963,CBD / Office,Central,Back to School,Birthday,Chocolate,Limited Edition,15,29523,0,1,0,Weekend,13,11489,3886,423,859,520,430402.98,57.89,56141.63,193004.63,3.438,1
CMP-01964,Transit,Central,Mother's Day,Couple Gift,Chocolate,Discount,20,5000,0,0,0,Weekday,7,6367,1788,398,760,170,103360.0,50.0,28414.15,23268.6,0.819,0
CMP-01965,University Area,Bangkok,New Year,Couple Gift,Vanilla,Personalized Box,20,39731,0,0,1,Weekend,8,7935,7776,565,844,590,446172.16,41.99,80189.32,107151.01,1.336,1
CMP-01966,Neighborhood,Central,Mother's Day,Office Celebration,Vanilla,Personalized Box,30,23704,1,0,1,Weekday,9,6191,3409,324,735,375,216090.0,48.6,83184.59,21845.09,0.263,0
CMP-01967,University Area,Bangkok,Normal,Friend Group,Fruit Cake,Creator Collaboration,20,66679,1,1,0,Weekday,8,8928,21449,460,1014,456,403198.85,48.95,125268.64,72082.53,0.575,0
CMP-01968,Mall,Bangkok,Back to School,Couple Gift,Fruit Cake,Social Challenge,20,6433,0,0,0,Weekend,3,13024,3075,696,980,231,181104.0,43.22,12407.73,65865.87,5.308,0
CMP-01969,CBD / Office,Bangkok,Mother's Day,Friend Group,Cheesecake,Discount,30,43620,0,0,0,Weekend,7,10891,7091,537,1021,467,333764.9,45.47,66298.66,85467.32,1.289,0
CMP-01970,Neighborhood,North,Graduation,Seasonal Gift,Fruit Cake,Discount,10,46142,0,1,0,Weekday,4,5532,7149,394,791,213,165281.82,51.3,55083.97,29698.92,0.539,0
CMP-01971,CBD / Office,North,Mother's Day,Couple Gift,Cheesecake,Creator Collaboration,20,33673,0,1,0,Weekday,14,9554,5285,393,944,786,647010.05,49.22,92046.2,226389.97,2.46,1
CMP-01972,Neighborhood,South,New Year,Birthday,Matcha,Discount,10,39142,0,1,0,Weekend,4,4702,6601,352,872,180,153977.76,57.91,54644.88,34524.04,0.632,0
CMP-01973,Neighborhood,Central,Mother's Day,Family Celebration,Cheesecake,Social Challenge,20,74410,1,0,0,Weekend,5,4712,18739,445,972,278,216172.8,48.85,128241.81,-22649.52,-0.177,0
CMP-01974,CBD / Office,South,Valentine,Birthday,Chocolate,Limited Edition,15,33684,0,1,1,Weekend,11,8115,5625,549,928,573,568774.65,59.41,88001.08,249899.73,2.84,1
CMP-01975,CBD / Office,North,Normal,Family Celebration,Cheesecake,Bundle,25,68827,1,0,0,Weekday,6,8112,13387,602,1090,477,389947.5,47.53,116973.35,68383.41,0.585,0
CMP-01976,Mall,Northeast,Normal,Birthday,Fruit Cake,Bundle,20,27727,0,1,1,Weekday,9,9192,5000,623,953,416,383761.66,51.51,70738.79,126940.06,1.794,0
CMP-01977,Mall,Central,Back to School,Self Reward,Cheesecake,Social Challenge,15,65497,1,1,1,Weekend,6,11534,20779,677,938,484,466930.77,46.08,124108.12,91045.71,0.734,0
CMP-01978,Transit,Central,Mother's Day,Birthday,Strawberry,Discount,15,5000,0,0,0,Weekday,13,6541,1994,417,939,233,185968.95,43.27,56514.69,23952.39,0.424,0
CMP-01979,University Area,Central,Back to School,Friend Group,Vanilla,Social Challenge,15,21760,0,0,0,Weekend,3,7614,6274,346,894,130,98787.0,50.55,33086.78,16854.61,0.509,0
CMP-01980,Mall,Central,Graduation,Seasonal Gift,Chocolate,Discount,0,28590,0,0,0,Weekend,3,12599,5196,691,759,266,201894.0,51.74,34160.74,70293.97,2.058,1
CMP-01981,Hospital,Northeast,New Year,Office Celebration,Red Velvet,Discount,25,30060,1,0,1,Weekend,13,3411,7089,373,929,594,463533.84,48.66,106648.22,118920.05,1.115,0
CMP-01982,Neighborhood,Bangkok,Normal,Office Celebration,Strawberry,Social Challenge,25,19750,0,1,0,Weekday,7,7165,4627,405,930,252,191589.3,48.44,42607.17,50190.06,1.178,0
CMP-01983,Neighborhood,Bangkok,New Year,Couple Gift,Matcha,Limited Edition,25,12913,0,0,0,Weekday,7,5821,3317,481,892,267,185767.92,44.23,42118.0,40049.17,0.951,0
CMP-01984,University Area,Bangkok,Normal,Office Celebration,Fruit Cake,Bundle,10,21164,0,1,0,Weekday,13,9145,3371,312,848,275,228769.2,58.02,73741.9,58979.59,0.8,0
CMP-01985,CBD / Office,Central,Normal,Seasonal Gift,Matcha,Personalized Box,15,42884,0,1,1,Weekend,6,8796,6644,384,750,308,237583.5,50.74,73558.64,46989.33,0.639,0
CMP-01986,Mall,Bangkok,Normal,Family Celebration,Cheesecake,Free Add-on,20,35984,1,1,1,Weekend,5,13127,7559,502,883,356,304288.86,50.63,102085.86,51989.76,0.509,0
CMP-01987,Mall,North,Normal,Couple Gift,Chocolate,Limited Edition,0,43580,1,0,1,Weekday,10,9895,8711,505,819,512,488433.25,57.64,123018.07,158495.98,1.288,1
CMP-01988,Mall,Bangkok,New Year,Birthday,Matcha,Bundle,0,19419,0,1,1,Weekend,4,11973,3426,665,825,347,346392.75,57.38,40356.74,158418.44,3.925,1
CMP-01989,Hospital,Central,Back to School,Birthday,Cheesecake,Discount,10,11602,0,1,0,Weekend,14,3243,3863,270,971,255,242900.51,50.13,69324.01,52430.67,0.756,0
CMP-01990,CBD / Office,Central,New Year,Friend Group,Vanilla,Personalized Box,10,5000,0,1,1,Weekday,11,10558,1277,594,899,300,293703.3,59.41,41432.84,133065.76,3.212,0
CMP-01991,Neighborhood,Bangkok,Songkran,Self Reward,Cheesecake,Social Challenge,10,87727,1,0,0,Weekday,10,4166,19348,318,915,390,321165.0,59.2,138039.5,52083.04,0.377,0
CMP-01992,Mall,Central,Songkran,Birthday,Strawberry,Discount,10,9701,0,0,1,Weekend,3,11563,3408,630,898,180,162933.12,50.48,31608.96,50639.3,1.602,1
CMP-01993,Mall,Central,Songkran,Self Reward,Strawberry,Creator Collaboration,15,50774,1,0,1,Weekday,11,9676,11916,469,979,638,594621.1,51.19,132305.8,172106.29,1.301,1
CMP-01994,Mall,Bangkok,Back to School,Office Celebration,Vanilla,Personalized Box,20,5000,0,0,1,Weekend,11,17211,1824,582,716,472,302804.99,38.24,60233.96,55565.97,0.923,0
CMP-01995,Hospital,South,Normal,Self Reward,Cheesecake,Creator Collaboration,25,47635,0,0,0,Weekday,3,2961,11338,198,935,70,49087.5,47.52,54428.08,-31101.53,-0.571,0
CMP-01996,Neighborhood,Central,Christmas,Couple Gift,Chocolate,Personalized Box,25,10664,0,1,1,Weekday,8,6176,2090,245,867,251,197487.43,50.87,38458.92,62007.58,1.612,1
CMP-01997,Neighborhood,Bangkok,Graduation,Seasonal Gift,Matcha,Bundle,10,54503,1,0,1,Weekend,9,6484,8265,461,727,482,353217.31,46.07,130769.3,31942.53,0.244,0
CMP-01998,Neighborhood,North,Normal,Friend Group,Vanilla,Personalized Box,20,27561,0,1,1,Weekday,4,4385,4495,458,792,235,180164.16,50.67,55640.38,35648.54,0.641,0
CMP-01999,Mall,Northeast,Valentine,Self Reward,Strawberry,Creator Collaboration,10,28336,0,0,0,Weekend,14,10503,5576,765,916,746,615002.4,47.25,80295.56,210280.46,2.619,0
CMP-02000,Neighborhood,South,New Year,Family Celebration,Cheesecake,Bundle,5,37530,1,0,0,Weekday,4,5153,6092,390,877,210,174961.5,55.19,89144.33,7418.09,0.083,0
CMP-02001,Mall,Bangkok,Normal,Couple Gift,Red Velvet,Bundle,10,19993,0,0,1,Weekday,7,12576,3117,641,978,285,280959.84,50.93,56794.35,86292.13,1.519,0
CMP-02002,Mall,Bangkok,Mother's Day,Seasonal Gift,Red Velvet,Creator Collaboration,5,40789,1,0,0,Weekday,11,12551,7948,485,880,658,550088.0,47.86,98843.95,164411.2,1.663,1
CMP-02003,Mall,Bangkok,Songkran,Couple Gift,Cheesecake,Social Challenge,30,61253,1,0,1,Weekday,6,13926,16703,575,1004,455,358146.88,45.23,110776.5,51213.22,0.462,0
CMP-02004,University Area,Bangkok,Valentine,Friend Group,Red Velvet,Creator Collaboration,20,58259,1,1,0,Weekend,11,10720,19209,534,828,719,519129.5,44.46,111472.48,119336.08,1.071,0
CMP-02005,Transit,Bangkok,Christmas,Self Reward,Strawberry,Bundle,25,41169,1,0,0,Weekend,9,8087,9386,365,966,454,328923.0,44.44,93531.74,52651.98,0.563,0
CMP-02006,CBD / Office,Central,Songkran,Couple Gift,Chocolate,Bundle,20,5000,0,1,1,Weekday,9,7365,1258,420,896,170,147445.76,50.05,42106.58,31696.37,0.753,0
CMP-02007,Mall,North,Graduation,Office Celebration,Strawberry,Social Challenge,10,51928,1,1,0,Weekday,13,10342,18669,454,805,795,627815.47,56.08,133735.59,218325.86,1.633,1
CMP-02008,CBD / Office,North,Songkran,Office Celebration,Fruit Cake,Creator Collaboration,15,79229,0,1,0,Weekday,12,9419,17774,399,959,666,591749.99,51.54,127795.93,177215.46,1.387,1
CMP-02009,Mall,North,New Year,Office Celebration,Fruit Cake,Discount,20,41004,0,0,0,Weekday,11,8361,6039,733,917,499,366066.4,47.95,65421.64,110122.21,1.683,0
CMP-02010,Mall,Northeast,Valentine,Seasonal Gift,Fruit Cake,Free Add-on,25,13144,0,1,1,Weekday,3,9986,2877,652,848,264,203163.84,47.64,32260.77,64530.63,2.0,1
CMP-02011,Transit,Central,Graduation,Self Reward,Chocolate,Personalized Box,20,33407,0,1,1,Weekday,6,7952,5412,352,809,253,198127.34,51.17,61292.24,40083.83,0.654,0
CMP-02012,CBD / Office,Bangkok,Graduation,Couple Gift,Matcha,Discount,20,8740,0,0,0,Weekday,11,11853,2166,451,983,357,280744.8,38.51,50030.27,58091.0,1.161,0
CMP-02013,Hospital,Bangkok,Christmas,Couple Gift,Matcha,Limited Edition,10,26461,1,1,0,Weekday,4,4635,4541,345,956,201,196045.24,60.3,75377.92,42829.33,0.568,0
CMP-02014,Mall,Bangkok,Normal,Seasonal Gift,Strawberry,Discount,20,52865,0,0,1,Weekend,5,14243,9377,739,986,433,382536.45,55.16,78669.52,132325.09,1.682,1
CMP-02015,University Area,Bangkok,Back to School,Couple Gift,Chocolate,Free Add-on,15,60809,1,0,1,Weekday,8,8911,15918,366,867,428,353264.35,52.69,140097.91,46021.66,0.328,0
CMP-02016,Neighborhood,Bangkok,Normal,Office Celebration,Vanilla,Bundle,15,15001,0,0,1,Weekday,10,5799,2405,359,819,151,117732.89,55.06,59019.63,5807.73,0.098,0
CMP-02017,Hospital,Bangkok,Christmas,Family Celebration,Strawberry,Discount,20,37743,0,0,0,Weekend,6,5592,5394,342,857,250,171400.0,52.75,50144.03,40276.34,0.803,0
CMP-02018,Mall,Bangkok,Mother's Day,Office Celebration,Red Velvet,Creator Collaboration,20,13253,0,0,0,Weekday,9,14502,2796,719,940,410,308320.0,51.94,43263.46,116892.84,2.702,0
CMP-02019,Mall,North,Normal,Office Celebration,Vanilla,Bundle,10,40611,0,0,1,Weekday,9,10885,6093,490,769,380,294557.76,49.86,76937.98,69939.15,0.909,0
CMP-02020,Neighborhood,Central,Valentine,Friend Group,Strawberry,Social Challenge,10,58176,0,0,1,Weekend,7,5288,15678,338,1026,313,323707.1,50.99,92763.76,72309.92,0.78,0
CMP-02021,Neighborhood,Bangkok,Valentine,Office Celebration,Chocolate,Personalized Box,5,38455,1,1,1,Weekend,9,6144,8217,240,681,316,247367.8,60.36,110489.8,38826.96,0.351,0
CMP-02022,Neighborhood,Bangkok,Normal,Couple Gift,Red Velvet,Discount,0,33470,0,1,1,Weekday,5,5990,5179,375,966,198,231434.28,61.93,54275.77,89062.47,1.641,1
CMP-02023,Mall,Bangkok,Graduation,Seasonal Gift,Red Velvet,Social Challenge,20,5000,0,1,0,Weekend,13,12236,2547,726,912,556,442166.78,54.82,52109.26,190289.64,3.652,0
CMP-02024,University Area,Central,Normal,Friend Group,Red Velvet,Discount,5,17427,0,0,0,Weekend,12,5945,4335,475,1100,268,280060.0,51.75,52900.75,92042.43,1.74,0
CMP-02025,University Area,Bangkok,Valentine,Friend Group,Cheesecake,Creator Collaboration,15,55863,1,1,0,Weekday,7,9017,18844,526,919,534,454676.17,58.55,105488.81,160702.76,1.523,1
CMP-02026,Mall,Central,Songkran,Couple Gift,Strawberry,Free Add-on,5,5000,0,0,0,Weekday,5,13949,922,435,927,180,158517.0,56.0,16905.99,71861.29,4.251,0
CMP-02027,Mall,Bangkok,Normal,Friend Group,Red Velvet,Free Add-on,10,39244,0,0,0,Weekend,12,12628,5579,643,984,422,373723.2,51.63,85314.13,107636.31,1.262,0
CMP-02028,Neighborhood,South,Songkran,Friend Group,Chocolate,Creator Collaboration,25,43587,1,0,0,Weekday,4,3504,15602,320,748,166,93126.0,47.88,87317.76,-42725.46,-0.489,0
CMP-02029,Hospital,Northeast,Normal,Seasonal Gift,Vanilla,Social Challenge,5,78410,1,0,0,Weekday,10,3559,23858,166,812,195,150423.0,57.82,129091.34,-42122.75,-0.326,0
CMP-02030,Hospital,Central,Normal,Self Reward,Strawberry,Bundle,30,23217,0,1,1,Weekend,12,4956,4072,285,872,322,237824.05,50.07,79459.88,39608.4,0.498,0
CMP-02031,Transit,Bangkok,Mother's Day,Friend Group,Cheesecake,Social Challenge,15,92355,1,1,0,Weekday,3,10612,27847,248,970,104,93465.32,52.36,127124.5,-78190.73,-0.615,0
CMP-02032,Hospital,North,Christmas,Office Celebration,Strawberry,Personalized Box,0,17676,0,1,1,Weekday,4,3335,2544,317,863,155,161855.65,63.22,39181.92,63150.05,1.612,1
CMP-02033,Mall,Bangkok,Graduation,Friend Group,Strawberry,Creator Collaboration,15,53661,1,0,0,Weekday,10,13715,20381,463,917,646,503524.7,55.86,123719.03,157561.05,1.274,1
CMP-02034,Mall,Central,Mother's Day,Self Reward,Fruit Cake,Discount,30,6267,0,0,0,Weekday,10,11796,1581,705,991,394,273317.8,34.2,38524.3,54947.24,1.426,0
CMP-02035,Neighborhood,Bangkok,Normal,Birthday,Red Velvet,Limited Edition,25,28443,0,0,0,Weekend,3,7106,5365,480,1041,176,142908.48,44.97,35949.26,28312.58,0.788,0
CMP-02036,Hospital,Central,Christmas,Office Celebration,Cheesecake,Creator Collaboration,20,71240,1,0,0,Weekend,14,1403,16643,336,1097,600,526560.0,57.26,162369.29,139141.76,0.857,0
CMP-02037,Mall,Bangkok,Mother's Day,Birthday,Chocolate,Limited Edition,10,42498,0,0,0,Weekday,10,13085,4334,583,724,536,363227.9,47.26,83038.1,88630.05,1.067,0
CMP-02038,CBD / Office,Bangkok,Valentine,Office Celebration,Matcha,Personalized Box,10,5000,0,1,1,Weekend,4,9100,1759,630,914,220,218976.12,52.54,27100.99,87954.14,3.245,1
CMP-02039,Mall,Bangkok,Christmas,Office Celebration,Fruit Cake,Free Add-on,20,28830,1,0,0,Weekday,13,13805,5108,467,804,620,398784.0,49.69,101651.12,96507.73,0.949,0
CMP-02040,Hospital,Central,Graduation,Office Celebration,Matcha,Discount,25,37094,1,1,1,Weekend,4,3593,9072,254,852,142,109792.98,50.2,102415.46,-47294.0,-0.462,0
CMP-02041,CBD / Office,North,Valentine,Office Celebration,Chocolate,Social Challenge,0,48517,1,0,0,Weekday,9,4749,12224,673,747,584,436248.0,54.75,109579.65,129276.35,1.18,0
CMP-02042,CBD / Office,Northeast,Mother's Day,Self Reward,Strawberry,Limited Edition,0,55023,1,0,0,Weekday,9,6675,12049,668,842,669,585829.92,56.76,112967.49,219571.74,1.944,1
CMP-02043,University Area,Bangkok,Normal,Couple Gift,Fruit Cake,Limited Edition,15,58910,0,1,0,Weekend,11,7249,10483,261,977,348,327606.55,53.3,90755.43,83848.35,0.924,0
CMP-02044,Neighborhood,Bangkok,Normal,Birthday,Red Velvet,Social Challenge,0,58387,0,1,1,Weekday,11,7486,11582,349,964,482,562224.08,53.58,105806.66,195432.95,1.847,1
CMP-02045,Neighborhood,Central,Graduation,Birthday,Matcha,Limited Edition,5,36619,0,1,0,Weekday,13,5224,8362,353,907,584,570431.6,53.22,77222.04,226358.53,2.931,1
CMP-02046,Neighborhood,Bangkok,Normal,Birthday,Fruit Cake,Limited Edition,20,27995,0,0,0,Weekend,12,7693,4299,463,935,279,217039.68,50.93,58090.32,52448.9,0.903,0
CMP-02047,Mall,Bangkok,Normal,Friend Group,Matcha,Discount,20,23716,0,1,0,Weekend,7,14159,3257,635,876,306,233744.83,48.32,36742.98,76199.31,2.074,0
CMP-02048,Mall,North,Songkran,Birthday,Red Velvet,Discount,20,41577,1,1,0,Weekday,4,11424,5927,639,1071,306,285777.07,49.75,98462.97,43703.27,0.444,0
CMP-02049,University Area,Bangkok,Normal,Birthday,Strawberry,Creator Collaboration,25,51932,0,0,0,Weekday,4,7882,14498,401,875,235,154218.75,53.5,68594.19,13916.99,0.203,0
CMP-02050,CBD / Office,Bangkok,Valentine,Seasonal Gift,Cheesecake,Personalized Box,20,50543,1,0,1,Weekday,13,9983,11590,372,978,634,555566.59,43.89,123363.21,120460.39,0.976,0
CMP-02051,Mall,Bangkok,Mother's Day,Self Reward,Red Velvet,Personalized Box,15,38036,0,1,0,Weekend,7,13756,5972,579,1004,580,539519.48,59.83,53378.93,269429.42,5.047,1
CMP-02052,Neighborhood,Bangkok,Normal,Couple Gift,Chocolate,Social Challenge,25,52823,1,1,0,Weekend,6,6742,14297,364,786,300,192766.5,36.71,93184.12,-22420.36,-0.241,0
CMP-02053,CBD / Office,South,Christmas,Family Celebration,Red Velvet,Creator Collaboration,5,80592,1,0,0,Weekday,13,7835,23432,509,1013,909,874776.15,54.06,148808.66,324096.36,2.178,1
CMP-02054,University Area,Central,New Year,Friend Group,Chocolate,Social Challenge,15,59215,1,1,0,Weekday,6,6480,22031,481,850,361,284296.53,55.0,99295.2,57074.27,0.575,0
CMP-02055,University Area,Central,Songkran,Friend Group,Fruit Cake,Discount,30,33447,0,1,1,Weekday,11,6300,6964,532,954,479,387050.2,56.03,93707.69,123166.68,1.314,0
CMP-02056,Mall,Bangkok,Songkran,Seasonal Gift,Vanilla,Bundle,25,28727,0,0,1,Weekend,9,13054,3392,651,738,425,263466.0,49.09,54031.85,75315.46,1.394,0
CMP-02057,Mall,South,Normal,Self Reward,Vanilla,Limited Edition,15,62554,0,0,1,Weekend,12,10687,11007,553,683,800,540979.71,37.5,95062.03,107805.62,1.134,0
CMP-02058,University Area,North,Back to School,Office Celebration,Cheesecake,Social Challenge,10,28806,0,1,0,Weekday,12,5018,7238,454,873,521,446191.17,55.58,74321.0,173659.24,2.337,1
CMP-02059,Neighborhood,North,Normal,Couple Gift,Chocolate,Free Add-on,10,5000,0,1,0,Weekday,6,1935,2113,299,876,74,63592.34,46.54,25103.33,4489.86,0.179,0
CMP-02060,Neighborhood,South,Mother's Day,Family Celebration,Cheesecake,Social Challenge,20,62544,1,0,0,Weekday,14,6127,16535,295,899,580,417136.0,47.9,152154.24,47657.17,0.313,0
CMP-02061,Mall,Northeast,Normal,Family Celebration,Matcha,Creator Collaboration,15,35123,0,0,1,Weekend,14,10439,6880,430,895,696,593019.84,54.12,104451.63,216480.47,2.073,1
CMP-02062,Neighborhood,Bangkok,Normal,Couple Gift,Red Velvet,Limited Edition,10,5000,0,0,0,Weekday,10,9925,1842,281,929,191,166082.9,48.0,24417.46,55295.26,2.265,0
CMP-02063,Neighborhood,Bangkok,Mother's Day,Couple Gift,Matcha,Personalized Box,20,12724,0,0,0,Weekday,14,6849,3483,342,973,381,296570.4,47.95,41366.56,100852.42,2.438,0
CMP-02064,Mall,Bangkok,Back to School,Office Celebration,Chocolate,Discount,15,36212,0,0,0,Weekday,6,13698,7428,682,837,414,294540.3,42.53,47266.06,77989.55,1.65,0
CMP-02065,Neighborhood,Central,Graduation,Seasonal Gift,Fruit Cake,Personalized Box,20,5000,0,1,1,Weekend,4,4166,1722,385,869,156,131225.95,55.63,30780.59,42214.58,1.371,1
CMP-02066,CBD / Office,Central,Mother's Day,Seasonal Gift,Vanilla,Personalized Box,20,5000,1,1,1,Weekday,12,9486,2025,417,691,474,317052.91,47.03,77627.13,71488.77,0.921,0
CMP-02067,Neighborhood,Central,New Year,Office Celebration,Vanilla,Discount,15,18138,0,0,0,Weekday,4,3020,4171,487,689,120,70278.0,49.43,29557.23,5183.38,0.175,0
CMP-02068,Transit,Bangkok,Mother's Day,Birthday,Strawberry,Discount,20,18059,0,0,0,Weekday,9,9657,4252,302,929,360,267552.0,48.35,53741.69,75612.01,1.407,1
CMP-02069,University Area,Central,Graduation,Self Reward,Matcha,Social Challenge,10,68139,1,1,0,Weekend,12,7655,25752,406,831,723,589397.55,57.05,139931.58,196291.74,1.403,1
CMP-02070,University Area,Northeast,Normal,Seasonal Gift,Chocolate,Bundle,5,12714,0,0,1,Weekend,4,8950,2970,394,873,149,138401.93,54.53,40031.09,35434.13,0.885,0
CMP-02071,Hospital,Bangkok,Songkran,Office Celebration,Fruit Cake,Social Challenge,5,59235,0,1,0,Weekday,7,5675,12775,353,842,327,285108.36,54.18,86998.83,67472.14,0.776,0
CMP-02072,Neighborhood,Bangkok,Graduation,Friend Group,Vanilla,Social Challenge,10,71649,1,0,0,Weekday,8,5184,23677,421,729,482,316240.2,45.96,122179.06,23154.11,0.19,0
CMP-02073,Mall,Central,Normal,Couple Gift,Vanilla,Bundle,10,6656,0,1,1,Weekend,6,11086,1417,559,831,200,180991.8,53.92,26419.46,71168.68,2.694,0
CMP-02074,Mall,Bangkok,Normal,Seasonal Gift,Cheesecake,Limited Edition,15,16442,0,1,0,Weekday,7,16424,3354,463,888,419,358513.7,51.34,43776.71,140298.17,3.205,1
CMP-02075,Transit,Bangkok,Valentine,Family Celebration,Strawberry,Creator Collaboration,20,56395,1,1,1,Weekday,11,9381,11807,394,875,616,521752.0,51.83,125348.29,145082.96,1.157,0
CMP-02076,Transit,Bangkok,New Year,Birthday,Matcha,Personalized Box,10,9826,0,0,0,Weekday,7,7447,900,248,863,153,118835.1,43.48,36674.0,14994.59,0.409,0
CMP-02077,Transit,North,Valentine,Couple Gift,Fruit Cake,Discount,10,31460,1,1,0,Weekday,12,6989,4868,215,878,368,316965.02,51.59,98461.02,65057.85,0.661,0
CMP-02078,Hospital,South,Graduation,Office Celebration,Red Velvet,Discount,0,11551,0,0,0,Weekend,11,4098,2249,194,974,160,155840.0,55.38,38607.7,47700.58,1.236,1
CMP-02079,Transit,South,Normal,Self Reward,Matcha,Creator Collaboration,0,62666,1,0,0,Weekday,11,7314,18391,365,820,554,454280.0,56.15,120476.53,134611.69,1.117,0
CMP-02080,Neighborhood,Central,Normal,Birthday,Red Velvet,Social Challenge,5,31855,0,1,0,Weekday,10,4943,5090,514,1084,242,271640.64,50.11,62978.57,73153.0,1.162,0
CMP-02081,Mall,Bangkok,Normal,Family Celebration,Chocolate,Limited Edition,10,14087,1,0,0,Weekday,6,11847,3645,473,760,215,152942.4,48.64,62094.82,12298.92,0.198,0
CMP-02082,Transit,Central,Songkran,Friend Group,Cheesecake,Social Challenge,20,32081,0,0,0,Weekend,11,6329,6669,395,901,405,291924.0,56.62,72435.04,92866.71,1.282,1
CMP-02083,Neighborhood,Central,Normal,Seasonal Gift,Chocolate,Creator Collaboration,20,66170,0,1,0,Weekday,7,5938,10491,409,876,419,320062.37,47.31,86433.76,64981.39,0.752,0
CMP-02084,Hospital,Bangkok,Valentine,Office Celebration,Vanilla,Social Challenge,10,60986,1,0,0,Weekend,13,6574,17346,164,832,310,232128.0,50.19,134857.02,-18352.73,-0.136,0
CMP-02085,Mall,Central,Normal,Family Celebration,Matcha,Bundle,20,52294,1,1,1,Weekday,13,12498,9084,746,874,736,622679.55,55.71,142742.3,204160.82,1.43,0
CMP-02086,Mall,Northeast,Normal,Self Reward,Vanilla,Discount,10,27464,0,0,0,Weekday,11,9852,5120,643,893,318,255576.6,51.32,59612.24,71553.13,1.2,0
CMP-02087,Hospital,South,Mother's Day,Seasonal Gift,Fruit Cake,Social Challenge,20,35722,0,0,0,Weekday,4,3048,7562,203,992,98,77772.8,44.71,45785.09,-11012.22,-0.241,0
CMP-02088,Mall,Bangkok,Valentine,Birthday,Fruit Cake,Personalized Box,10,40257,0,1,0,Weekday,6,14575,8034,638,918,497,447577.33,47.62,53006.84,160133.01,3.021,1
CMP-02089,University Area,Northeast,Back to School,Birthday,Cheesecake,Social Challenge,15,19087,1,1,0,Weekday,10,5027,6538,502,839,474,368456.08,49.24,88974.17,92455.32,1.039,0
CMP-02090,Hospital,North,Normal,Birthday,Strawberry,Bundle,0,30059,0,1,1,Weekday,5,6184,6706,332,901,231,251838.51,46.87,57105.17,60934.55,1.067,0
CMP-02091,CBD / Office,North,Back to School,Friend Group,Fruit Cake,Bundle,10,18022,1,0,0,Weekend,10,9192,4901,616,972,419,366541.2,46.77,95648.64,75782.9,0.792,0
CMP-02092,Mall,Bangkok,Normal,Self Reward,Chocolate,Creator Collaboration,25,58017,0,0,1,Weekday,7,13783,11235,531,915,534,410432.4,50.83,100740.24,107864.53,1.071,0
CMP-02093,CBD / Office,Northeast,Normal,Self Reward,Cheesecake,Personalized Box,5,46379,0,0,0,Weekday,13,12769,7642,481,908,529,456315.4,54.03,76416.56,170136.19,2.226,0
CMP-02094,University Area,Bangkok,New Year,Self Reward,Red Velvet,Bundle,30,23645,1,0,1,Weekend,12,6554,4904,379,906,457,324608.93,45.16,115262.95,31338.46,0.272,0
CMP-02095,Neighborhood,Central,Normal,Friend Group,Fruit Cake,Personalized Box,15,22497,0,1,1,Weekday,6,5699,4043,446,866,210,187043.01,55.31,56568.52,46879.66,0.829,0
CMP-02096,Mall,Northeast,Christmas,Birthday,Strawberry,Personalized Box,20,28614,1,0,0,Weekday,4,8473,4631,672,923,310,228904.0,49.5,64133.77,49167.67,0.767,0
CMP-02097,Neighborhood,South,Graduation,Seasonal Gift,Vanilla,Free Add-on,20,57613,0,0,0,Weekday,5,5970,10725,492,922,311,229393.6,45.32,67752.12,36214.89,0.535,0
CMP-02098,Mall,North,Normal,Birthday,Cheesecake,Free Add-on,0,31411,0,0,0,Weekend,5,7401,4418,589,998,159,158682.0,57.45,49615.2,41554.25,0.838,0
CMP-02099,Hospital,Northeast,Back to School,Family Celebration,Red Velvet,Bundle,20,51465,0,0,0,Weekday,4,1639,9084,281,993,152,120748.8,45.88,65273.04,-9877.89,-0.151,0
CMP-02100,Mall,Bangkok,Normal,Birthday,Matcha,Discount,0,29626,0,0,1,Weekend,14,12536,3207,532,785,351,308599.2,61.67,82463.69,107843.81,1.308,0
CMP-02101,University Area,Northeast,Valentine,Friend Group,Chocolate,Social Challenge,20,82647,1,0,0,Weekend,12,5636,21419,344,872,586,408793.6,48.96,160406.33,39750.1,0.248,0
CMP-02102,Mall,Bangkok,Valentine,Friend Group,Vanilla,Personalized Box,15,22727,0,1,1,Weekend,9,13123,4603,756,748,797,613146.45,55.54,53241.51,287325.25,5.397,1
CMP-02103,Mall,North,Mother's Day,Couple Gift,Fruit Cake,Creator Collaboration,15,39943,0,1,0,Weekend,7,10215,9036,492,846,481,377016.94,50.3,62436.0,127209.4,2.037,1
CMP-02104,CBD / Office,Central,Normal,Self Reward,Vanilla,Bundle,20,13634,0,1,0,Weekday,12,9377,3454,400,796,327,226974.62,48.66,41760.97,68686.99,1.645,0
CMP-02105,Hospital,Central,Normal,Family Celebration,Vanilla,Social Challenge,25,89787,1,0,1,Weekday,12,5973,19317,332,830,580,404376.0,50.37,175427.92,28263.23,0.161,0
CMP-02106,Mall,Northeast,Graduation,Couple Gift,Vanilla,Free Add-on,5,5000,0,0,0,Weekend,3,9468,2160,505,799,171,129797.55,62.19,11168.25,69555.35,6.228,1
CMP-02107,Mall,Bangkok,Normal,Friend Group,Red Velvet,Discount,10,42848,1,0,0,Weekday,7,15320,7470,570,903,423,343772.1,50.21,77417.05,95202.42,1.23,1
CMP-02108,Hospital,Central,Songkran,Self Reward,Vanilla,Personalized Box,5,10783,0,1,1,Weekend,14,1200,2179,365,756,175,152078.85,60.18,51183.32,40337.98,0.788,0
CMP-02109,Transit,Bangkok,Christmas,Family Celebration,Strawberry,Discount,10,24835,0,0,0,Weekend,4,7310,3810,331,881,144,114177.6,48.99,34130.74,21809.1,0.639,0
CMP-02110,Hospital,North,Normal,Birthday,Chocolate,Bundle,10,93593,1,0,1,Weekday,10,3725,12666,300,893,411,369959.18,55.04,156760.96,46856.87,0.299,0
CMP-02111,Transit,Central,Christmas,Family Celebration,Cheesecake,Creator Collaboration,15,48222,1,1,1,Weekday,14,8085,15028,212,925,426,405280.42,61.99,138114.97,113133.95,0.819,0
CMP-02112,University Area,Bangkok,Normal,Couple Gift,Strawberry,Limited Edition,10,5000,0,1,1,Weekday,10,8197,1240,560,843,175,167080.91,55.84,51416.01,41887.84,0.815,0
CMP-02113,Mall,Bangkok,Mother's Day,Self Reward,Red Velvet,Discount,15,14030,0,0,0,Weekend,12,15851,3425,465,1033,663,582147.15,45.01,59678.09,202359.49,3.391,1
CMP-02114,CBD / Office,Bangkok,Valentine,Seasonal Gift,Cheesecake,Discount,15,32288,0,1,0,Weekend,12,10669,5781,406,988,654,598659.83,59.39,74871.59,280669.84,3.749,1
CMP-02115,Mall,Central,Christmas,Birthday,Chocolate,Personalized Box,15,18597,0,1,1,Weekday,4,8350,3451,612,833,293,251024.97,54.76,33608.88,103845.65,3.09,1
CMP-02116,Neighborhood,Bangkok,New Year,Family Celebration,Vanilla,Free Add-on,30,53759,1,1,1,Weekday,8,5776,10428,458,671,539,306333.64,43.85,120468.06,13855.28,0.115,0
CMP-02117,Mall,North,Normal,Family Celebration,Strawberry,Limited Edition,10,46362,1,1,0,Weekday,11,13407,7006,455,921,516,484854.78,43.06,115590.82,93205.29,0.806,0
CMP-02118,Transit,Bangkok,New Year,Seasonal Gift,Cheesecake,Social Challenge,15,50946,0,0,0,Weekday,5,7608,11480,253,1022,168,145941.6,53.59,62058.76,16156.93,0.26,0
CMP-02119,CBD / Office,Bangkok,New Year,Friend Group,Matcha,Free Add-on,15,32814,0,0,0,Weekend,5,10964,4519,391,910,235,181772.5,47.07,44902.87,40651.55,0.905,0
CMP-02120,Neighborhood,Bangkok,Mother's Day,Family Celebration,Chocolate,Social Challenge,15,59385,1,0,0,Weekday,5,7385,13427,398,818,279,193988.7,45.95,110477.55,-21346.15,-0.193,0
CMP-02121,Hospital,Central,Songkran,Birthday,Vanilla,Creator Collaboration,30,55511,0,0,0,Weekend,10,5564,8797,338,829,492,285507.6,45.86,82260.9,48684.57,0.592,0
CMP-02122,Transit,South,New Year,Self Reward,Chocolate,Free Add-on,15,62934,1,0,0,Weekday,11,7819,14470,216,822,349,243846.3,48.56,124371.66,-5968.81,-0.048,0
CMP-02123,Mall,North,Normal,Friend Group,Cheesecake,Social Challenge,15,57992,1,1,0,Weekday,7,11921,12626,476,962,447,398407.97,54.25,117710.88,98441.37,0.836,0
CMP-02124,Mall,Central,Normal,Friend Group,Chocolate,Discount,20,36125,1,0,1,Weekday,9,11875,5367,430,835,377,282056.32,42.25,125763.37,-6606.81,-0.053,0
CMP-02125,Transit,Bangkok,New Year,Couple Gift,Matcha,Free Add-on,20,22858,0,0,0,Weekend,5,8609,3658,226,959,154,118148.8,41.78,40590.82,8771.39,0.216,0
CMP-02126,Mall,Bangkok,New Year,Friend Group,Chocolate,Free Add-on,20,38195,0,0,1,Weekday,12,12775,5809,558,895,625,501200.0,51.37,66718.79,190735.51,2.859,0
CMP-02127,Neighborhood,Bangkok,Back to School,Birthday,Vanilla,Discount,20,9609,0,1,1,Weekday,4,5917,2432,266,900,138,120225.6,55.87,37189.91,29984.07,0.806,0
CMP-02128,CBD / Office,Central,Christmas,Seasonal Gift,Cheesecake,Discount,5,20130,0,1,0,Weekend,12,9123,3583,459,898,385,358003.41,60.77,48208.86,169353.24,3.513,0
CMP-02129,Mall,North,Songkran,Friend Group,Red Velvet,Personalized Box,20,37032,0,1,0,Weekend,10,8915,7154,568,1063,616,570992.58,48.25,56734.74,218763.43,3.856,1
CMP-02130,Neighborhood,Bangkok,Normal,Office Celebration,Cheesecake,Limited Edition,5,40206,0,0,0,Weekday,14,5665,7106,392,897,367,325248.61,55.33,95324.44,84630.03,0.888,0
CMP-02131,Transit,Bangkok,Mother's Day,Self Reward,Cheesecake,Discount,20,32094,1,0,0,Weekday,13,8175,8453,390,1023,672,549964.8,40.12,108863.16,111804.88,1.027,0
CMP-02132,Mall,Central,Valentine,Seasonal Gift,Cheesecake,Creator Collaboration,0,39817,0,0,1,Weekday,11,12788,7610,705,950,739,786296.0,58.24,72480.96,385456.83,5.318,1
CMP-02133,CBD / Office,Bangkok,Normal,Birthday,Vanilla,Bundle,15,54381,0,0,0,Weekend,10,9890,9406,675,725,593,365436.25,48.89,91819.62,86855.41,0.946,0
CMP-02134,University Area,Bangkok,Mother's Day,Seasonal Gift,Vanilla,Bundle,15,26377,0,0,1,Weekend,10,6283,4461,435,881,495,415162.44,45.38,73735.17,114662.27,1.555,1
CMP-02135,Mall,Bangkok,Graduation,Office Celebration,Cheesecake,Discount,20,51123,0,1,1,Weekday,3,14104,10006,621,951,275,253156.2,51.04,73627.77,55592.61,0.755,0
CMP-02136,CBD / Office,Bangkok,Normal,Friend Group,Chocolate,Discount,15,24853,0,1,0,Weekday,6,12440,2727,445,896,276,229119.74,51.94,38361.01,80636.89,2.102,1
CMP-02137,Mall,Bangkok,Valentine,Self Reward,Matcha,Bundle,10,13554,0,1,0,Weekday,5,14821,4064,636,876,415,356632.74,54.74,29690.19,165542.28,5.576,1
CMP-02138,Neighborhood,Central,Normal,Couple Gift,Fruit Cake,Free Add-on,0,20720,0,1,0,Weekday,3,5996,3639,345,840,88,80572.8,61.84,26728.2,23102.02,0.864,0
CMP-02139,Hospital,Bangkok,Normal,Family Celebration,Strawberry,Bundle,15,5441,0,0,1,Weekday,12,7299,1688,271,991,169,159440.01,50.28,43563.85,36600.81,0.84,0
CMP-02140,Hospital,Bangkok,Mother's Day,Seasonal Gift,Strawberry,Social Challenge,0,16656,0,1,1,Weekday,6,5039,4124,220,938,162,183866.76,57.39,47799.85,57721.47,1.208,1
CMP-02141,Hospital,Northeast,Christmas,Self Reward,Strawberry,Free Add-on,30,5000,0,0,0,Weekday,10,2616,1075,198,760,102,54264.0,50.83,44680.89,-17096.72,-0.383,0
CMP-02142,Neighborhood,South,New Year,Family Celebration,Fruit Cake,Limited Edition,5,73875,1,0,0,Weekend,12,5947,9185,331,909,532,477784.94,44.43,134174.11,78097.66,0.582,0
CMP-02143,Mall,North,New Year,Birthday,Chocolate,Free Add-on,0,33206,1,1,0,Weekday,7,10324,7285,647,747,605,492609.15,61.51,99509.72,203491.34,2.045,1
CMP-02144,Mall,South,New Year,Self Reward,Vanilla,Personalized Box,25,5000,0,1,0,Weekday,14,10348,1851,715,617,492,248163.57,47.98,51109.33,67958.36,1.33,0
CMP-02145,Mall,Bangkok,Normal,Friend Group,Matcha,Bundle,0,37701,0,0,1,Weekend,4,15549,6424,501,936,242,253693.44,60.26,53115.17,99764.16,1.878,1
CMP-02146,Neighborhood,Bangkok,New Year,Friend Group,Red Velvet,Limited Edition,15,30947,0,1,0,Weekday,6,4701,4145,275,970,216,201885.09,49.0,42292.09,56624.75,1.339,1
CMP-02147,Neighborhood,Bangkok,Back to School,Friend Group,Matcha,Personalized Box,20,5000,0,0,1,Weekday,7,5854,1809,407,968,150,130099.2,47.63,37124.57,24841.98,0.669,0
CMP-02148,CBD / Office,Bangkok,Graduation,Seasonal Gift,Strawberry,Free Add-on,20,61250,1,0,0,Weekday,3,11272,16109,373,957,149,114074.4,51.36,99740.89,-41156.49,-0.413,0
CMP-02149,CBD / Office,Bangkok,Songkran,Self Reward,Chocolate,Free Add-on,25,25223,0,0,0,Weekday,11,10363,5040,588,816,372,227664.0,39.2,54301.74,34934.68,0.643,0
CMP-02150,Hospital,Central,Graduation,Friend Group,Fruit Cake,Social Challenge,20,37988,0,0,0,Weekend,12,4555,6283,264,1026,439,360331.2,42.83,68714.2,85622.66,1.246,1
CMP-02151,University Area,Northeast,Valentine,Office Celebration,Vanilla,Bundle,5,36229,0,1,0,Weekend,4,7590,5912,348,787,197,160542.88,64.08,52117.06,50751.04,0.974,0
CMP-02152,Mall,South,Normal,Couple Gift,Strawberry,Personalized Box,10,19128,0,1,1,Weekday,9,12370,2309,674,903,281,276326.13,51.2,49039.59,92425.87,1.885,0
CMP-02153,Transit,Central,New Year,Office Celebration,Chocolate,Limited Edition,10,37275,1,1,0,Weekday,4,7212,7310,310,819,151,126172.06,47.08,70900.32,-11504.45,-0.162,0
CMP-02154,University Area,Bangkok,Valentine,Friend Group,Fruit Cake,Social Challenge,5,24186,1,0,1,Weekend,5,7776,8430,343,870,245,226791.6,51.32,72344.69,44035.81,0.609,0
CMP-02155,Mall,Northeast,Graduation,Office Celebration,Strawberry,Discount,0,19006,0,1,0,Weekday,8,8618,3602,759,780,333,283116.6,55.14,40246.17,115863.7,2.879,0
CMP-02156,Mall,Bangkok,Mother's Day,Office Celebration,Chocolate,Creator Collaboration,20,55671,1,0,0,Weekend,8,13129,11965,622,853,611,416946.4,43.83,116097.29,66649.05,0.574,0
CMP-02157,CBD / Office,Central,Normal,Family Celebration,Matcha,Personalized Box,15,20023,0,1,0,Weekday,10,8726,3132,489,882,287,234528.65,56.34,42679.29,89445.84,2.096,0
CMP-02158,Transit,Bangkok,New Year,Friend Group,Chocolate,Social Challenge,20,16591,0,1,0,Weekday,5,8712,4894,180,816,112,79693.82,54.29,31207.52,12055.24,0.386,0
CMP-02159,CBD / Office,Northeast,Back to School,Birthday,Red Velvet,Personalized Box,10,49809,1,1,1,Weekend,5,7987,9192,432,968,278,293054.26,46.02,107941.87,26930.49,0.249,0
CMP-02160,Mall,North,New Year,Seasonal Gift,Cheesecake,Bundle,0,23731,0,0,0,Weekend,8,11587,2942,682,898,345,309810.0,55.03,45664.9,124809.19,2.733,0
CMP-02161,Transit,South,New Year,Self Reward,Cheesecake,Creator Collaboration,15,49057,1,0,0,Weekday,12,7626,12631,240,953,403,326450.15,46.06,107091.9,43257.45,0.404,0
CMP-02162,Mall,South,Normal,Office Celebration,Strawberry,Personalized Box,5,15684,0,1,1,Weekday,7,12807,3204,596,852,272,266389.73,66.0,44021.39,131795.83,2.994,0
CMP-02163,Mall,Bangkok,Graduation,Birthday,Strawberry,Discount,5,23691,1,0,1,Weekday,6,14976,5300,639,950,457,461935.6,57.9,81168.86,186298.42,2.295,1
CMP-02164,Neighborhood,Bangkok,Christmas,Couple Gift,Matcha,Personalized Box,20,12851,0,1,1,Weekday,14,7276,3572,329,1092,408,431278.85,60.61,72465.55,188915.2,2.607,1
CMP-02165,Transit,Bangkok,Normal,Family Celebration,Fruit Cake,Social Challenge,0,43935,0,0,1,Weekend,6,8453,7423,373,1030,271,312625.6,57.17,71330.6,107383.38,1.505,1
CMP-02166,CBD / Office,South,Christmas,Self Reward,Vanilla,Creator Collaboration,20,61633,1,0,0,Weekend,8,6878,22503,521,715,521,298012.0,42.29,120094.22,5932.33,0.049,0
CMP-02167,Neighborhood,Bangkok,Back to School,Friend Group,Cheesecake,Discount,0,50727,1,0,1,Weekend,3,8516,8306,436,813,182,165721.92,56.41,115336.22,-21847.16,-0.189,0
CMP-02168,University Area,South,Christmas,Seasonal Gift,Fruit Cake,Discount,25,31015,0,0,0,Weekday,10,4531,6708,384,900,451,304425.0,45.01,55359.63,81652.09,1.475,1
CMP-02169,CBD / Office,Northeast,Valentine,Self Reward,Fruit Cake,Social Challenge,5,33293,0,0,0,Weekend,11,10141,9842,637,821,657,512427.15,51.54,56071.75,208021.4,3.71,1
CMP-02170,Neighborhood,North,Graduation,Family Celebration,Matcha,Social Challenge,10,49577,1,0,0,Weekend,5,3010,12035,330,860,223,172602.0,48.32,81774.16,1633.78,0.02,0
CMP-02171,Neighborhood,Bangkok,Mother's Day,Birthday,Strawberry,Discount,10,12001,0,0,0,Weekend,13,5684,1670,461,766,239,164766.6,56.46,40448.15,52580.99,1.3,0
CMP-02172,Mall,Northeast,Normal,Family Celebration,Red Velvet,Social Challenge,20,24092,1,0,1,Weekend,5,7714,7983,542,1090,284,277365.76,48.7,87726.86,47347.83,0.54,0
CMP-02173,Neighborhood,Bangkok,New Year,Self Reward,Cheesecake,Bundle,15,13326,0,0,0,Weekday,10,5412,3197,462,911,249,192813.15,54.95,52126.31,53820.38,1.032,0
CMP-02174,Hospital,Bangkok,Back to School,Birthday,Vanilla,Free Add-on,15,24781,1,1,0,Weekday,10,5631,5828,367,772,306,218868.95,47.27,85213.61,18238.46,0.214,0
CMP-02175,Neighborhood,Bangkok,Mother's Day,Seasonal Gift,Fruit Cake,Social Challenge,10,31799,0,0,1,Weekday,8,5520,6270,471,846,385,328315.68,58.74,73386.21,119452.95,1.628,1
CMP-02176,CBD / Office,Bangkok,Graduation,Friend Group,Vanilla,Discount,30,19960,0,0,0,Weekend,10,9326,4232,651,757,448,237395.2,44.15,49310.27,55508.01,1.126,0
CMP-02177,Mall,Central,Back to School,Seasonal Gift,Chocolate,Discount,25,50199,1,0,0,Weekend,4,11316,9644,575,719,340,183345.0,54.85,86262.07,14311.82,0.166,0
CMP-02178,Neighborhood,North,Valentine,Friend Group,Strawberry,Limited Edition,0,46754,1,0,1,Weekday,8,5144,10661,379,824,366,351285.04,49.65,130291.68,44125.34,0.339,0
CMP-02179,Hospital,Central,Christmas,Couple Gift,Red Velvet,Bundle,20,30784,0,0,1,Weekend,7,3902,5807,200,956,185,158466.56,47.54,60262.07,15079.59,0.25,0
CMP-02180,Hospital,Bangkok,Back to School,Self Reward,Fruit Cake,Limited Edition,25,17976,0,1,1,Weekend,7,4393,3626,199,965,178,162116.53,56.52,41594.41,50036.57,1.203,1
CMP-02181,Transit,Central,Normal,Self Reward,Fruit Cake,Free Add-on,15,23076,0,0,0,Weekend,12,8874,3664,283,922,264,206896.8,46.49,61261.71,34917.89,0.57,0
CMP-02182,Mall,Bangkok,New Year,Couple Gift,Chocolate,Personalized Box,15,13206,1,0,1,Weekday,7,15394,1750,427,981,402,375432.62,55.35,85415.57,122387.82,1.433,1
CMP-02183,Transit,Bangkok,Valentine,Family Celebration,Vanilla,Free Add-on,5,32564,0,0,0,Weekend,5,8340,5343,181,838,107,85182.7,55.73,49730.36,-2257.15,-0.045,0
CMP-02184,CBD / Office,Central,Normal,Self Reward,Vanilla,Discount,15,17016,1,0,0,Weekend,6,9518,4030,384,884,240,180336.0,55.53,64915.11,35230.03,0.543,0
CMP-02185,University Area,Central,Normal,Birthday,Chocolate,Personalized Box,20,5512,0,1,1,Weekend,14,6644,2800,358,837,348,281955.17,50.83,68788.13,74523.34,1.083,0
CMP-02186,Mall,North,Mother's Day,Office Celebration,Red Velvet,Personalized Box,20,13531,0,1,0,Weekend,8,8442,2698,723,993,313,271025.45,41.77,36333.44,76868.1,2.116,0
CMP-02187,Neighborhood,North,Normal,Family Celebration,Fruit Cake,Bundle,0,31981,0,1,1,Weekday,13,5826,4670,263,884,391,418229.24,58.51,74387.64,170315.72,2.29,1
CMP-02188,University Area,South,Normal,Office Celebration,Strawberry,Free Add-on,0,5000,1,0,1,Weekday,11,8589,3352,492,900,227,228816.0,60.78,85673.07,53399.52,0.623,0
CMP-02189,CBD / Office,Northeast,New Year,Seasonal Gift,Chocolate,Personalized Box,5,11389,0,0,0,Weekday,11,7803,2161,560,837,262,208329.3,53.5,38654.58,72795.09,1.883,0
CMP-02190,Mall,Northeast,Normal,Friend Group,Chocolate,Bundle,20,7026,0,0,0,Weekday,4,12080,2333,470,806,173,111550.4,46.31,22596.43,29067.92,1.286,0
CMP-02191,Mall,Bangkok,Normal,Birthday,Strawberry,Discount,15,53022,0,1,0,Weekday,3,11498,8421,605,938,258,224216.71,52.8,64657.72,53733.86,0.831,0
CMP-02192,CBD / Office,Bangkok,Valentine,Birthday,Red Velvet,Creator Collaboration,10,39206,1,0,0,Weekday,5,11581,9187,382,910,264,216216.0,51.56,97923.98,13553.24,0.138,0
CMP-02193,Neighborhood,Bangkok,Normal,Birthday,Matcha,Free Add-on,0,25441,0,0,0,Weekend,3,7665,4292,324,781,103,80443.0,50.76,34741.78,6091.61,0.175,0
CMP-02194,Mall,Bangkok,Normal,Friend Group,Cheesecake,Creator Collaboration,0,67355,1,0,0,Weekend,10,13763,18763,649,928,781,724768.0,49.41,132996.86,225089.15,1.692,1
CMP-02195,Hospital,Northeast,Normal,Seasonal Gift,Cheesecake,Social Challenge,10,42854,0,1,0,Weekday,5,4622,7153,229,903,167,147935.78,62.56,59837.55,32706.04,0.547,0
CMP-02196,Mall,Bangkok,Mother's Day,Self Reward,Cheesecake,Free Add-on,10,26742,0,1,1,Weekend,5,14820,3643,739,850,441,408211.65,52.46,49432.73,164702.2,3.332,1
CMP-02197,Hospital,South,Normal,Self Reward,Chocolate,Limited Edition,0,14784,1,1,0,Weekday,10,4198,3517,193,693,209,164187.22,53.35,72969.05,14628.14,0.2,0
CMP-02198,University Area,South,Graduation,Office Celebration,Matcha,Creator Collaboration,10,23374,0,1,0,Weekday,10,7805,7048,423,878,534,459943.81,45.07,64745.67,142547.04,2.202,1
CMP-02199,Neighborhood,Bangkok,Normal,Seasonal Gift,Cheesecake,Personalized Box,15,5000,0,0,0,Weekday,4,7401,1100,435,963,97,79399.35,52.22,20806.42,20656.75,0.993,0
CMP-02200,Transit,Northeast,Graduation,Friend Group,Fruit Cake,Social Challenge,10,80907,1,0,0,Weekend,5,3037,22183,270,900,188,152280.0,52.55,114011.47,-33992.04,-0.298,0
CMP-02201,Transit,Northeast,Christmas,Seasonal Gift,Vanilla,Personalized Box,5,53518,1,0,1,Weekend,11,6105,6751,272,833,356,315527.07,50.66,130082.33,29770.97,0.229,0
CMP-02202,University Area,South,Normal,Self Reward,Strawberry,Limited Edition,20,68342,0,0,1,Weekday,11,7090,11614,332,955,481,428045.36,45.45,120928.43,73633.95,0.609,0
CMP-02203,Transit,Bangkok,Normal,Friend Group,Fruit Cake,Discount,15,32804,1,0,0,Weekday,11,8685,6744,197,1003,295,251502.25,40.36,94289.92,7220.78,0.077,0
CMP-02204,CBD / Office,Bangkok,Normal,Friend Group,Fruit Cake,Discount,25,15804,0,0,0,Weekday,9,10598,2990,600,896,272,182784.0,46.5,34818.53,50183.66,1.441,0
CMP-02205,CBD / Office,South,Normal,Seasonal Gift,Strawberry,Personalized Box,0,19932,0,1,1,Weekend,13,11208,3771,437,961,425,494194.25,61.18,55517.93,246835.56,4.446,1
CMP-02206,Hospital,South,Normal,Self Reward,Chocolate,Free Add-on,20,28788,0,1,0,Weekend,12,4057,4337,233,841,278,203871.86,49.82,77470.21,24106.96,0.311,0
CMP-02207,Hospital,Bangkok,Normal,Family Celebration,Vanilla,Bundle,5,32396,0,1,0,Weekend,6,8313,5122,190,675,159,111135.04,57.66,51688.07,12387.98,0.24,0
CMP-02208,Neighborhood,North,Valentine,Self Reward,Chocolate,Limited Edition,15,39234,1,0,0,Weekday,12,1975,9709,316,800,526,371987.2,42.99,118203.25,41729.97,0.353,0
CMP-02209,CBD / Office,Bangkok,Christmas,Birthday,Vanilla,Bundle,10,40479,1,0,1,Weekend,4,10414,8149,594,785,351,277739.28,53.21,105621.69,42158.69,0.399,0
CMP-02210,Neighborhood,Bangkok,Mother's Day,Couple Gift,Strawberry,Creator Collaboration,25,47485,0,0,0,Weekend,14,4624,12395,404,841,774,488200.5,47.49,102128.42,129703.81,1.27,1
CMP-02211,Neighborhood,Northeast,Valentine,Seasonal Gift,Fruit Cake,Bundle,30,54799,1,1,1,Weekday,9,5141,9125,291,910,357,275164.89,51.54,138721.78,3096.37,0.022,0
CMP-02212,CBD / Office,South,New Year,Family Celebration,Cheesecake,Creator Collaboration,30,78039,1,0,0,Weekday,8,8606,21162,464,999,494,345454.2,40.83,132509.25,8548.52,0.065,0
CMP-02213,Neighborhood,Bangkok,Valentine,Office Celebration,Matcha,Bundle,10,21241,1,0,1,Weekend,11,3376,4368,389,932,339,318475.58,51.42,100426.49,63348.93,0.631,0
CMP-02214,Mall,Bangkok,Graduation,Self Reward,Strawberry,Social Challenge,5,34341,1,1,0,Weekend,10,13845,13087,605,835,773,668368.65,56.06,87881.89,286836.71,3.264,1
CMP-02215,CBD / Office,Central,Christmas,Birthday,Strawberry,Free Add-on,20,41292,1,0,1,Weekday,14,7508,8655,561,847,700,531238.4,44.73,119293.67,118327.95,0.992,0
CMP-02216,Mall,North,Normal,Family Celebration,Red Velvet,Free Add-on,5,24508,0,0,0,Weekday,13,12726,4481,767,972,330,304722.0,49.63,67008.09,84238.12,1.257,0
CMP-02217,Hospital,Bangkok,Mother's Day,Office Celebration,Cheesecake,Limited Edition,25,35674,0,1,0,Weekend,7,3816,4586,213,925,199,156500.57,45.27,53399.45,17446.77,0.327,0
CMP-02218,Neighborhood,Central,Graduation,Self Reward,Vanilla,Personalized Box,10,58191,0,1,0,Weekday,12,5191,11539,347,894,597,523577.36,52.51,79858.72,195070.4,2.443,1
CMP-02219,University Area,South,Normal,Friend Group,Fruit Cake,Bundle,25,14848,0,0,1,Weekday,3,5997,1907,462,898,80,60345.6,45.91,35833.11,-8126.63,-0.227,0
CMP-02220,Mall,Bangkok,Normal,Self Reward,Red Velvet,Limited Edition,20,5000,0,1,0,Weekend,10,13282,1482,735,876,281,223233.95,47.79,26621.28,80063.64,3.008,0
CMP-02221,Mall,Northeast,Songkran,Birthday,Chocolate,Limited Edition,0,5000,0,0,1,Weekend,10,8827,1141,426,737,230,197445.25,58.08,48930.91,65751.45,1.344,0
CMP-02222,University Area,Bangkok,Normal,Seasonal Gift,Vanilla,Bundle,25,5000,0,0,1,Weekend,12,8165,2359,411,871,259,189494.76,56.01,54248.46,51883.34,0.956,0
CMP-02223,CBD / Office,Central,Normal,Seasonal Gift,Matcha,Creator Collaboration,15,38192,1,0,0,Weekday,12,11099,9613,636,955,534,433474.5,53.81,94901.54,138342.25,1.458,0
CMP-02224,Neighborhood,Bangkok,Mother's Day,Family Celebration,Strawberry,Limited Edition,20,17611,0,0,0,Weekend,7,4036,3006,482,852,218,154532.35,50.3,41030.87,36698.56,0.894,0
CMP-02225,Mall,Northeast,Mother's Day,Couple Gift,Cheesecake,Social Challenge,25,35380,1,1,0,Weekend,14,9218,6822,747,873,772,550959.03,46.93,131535.07,127003.08,0.966,0
CMP-02226,Neighborhood,North,Normal,Friend Group,Vanilla,Discount,10,5000,0,0,0,Weekend,11,3342,2157,440,779,118,82729.8,58.57,42955.4,5495.48,0.128,0
CMP-02227,Hospital,Central,Normal,Birthday,Cheesecake,Creator Collaboration,15,87701,1,1,0,Weekend,3,4918,21531,249,1003,106,98503.63,59.62,121961.69,-63231.92,-0.518,0
CMP-02228,Mall,North,Normal,Seasonal Gift,Cheesecake,Creator Collaboration,20,37797,1,0,0,Weekday,11,10085,7756,775,1023,594,486129.6,46.82,112300.82,115317.71,1.027,0
CMP-02229,Hospital,Bangkok,New Year,Self Reward,Matcha,Creator Collaboration,10,55241,0,0,0,Weekday,5,4176,11001,172,884,126,100245.6,52.93,76179.5,-23123.68,-0.304,0
CMP-02230,Mall,Bangkok,Normal,Office Celebration,Chocolate,Social Challenge,15,46668,0,0,0,Weekday,3,10761,7872,585,748,241,153227.8,58.17,56021.74,33110.83,0.591,0
CMP-02231,Hospital,Central,Mother's Day,Self Reward,Chocolate,Creator Collaboration,20,83507,1,0,0,Weekday,4,5553,24463,338,761,165,100452.0,48.08,117374.23,-69078.74,-0.589,0
CMP-02232,CBD / Office,Central,Back to School,Seasonal Gift,Chocolate,Free Add-on,30,50937,0,0,0,Weekday,7,8278,7108,644,781,409,223600.3,41.65,77654.62,15480.7,0.199,0
CMP-02233,Neighborhood,Bangkok,Valentine,Couple Gift,Vanilla,Limited Edition,5,5000,1,1,0,Weekend,3,5899,2286,252,743,109,87216.52,53.25,46906.0,-463.37,-0.01,0
CMP-02234,CBD / Office,Bangkok,Normal,Seasonal Gift,Fruit Cake,Creator Collaboration,5,71046,1,1,0,Weekend,14,8225,17945,409,943,759,741145.66,57.65,158505.31,268729.06,1.695,1
CMP-02235,University Area,Central,Normal,Family Celebration,Chocolate,Personalized Box,15,5000,0,1,0,Weekend,9,7429,1944,482,803,183,136148.25,51.23,22969.38,46775.06,2.036,0
CMP-02236,University Area,Bangkok,Normal,Birthday,Strawberry,Personalized Box,10,11124,0,1,0,Weekday,14,8412,2229,511,861,227,191733.51,52.24,45641.69,54521.77,1.195,0
CMP-02237,Mall,South,Normal,Family Celebration,Red Velvet,Free Add-on,10,22002,0,1,1,Weekend,9,11103,3589,565,895,280,272903.4,63.18,68402.29,104008.96,1.521,0
CMP-02238,CBD / Office,Central,Valentine,Office Celebration,Red Velvet,Creator Collaboration,15,36016,0,1,1,Weekday,4,7462,6817,477,926,233,221907.1,46.82,58465.39,45420.77,0.777,0
CMP-02239,CBD / Office,Bangkok,Christmas,Seasonal Gift,Fruit Cake,Discount,10,13224,0,0,0,Weekend,8,10410,2953,373,951,298,255058.2,50.59,34872.55,94151.15,2.7,1
CMP-02240,Hospital,North,Normal,Couple Gift,Chocolate,Creator Collaboration,5,33311,0,0,0,Weekday,12,3327,7658,219,726,333,229670.1,49.16,60756.65,52159.65,0.859,0
CMP-02241,Mall,Bangkok,Songkran,Couple Gift,Red Velvet,Personalized Box,5,44264,0,1,0,Weekday,6,14236,7863,668,952,343,338128.03,59.49,55509.49,145650.0,2.624,0
CMP-02242,CBD / Office,North,New Year,Self Reward,Red Velvet,Social Challenge,25,90855,1,0,0,Weekend,10,7416,29854,450,1023,631,484134.75,45.71,150713.02,70587.65,0.468,0
CMP-02243,Transit,Northeast,Valentine,Office Celebration,Vanilla,Social Challenge,25,57150,1,1,1,Weekday,13,7013,11704,391,734,658,438297.09,45.96,125406.98,76022.43,0.606,0
CMP-02244,University Area,Bangkok,New Year,Friend Group,Strawberry,Social Challenge,20,78868,1,1,0,Weekday,6,7809,17152,302,860,222,166482.24,42.19,127643.22,-57397.98,-0.45,0
CMP-02245,Mall,North,Christmas,Seasonal Gift,Chocolate,Social Challenge,15,56985,1,1,1,Weekday,12,10837,16904,777,751,1188,917615.36,55.92,135026.96,378073.01,2.8,1
CMP-02246,Mall,South,Mother's Day,Seasonal Gift,Cheesecake,Discount,10,5000,0,0,0,Weekday,3,10561,1100,551,937,150,126495.0,51.17,12148.96,52579.26,4.328,0
CMP-02247,Neighborhood,Bangkok,New Year,Office Celebration,Red Velvet,Social Challenge,5,28241,1,1,0,Weekday,3,7257,6296,314,900,134,124881.3,55.02,62429.65,6280.74,0.101,0
CMP-02248,Mall,South,Songkran,Family Celebration,Strawberry,Social Challenge,15,24129,0,0,0,Weekday,6,11837,5622,576,1014,338,291322.2,49.83,46030.49,99121.63,2.153,0
CMP-02249,Mall,North,Valentine,Seasonal Gift,Red Velvet,Free Add-on,25,5000,0,1,1,Weekend,4,8526,1063,435,986,194,173590.23,48.75,28180.39,56449.16,2.003,1
CMP-02250,Hospital,Bangkok,Songkran,Couple Gift,Strawberry,Personalized Box,5,16597,0,1,0,Weekday,3,2786,3378,280,944,110,107526.32,53.62,28468.11,29182.36,1.025,0
CMP-02251,Hospital,Bangkok,Christmas,Seasonal Gift,Fruit Cake,Social Challenge,20,51308,0,1,0,Weekend,14,3503,12617,183,894,361,281424.05,55.9,103509.26,53812.78,0.52,0
CMP-02252,Mall,Bangkok,New Year,Seasonal Gift,Fruit Cake,Bundle,10,16822,0,1,0,Weekday,10,11643,3498,740,902,442,391109.0,52.59,48402.02,157274.22,3.249,0
CMP-02253,Mall,North,Mother's Day,Self Reward,Vanilla,Personalized Box,10,5032,0,0,1,Weekday,5,11312,1497,520,729,219,160928.21,56.23,32138.57,58357.6,1.816,0
CMP-02254,University Area,Bangkok,Mother's Day,Self Reward,Chocolate,Bundle,10,48756,1,0,1,Weekend,6,6932,8620,349,880,296,262563.84,48.01,118200.02,7844.03,0.066,0
CMP-02255,Mall,Bangkok,Christmas,Couple Gift,Chocolate,Bundle,20,28013,0,1,0,Weekday,13,12518,4959,587,750,556,363624.0,59.32,72450.83,143242.5,1.977,0
CMP-02256,CBD / Office,Central,Normal,Family Celebration,Red Velvet,Free Add-on,25,26188,0,0,0,Weekday,5,9731,3244,656,871,155,101253.75,48.16,44881.4,3886.31,0.087,0
CMP-02257,Mall,Bangkok,Christmas,Office Celebration,Vanilla,Creator Collaboration,30,72267,1,0,1,Weekday,14,13984,17057,667,823,1136,732983.55,48.1,168835.99,183695.5,1.088,0
CMP-02258,Neighborhood,Bangkok,Songkran,Friend Group,Red Velvet,Creator Collaboration,15,91523,1,1,0,Weekday,8,6122,29764,430,1060,409,401674.81,56.95,142681.9,86088.17,0.603,0
CMP-02259,Mall,Bangkok,New Year,Self Reward,Cheesecake,Bundle,15,43953,0,0,0,Weekend,13,15463,6408,611,969,870,716575.5,47.64,70671.64,270682.99,3.83,1
CMP-02260,University Area,Bangkok,Normal,Seasonal Gift,Matcha,Social Challenge,30,77517,1,0,1,Weekend,14,5826,18812,373,865,756,512688.96,42.87,174878.07,44927.48,0.257,0
CMP-02261,Hospital,Central,Mother's Day,Office Celebration,Strawberry,Bundle,10,31998,0,0,1,Weekday,3,4356,4634,308,837,113,95337.65,61.81,49505.87,9420.27,0.19,0
CMP-02262,University Area,South,Valentine,Seasonal Gift,Cheesecake,Personalized Box,30,18056,0,1,0,Weekend,10,6659,4030,267,995,332,252049.42,47.82,39091.33,81426.22,2.083,1
CMP-02263,CBD / Office,Central,Mother's Day,Couple Gift,Strawberry,Creator Collaboration,0,31873,1,0,0,Weekend,8,8416,6797,378,870,357,310590.0,54.0,91826.84,75899.75,0.827,0
CMP-02264,Mall,Bangkok,New Year,Seasonal Gift,Red Velvet,Social Challenge,25,31538,0,0,0,Weekend,6,13249,6639,537,1134,477,405688.5,42.66,46489.98,126571.45,2.723,1
CMP-02265,CBD / Office,Northeast,Valentine,Couple Gift,Fruit Cake,Free Add-on,5,41121,0,0,0,Weekday,8,8809,6615,400,921,428,374478.6,58.38,63165.97,155466.47,2.461,1
CMP-02266,Hospital,Northeast,Christmas,Birthday,Strawberry,Creator Collaboration,15,48464,0,1,0,Weekend,13,5697,8465,236,770,380,271093.9,51.15,97110.96,41549.78,0.428,0
CMP-02267,University Area,Bangkok,Songkran,Friend Group,Red Velvet,Bundle,20,17808,0,1,1,Weekday,14,9060,2974,439,1056,418,427282.94,58.46,60805.44,189005.15,3.108,0
CMP-02268,University Area,North,Normal,Office Celebration,Fruit Cake,Limited Edition,10,54500,1,0,0,Weekend,10,7540,10350,303,956,397,355241.95,53.74,124574.92,66349.48,0.533,0
CMP-02269,Neighborhood,Northeast,Normal,Self Reward,Chocolate,Social Challenge,20,32495,1,1,0,Weekday,11,4126,12532,455,886,720,556266.24,47.09,94726.32,167206.71,1.765,1
CMP-02270,Transit,North,Graduation,Couple Gift,Chocolate,Creator Collaboration,15,15228,0,1,0,Weekday,9,5730,4511,241,815,274,206896.72,51.87,52392.9,54925.36,1.048,0
CMP-02271,Transit,Central,Back to School,Seasonal Gift,Cheesecake,Creator Collaboration,25,25768,0,1,0,Weekday,8,7745,8549,217,991,204,165269.07,51.31,51463.5,33342.7,0.648,0
CMP-02272,CBD / Office,Central,Mother's Day,Couple Gift,Chocolate,Limited Edition,20,22364,0,1,0,Weekend,13,9580,2700,457,913,498,412334.76,54.61,46554.18,178621.06,3.837,0
CMP-02273,Hospital,South,Valentine,Birthday,Vanilla,Limited Edition,10,57925,0,0,0,Weekend,12,4261,7621,192,676,328,207537.41,52.7,81017.6,28364.95,0.35,0
CMP-02274,Neighborhood,Bangkok,Valentine,Family Celebration,Red Velvet,Discount,25,25063,0,0,0,Weekday,4,5020,3875,370,968,158,114708.0,51.6,39993.16,19195.08,0.48,0
CMP-02275,Neighborhood,South,Valentine,Friend Group,Red Velvet,Limited Edition,15,5000,0,0,0,Weekend,6,4585,2305,409,1057,173,161649.12,44.25,20244.98,51291.36,2.534,0
CMP-02276,CBD / Office,North,Normal,Birthday,Red Velvet,Limited Edition,20,38143,1,1,0,Weekday,7,7273,6251,447,941,349,297827.55,45.41,88243.15,47005.01,0.533,0
CMP-02277,University Area,Bangkok,Normal,Seasonal Gift,Strawberry,Limited Edition,5,41026,1,0,0,Weekend,14,9914,6957,275,913,495,446511.78,52.13,98860.62,133908.89,1.355,1
CMP-02278,Neighborhood,Central,Normal,Family Celebration,Red Velvet,Free Add-on,15,28751,0,0,1,Weekday,13,2613,4391,364,1015,244,235772.32,57.83,88214.05,48136.61,0.546,0
CMP-02279,Mall,North,Graduation,Self Reward,Cheesecake,Free Add-on,15,31365,1,0,0,Weekday,4,10959,6627,724,869,261,192787.65,47.36,67129.16,24166.87,0.36,0
CMP-02280,Transit,Bangkok,New Year,Self Reward,Strawberry,Discount,5,28415,0,0,0,Weekday,9,7181,4861,258,912,272,235660.8,56.57,46606.45,86716.97,1.861,1
CMP-02281,Neighborhood,South,Graduation,Self Reward,Vanilla,Personalized Box,15,27336,0,0,1,Weekend,13,5138,6068,317,749,562,400732.98,52.76,59510.17,151915.92,2.553,1
CMP-02282,Transit,Bangkok,Normal,Friend Group,Chocolate,Bundle,25,54292,0,0,0,Weekday,8,8726,10817,258,590,247,109297.5,49.02,71205.8,-17632.7,-0.248,0
CMP-02283,University Area,Bangkok,Normal,Seasonal Gift,Matcha,Limited Edition,25,9114,0,0,0,Weekend,10,8617,2347,374,926,207,149511.96,47.25,29368.68,41269.98,1.405,0
CMP-02284,Mall,Northeast,Normal,Couple Gift,Matcha,Creator Collaboration,25,49866,0,0,0,Weekend,6,9110,8759,459,859,348,224199.0,40.53,72301.93,18570.42,0.257,0
CMP-02285,University Area,Bangkok,New Year,Office Celebration,Chocolate,Bundle,10,27165,0,0,1,Weekend,10,9891,5595,505,793,620,495593.28,56.16,81851.02,196461.85,2.4,1
CMP-02286,Mall,Bangkok,Mother's Day,Self Reward,Vanilla,Personalized Box,20,5000,0,0,0,Weekend,3,14523,1544,614,640,240,122880.0,47.28,13837.51,44255.91,3.198,1
CMP-02287,Hospital,Bangkok,Christmas,Self Reward,Strawberry,Creator Collaboration,20,44032,1,1,1,Weekend,8,5735,17428,312,994,358,344464.74,39.78,129903.25,7128.87,0.055,0
CMP-02288,Neighborhood,Bangkok,Normal,Seasonal Gift,Fruit Cake,Free Add-on,25,53799,1,0,0,Weekday,5,7053,11261,423,857,272,174828.0,42.51,93640.15,-19317.26,-0.206,0
CMP-02289,Neighborhood,South,Mother's Day,Office Celebration,Matcha,Limited Edition,10,5000,0,1,0,Weekday,4,4350,1450,463,836,117,99791.71,47.35,18944.87,28310.18,1.494,0
CMP-02290,CBD / Office,Bangkok,New Year,Couple Gift,Matcha,Bundle,15,41709,0,1,0,Weekend,10,12324,6075,639,927,693,595193.79,54.63,77364.2,247765.72,3.203,1
CMP-02291,CBD / Office,Bangkok,Valentine,Office Celebration,Cheesecake,Bundle,20,45996,0,0,1,Weekday,10,7208,7320,623,1034,732,678171.65,52.39,95812.9,259482.0,2.708,1
CMP-02292,Mall,South,Normal,Seasonal Gift,Chocolate,Creator Collaboration,25,57669,0,0,1,Weekday,8,11358,13363,647,740,638,396580.8,38.96,86422.55,68074.88,0.788,0
CMP-02293,Hospital,Bangkok,Valentine,Office Celebration,Cheesecake,Bundle,10,25084,1,0,1,Weekday,12,5626,4180,321,841,353,299247.98,52.56,94367.55,62918.52,0.667,0
CMP-02294,University Area,Bangkok,Mother's Day,Birthday,Strawberry,Creator Collaboration,5,87496,1,0,0,Weekday,12,9052,20294,379,908,610,526186.0,50.1,168843.01,94759.17,0.561,0
CMP-02295,CBD / Office,Bangkok,Normal,Birthday,Strawberry,Creator Collaboration,10,40188,0,0,0,Weekend,10,8768,9331,583,917,382,315264.6,54.46,62089.69,109610.16,1.765,0
CMP-02296,Mall,Northeast,Christmas,Office Celebration,Matcha,Social Challenge,0,58489,0,1,1,Weekday,5,10086,11685,556,990,340,407286.0,61.74,85431.43,166043.19,1.944,1
CMP-02297,Transit,South,Back to School,Family Celebration,Strawberry,Personalized Box,5,19981,0,1,1,Weekend,4,7727,4640,349,975,186,208461.83,55.5,38016.9,77677.14,2.043,1
CMP-02298,Hospital,Bangkok,Songkran,Couple Gift,Matcha,Discount,15,84153,0,0,0,Weekday,6,4784,10940,338,759,259,167093.85,53.89,98559.63,-8506.19,-0.086,0
CMP-02299,CBD / Office,Bangkok,Graduation,Self Reward,Cheesecake,Discount,20,6593,0,1,0,Weekday,14,10583,1223,532,946,376,310166.91,48.01,37652.79,111251.11,2.955,0
CMP-02300,CBD / Office,Bangkok,New Year,Birthday,Vanilla,Limited Edition,5,32798,0,0,1,Weekend,3,11349,5278,371,724,151,120973.57,66.0,53190.25,26652.31,0.501,0
CMP-02301,Hospital,Northeast,Normal,Couple Gift,Strawberry,Discount,20,27006,0,0,0,Weekday,13,6657,4731,326,906,289,209467.2,49.65,64817.62,39172.54,0.604,0
CMP-02302,Mall,Central,Normal,Friend Group,Fruit Cake,Social Challenge,5,57358,1,1,0,Weekday,5,12167,16607,762,931,475,457923.99,56.36,102255.43,155823.38,1.524,1
CMP-02303,Hospital,North,Graduation,Couple Gift,Red Velvet,Limited Edition,10,29733,0,0,0,Weekday,14,2823,5133,245,1039,341,331623.86,46.91,86764.35,68816.41,0.793,0
CMP-02304,Mall,Bangkok,Normal,Seasonal Gift,Red Velvet,Discount,20,43325,0,1,1,Weekday,14,12025,7380,596,938,606,550238.3,56.48,105920.93,204875.72,1.934,0
CMP-02305,Neighborhood,Bangkok,Graduation,Couple Gift,Cheesecake,Free Add-on,15,30280,1,1,1,Weekend,9,4912,7388,394,959,445,438917.52,58.91,89834.16,168718.82,1.878,1
CMP-02306,Transit,South,Graduation,Self Reward,Matcha,Free Add-on,10,15971,0,1,0,Weekday,8,6063,3566,250,920,223,201261.96,47.62,42380.58,53458.55,1.261,1
CMP-02307,Mall,Bangkok,Valentine,Friend Group,Red Velvet,Discount,0,33147,0,0,0,Weekday,14,13550,6731,556,1005,679,682395.0,64.92,70640.58,372378.34,5.271,0
CMP-02308,Mall,Central,Normal,Friend Group,Red Velvet,Free Add-on,25,36348,0,0,0,Weekday,8,10496,6932,763,1087,358,291859.5,48.34,67747.77,73334.49,1.082,0
CMP-02309,Mall,North,Mother's Day,Friend Group,Strawberry,Creator Collaboration,5,60953,1,0,0,Weekend,10,10642,15996,580,944,721,646592.8,61.49,131033.09,266569.42,2.034,1
CMP-02310,CBD / Office,Central,Songkran,Self Reward,Cheesecake,Discount,15,69908,1,0,0,Weekend,11,8599,17343,428,821,613,427782.05,48.12,152470.32,53377.11,0.35,0
CMP-02311,Transit,Bangkok,Mother's Day,Family Celebration,Strawberry,Personalized Box,25,15973,0,1,0,Weekday,9,8392,2889,267,894,309,225831.11,49.74,33874.7,78454.49,2.316,1
CMP-02312,Transit,North,Normal,Couple Gift,Red Velvet,Limited Edition,15,31038,0,0,1,Weekday,7,6662,5862,405,988,308,301285.3,51.32,51794.99,102830.65,1.985,1
CMP-02313,Mall,Bangkok,Normal,Friend Group,Chocolate,Bundle,15,22806,0,1,0,Weekend,13,16078,4961,655,783,481,348941.21,51.21,64630.39,114051.4,1.765,0
CMP-02314,Mall,Bangkok,Valentine,Seasonal Gift,Vanilla,Bundle,10,5000,0,0,1,Weekend,10,14115,1966,543,835,462,388856.16,51.84,40790.82,160791.41,3.942,0
CMP-02315,University Area,Bangkok,Christmas,Office Celebration,Red Velvet,Social Challenge,15,64149,1,0,0,Weekend,12,8577,14776,539,969,872,718222.8,51.63,130459.21,240352.19,1.842,1
CMP-02316,University Area,Bangkok,Christmas,Office Celebration,Red Velvet,Social Challenge,20,70574,1,1,0,Weekend,7,9147,24762,271,990,255,220136.4,51.57,111471.11,2058.2,0.018,0
CMP-02317,Transit,North,Normal,Couple Gift,Matcha,Limited Edition,20,5000,0,1,0,Weekend,10,8813,2611,382,934,209,177028.42,47.97,43977.07,40937.94,0.931,0
CMP-02318,Hospital,South,New Year,Couple Gift,Chocolate,Bundle,15,90966,0,0,0,Weekday,14,5341,11782,201,849,372,268453.8,50.77,118874.76,17408.47,0.146,0
CMP-02319,Mall,South,Graduation,Seasonal Gift,Chocolate,Creator Collaboration,15,56965,0,0,0,Weekday,12,8502,11843,636,718,1068,651800.4,54.8,90205.2,266977.04,2.96,1
CMP-02320,Neighborhood,Central,Christmas,Self Reward,Matcha,Personalized Box,20,27131,0,1,0,Weekday,8,5194,4946,280,917,272,217497.73,49.17,51280.18,55673.42,1.086,0
CMP-02321,Neighborhood,Bangkok,Normal,Office Celebration,Strawberry,Creator Collaboration,5,85042,1,0,0,Weekday,12,5877,22408,449,889,796,672261.8,51.3,162274.17,182596.52,1.125,0
CMP-02322,Hospital,Bangkok,Normal,Birthday,Vanilla,Free Add-on,10,30028,0,0,0,Weekend,14,5416,4923,201,784,247,174283.2,54.29,62344.34,32279.33,0.518,0
CMP-02323,Mall,Central,Songkran,Self Reward,Matcha,Discount,25,19449,0,1,1,Weekday,9,10709,5140,476,885,565,453772.69,54.73,58856.47,189480.52,3.219,1
CMP-02324,Neighborhood,North,Normal,Self Reward,Red Velvet,Discount,20,43923,0,0,0,Weekday,6,4709,7446,460,966,304,234931.2,53.42,67373.61,58121.95,0.863,0
CMP-02325,Neighborhood,Bangkok,Normal,Family Celebration,Strawberry,Personalized Box,10,44273,1,1,0,Weekday,14,6169,8064,259,878,437,376395.97,47.24,125461.92,52346.97,0.417,0
CMP-02326,Mall,Bangkok,Normal,Friend Group,Strawberry,Limited Edition,15,6576,0,0,0,Weekend,9,13391,2581,756,904,309,246933.02,48.25,43455.85,75688.26,1.742,0
CMP-02327,Neighborhood,Bangkok,New Year,Self Reward,Cheesecake,Discount,15,15330,0,1,1,Weekday,7,5546,2153,321,882,233,211362.92,58.27,43692.34,79478.16,1.819,1
CMP-02328,Transit,Northeast,Back to School,Office Celebration,Fruit Cake,Free Add-on,30,33458,1,1,0,Weekday,11,7109,6791,238,1036,332,262435.38,44.78,95109.77,22404.41,0.236,0
CMP-02329,CBD / Office,Central,New Year,Birthday,Fruit Cake,Creator Collaboration,0,68467,1,0,0,Weekend,13,8247,12316,494,857,928,795296.0,61.47,139270.96,349562.75,2.51,1
CMP-02330,Mall,Bangkok,Valentine,Couple Gift,Vanilla,Discount,20,35748,0,0,0,Weekday,7,15077,5330,746,833,608,405171.2,52.49,49199.0,163469.12,3.323,1
CMP-02331,Neighborhood,Northeast,Back to School,Self Reward,Strawberry,Personalized Box,15,52252,0,0,1,Weekday,12,4569,8559,247,866,367,302566.54,52.84,89164.83,70698.05,0.793,0
CMP-02332,Neighborhood,North,New Year,Office Celebration,Chocolate,Personalized Box,0,22604,1,0,0,Weekend,14,4575,4898,264,771,402,309942.0,52.48,90696.59,71961.95,0.793,0
CMP-02333,University Area,North,Christmas,Seasonal Gift,Vanilla,Creator Collaboration,30,47684,0,0,1,Weekend,10,7118,10790,361,761,528,315017.47,42.76,75485.35,59213.82,0.784,0
CMP-02334,Mall,Central,Valentine,Friend Group,Vanilla,Creator Collaboration,15,47850,0,0,0,Weekday,12,10781,13801,742,768,1112,725913.6,45.27,95177.8,233458.88,2.453,1
CMP-02335,Transit,Central,Valentine,Family Celebration,Fruit Cake,Discount,5,13548,0,1,0,Weekend,13,10193,2513,260,841,369,321345.68,56.75,66793.64,115560.14,1.73,1
CMP-02336,University Area,South,Back to School,Friend Group,Fruit Cake,Free Add-on,5,9425,0,0,0,Weekday,12,4996,2241,475,900,138,117990.0,64.41,40879.34,35115.77,0.859,0
CMP-02337,Transit,Bangkok,Songkran,Self Reward,Strawberry,Social Challenge,25,48188,1,1,1,Weekend,14,10078,13068,347,937,666,566318.11,55.64,122805.98,192272.45,1.566,1
CMP-02338,CBD / Office,Bangkok,Back to School,Seasonal Gift,Vanilla,Limited Edition,15,17486,0,0,0,Weekend,10,10037,3272,368,713,273,172069.72,52.03,39271.48,50251.68,1.28,0
CMP-02339,Mall,North,Normal,Couple Gift,Red Velvet,Social Challenge,5,52808,1,0,0,Weekend,5,10298,15580,736,942,528,472507.2,55.51,101214.95,161079.26,1.591,1
CMP-02340,Neighborhood,Central,Normal,Friend Group,Matcha,Limited Edition,30,42906,0,1,1,Weekend,3,5027,8654,294,941,124,102784.6,51.18,63364.65,-10758.01,-0.17,0
CMP-02341,Neighborhood,North,Normal,Office Celebration,Strawberry,Discount,20,28431,0,0,0,Weekday,11,7015,4293,407,847,264,178886.4,52.13,62441.21,30804.1,0.493,0
CMP-02342,Neighborhood,Northeast,New Year,Seasonal Gift,Strawberry,Free Add-on,20,7551,0,0,0,Weekday,9,3017,2839,269,883,188,132803.2,44.58,26775.67,32426.61,1.211,0
CMP-02343,University Area,North,Mother's Day,Seasonal Gift,Chocolate,Bundle,10,33191,0,0,1,Weekend,10,5941,7297,267,761,381,292260.53,49.14,66276.08,77341.83,1.167,0
CMP-02344,Mall,Central,Christmas,Friend Group,Fruit Cake,Limited Edition,15,34879,0,0,0,Weekend,11,14476,7060,764,901,656,522493.5,55.43,76406.84,213200.32,2.79,0
CMP-02345,Mall,Bangkok,Normal,Family Celebration,Fruit Cake,Creator Collaboration,25,34812,0,0,1,Weekend,5,12695,7822,540,785,342,225514.8,45.98,62003.36,41692.56,0.672,0
CMP-02346,Mall,Northeast,New Year,Seasonal Gift,Red Velvet,Personalized Box,10,45187,1,1,1,Weekday,6,8418,7360,762,1024,542,604403.71,56.26,95843.05,244185.84,2.548,1
CMP-02347,Hospital,Central,Normal,Couple Gift,Red Velvet,Discount,0,13575,0,0,1,Weekday,12,3841,2416,206,997,149,166379.36,51.67,69779.89,16182.99,0.232,0
CMP-02348,University Area,Bangkok,Graduation,Office Celebration,Fruit Cake,Bundle,10,77968,1,0,0,Weekday,13,8996,19916,292,990,477,425007.0,55.2,134607.29,99984.63,0.743,0
CMP-02349,Neighborhood,Bangkok,New Year,Couple Gift,Cheesecake,Creator Collaboration,15,44819,0,1,0,Weekend,7,5928,8597,328,1055,324,316696.23,52.29,74039.61,91556.9,1.237,1
CMP-02350,CBD / Office,Bangkok,Christmas,Friend Group,Fruit Cake,Limited Edition,10,17580,0,1,0,Weekday,6,11657,3691,533,972,318,315352.1,57.81,37800.94,144489.61,3.822,1
CMP-02351,Hospital,North,Normal,Couple Gift,Red Velvet,Personalized Box,15,29902,0,1,0,Weekend,12,3596,4049,225,1005,336,312860.52,48.17,72855.03,77840.55,1.068,0
CMP-02352,CBD / Office,Bangkok,Christmas,Birthday,Vanilla,Creator Collaboration,20,48627,1,0,0,Weekend,7,10560,11373,671,788,695,438128.0,51.87,103985.95,123286.53,1.186,0
CMP-02353,Neighborhood,North,Normal,Self Reward,Fruit Cake,Limited Edition,15,15621,0,0,0,Weekend,4,5032,2456,490,916,95,76925.68,48.28,30578.21,6563.37,0.215,0
CMP-02354,CBD / Office,South,Normal,Friend Group,Fruit Cake,Limited Edition,5,15705,0,0,0,Weekday,5,8846,3466,623,968,153,146326.75,49.53,27602.21,44875.68,1.626,0
CMP-02355,Neighborhood,Bangkok,Mother's Day,Friend Group,Cheesecake,Creator Collaboration,5,69438,0,1,0,Weekend,14,5911,21926,452,867,934,838525.12,63.85,126818.1,408565.64,3.222,1
CMP-02356,Mall,Bangkok,Mother's Day,Couple Gift,Strawberry,Creator Collaboration,25,77819,0,0,0,Weekday,9,10213,18487,532,958,578,415293.0,55.9,108476.12,123671.05,1.14,0
CMP-02357,Mall,Central,Normal,Self Reward,Cheesecake,Limited Edition,10,18888,0,1,0,Weekend,4,11287,4589,439,918,243,227589.02,52.78,33500.46,86621.11,2.586,1
CMP-02358,Mall,Bangkok,Normal,Birthday,Strawberry,Discount,25,18266,0,0,0,Weekday,11,14244,2016,694,968,288,209088.0,54.43,45500.4,68310.27,1.501,0
CMP-02359,University Area,North,New Year,Friend Group,Chocolate,Creator Collaboration,15,67725,1,0,0,Weekend,9,8938,18843,484,657,579,323342.55,55.11,140487.86,37713.77,0.268,0
CMP-02360,Mall,Bangkok,Graduation,Birthday,Chocolate,Free Add-on,20,51692,0,1,1,Weekday,5,13883,6758,663,781,421,318279.37,52.98,70868.4,97742.66,1.379,1
CMP-02361,Neighborhood,Northeast,Back to School,Self Reward,Red Velvet,Social Challenge,20,47941,1,0,0,Weekday,12,5223,15937,312,957,506,387393.6,43.28,96117.28,71550.8,0.744,0
CMP-02362,Transit,Northeast,Christmas,Friend Group,Cheesecake,Limited Edition,10,5000,0,0,0,Weekday,7,3951,1224,210,946,98,86774.69,54.69,24145.38,23313.04,0.966,0
CMP-02363,Neighborhood,Bangkok,Mother's Day,Friend Group,Strawberry,Creator Collaboration,25,44626,1,0,0,Weekday,13,6141,11909,425,983,805,593486.25,43.86,103874.5,156434.8,1.506,1
CMP-02364,Transit,Bangkok,Christmas,Friend Group,Fruit Cake,Personalized Box,20,5000,0,1,1,Weekend,7,9071,1482,243,952,245,225776.32,47.43,33131.85,73961.63,2.232,1
CMP-02365,Hospital,Central,Normal,Self Reward,Fruit Cake,Personalized Box,20,5000,0,0,1,Weekday,10,5175,1284,374,943,147,124204.42,48.46,42518.99,17668.46,0.416,0
CMP-02366,Neighborhood,North,Mother's Day,Friend Group,Fruit Cake,Discount,15,30845,1,1,0,Weekend,11,2610,7321,437,768,591,420527.23,49.74,87006.55,122178.71,1.404,1
CMP-02367,University Area,North,Mother's Day,Friend Group,Matcha,Social Challenge,20,53239,0,0,0,Weekend,11,8654,12280,385,807,510,329256.0,52.86,87545.76,86487.37,0.988,0
CMP-02368,Mall,Bangkok,Christmas,Friend Group,Red Velvet,Free Add-on,20,38305,0,0,0,Weekday,7,14814,6712,778,1032,526,434265.6,48.02,52419.62,156101.04,2.978,0
CMP-02369,University Area,Bangkok,Normal,Self Reward,Fruit Cake,Free Add-on,15,5000,0,1,0,Weekday,6,7505,2290,294,801,107,79407.54,43.35,24957.55,9469.15,0.379,0
CMP-02370,CBD / Office,Bangkok,Christmas,Self Reward,Strawberry,Discount,20,46380,0,0,0,Weekday,13,10559,6805,671,849,607,412274.4,64.15,98719.37,165758.62,1.679,0
CMP-02371,Mall,North,Normal,Seasonal Gift,Matcha,Creator Collaboration,5,75360,1,0,0,Weekday,13,11696,14709,566,1067,783,793687.95,57.33,155122.41,299879.83,1.933,1
CMP-02372,Neighborhood,Northeast,Valentine,Birthday,Fruit Cake,Creator Collaboration,0,64098,1,1,0,Weekday,14,1252,16488,297,925,579,583776.75,64.36,141867.83,233876.25,1.649,1
CMP-02373,CBD / Office,Bangkok,Mother's Day,Office Celebration,Matcha,Limited Edition,25,32051,0,0,1,Weekday,3,10389,5336,450,885,162,125248.03,51.25,55276.98,8909.24,0.161,0
CMP-02374,Mall,Bangkok,Christmas,Couple Gift,Vanilla,Personalized Box,20,19617,0,1,0,Weekday,7,16169,1954,753,677,349,206030.06,47.61,40455.61,57644.71,1.425,0
CMP-02375,Mall,Bangkok,Normal,Friend Group,Strawberry,Free Add-on,20,5000,0,1,0,Weekend,8,12734,1258,664,970,231,195389.04,46.98,22872.23,68920.95,3.013,0
CMP-02376,Mall,Bangkok,Songkran,Birthday,Fruit Cake,Personalized Box,20,26692,0,1,1,Weekday,7,15459,3786,619,863,402,335824.37,45.8,51715.71,102105.96,1.974,0
CMP-02377,Mall,South,Valentine,Family Celebration,Cheesecake,Social Challenge,5,79982,1,0,0,Weekday,4,10954,22622,597,852,327,264673.8,51.7,130067.25,6777.99,0.052,0
CMP-02378,University Area,Central,New Year,Friend Group,Strawberry,Bundle,25,34871,0,0,1,Weekend,6,6668,6583,561,886,447,332675.28,39.7,67807.07,64251.97,0.948,0
CMP-02379,University Area,Bangkok,Normal,Self Reward,Chocolate,Social Challenge,15,64709,1,0,0,Weekday,13,8350,14572,410,769,637,416375.05,47.83,151120.91,48015.52,0.318,0
CMP-02380,Transit,Northeast,Mother's Day,Family Celebration,Fruit Cake,Free Add-on,15,24390,0,1,0,Weekday,5,4512,5497,403,833,237,182910.56,50.29,41470.77,50512.2,1.218,1
CMP-02381,Transit,North,Back to School,Office Celebration,Strawberry,Bundle,20,11427,0,0,0,Weekday,5,5874,2697,210,923,141,104114.4,52.59,25609.11,29145.02,1.138,0
CMP-02382,Mall,Central,Christmas,Self Reward,Red Velvet,Creator Collaboration,10,50897,1,1,0,Weekend,6,11371,17587,456,968,367,348506.14,55.46,98642.11,94624.56,0.959,0
CMP-02383,Mall,North,New Year,Friend Group,Matcha,Bundle,10,5000,1,0,1,Weekend,12,11442,1183,676,846,371,316376.93,40.65,78348.02,50259.99,0.641,0
CMP-02384,Mall,North,New Year,Self Reward,Chocolate,Bundle,10,62129,0,1,0,Weekday,8,8133,9917,476,712,450,314312.4,54.26,78147.58,92392.5,1.182,0
CMP-02385,University Area,Bangkok,Valentine,Office Celebration,Red Velvet,Limited Edition,0,31601,0,1,0,Weekend,3,10336,5404,519,975,198,218841.48,61.6,37883.28,96919.91,2.558,1
CMP-02386,Neighborhood,Central,Back to School,Self Reward,Red Velvet,Social Challenge,20,76102,1,0,1,Weekday,8,8667,17638,253,1035,292,270789.12,44.86,147814.87,-26344.93,-0.178,0
CMP-02387,Hospital,Central,New Year,Friend Group,Vanilla,Creator Collaboration,10,59264,0,1,0,Weekday,11,3481,10414,256,803,333,262318.42,51.58,86061.35,49247.75,0.572,0
CMP-02388,CBD / Office,Bangkok,Valentine,Seasonal Gift,Strawberry,Social Challenge,20,44297,1,0,0,Weekday,11,11115,9529,365,855,573,391932.0,44.21,106358.82,66921.38,0.629,0
CMP-02389,CBD / Office,Central,Normal,Self Reward,Chocolate,Personalized Box,15,28434,0,0,1,Weekend,13,8300,4727,463,826,475,373517.2,55.49,80954.48,126294.01,1.56,0
CMP-02390,Neighborhood,Bangkok,New Year,Birthday,Fruit Cake,Limited Edition,15,51629,1,1,0,Weekday,13,6461,8163,469,917,725,640598.78,44.36,138124.22,146046.29,1.057,0
CMP-02391,University Area,Bangkok,Graduation,Seasonal Gift,Cheesecake,Personalized Box,10,35057,1,0,1,Weekday,6,9080,9269,355,974,304,298464.77,49.3,90944.44,56192.71,0.618,0
CMP-02392,Mall,Bangkok,Christmas,Office Celebration,Fruit Cake,Bundle,0,25966,0,1,1,Weekday,4,14721,4154,446,961,247,287214.07,58.58,48942.67,119313.92,2.438,1
CMP-02393,CBD / Office,South,Normal,Couple Gift,Chocolate,Free Add-on,10,38205,1,0,0,Weekend,11,7858,6926,620,891,370,296703.0,51.16,95451.4,56354.41,0.59,0
CMP-02394,Neighborhood,South,Normal,Birthday,Matcha,Social Challenge,15,55642,1,0,0,Weekday,7,3784,15800,349,905,337,259237.25,47.53,104792.11,18413.28,0.176,0
CMP-02395,Transit,Central,New Year,Birthday,Fruit Cake,Discount,15,51524,0,1,0,Weekday,3,8186,5808,346,850,137,107890.93,47.38,59359.55,-8242.67,-0.139,0
CMP-02396,Transit,Central,Christmas,Friend Group,Chocolate,Discount,20,5000,0,0,0,Weekday,7,9042,1704,309,844,159,107356.8,53.6,22331.94,35214.01,1.577,0
CMP-02397,Hospital,Bangkok,Normal,Self Reward,Fruit Cake,Creator Collaboration,5,73044,1,0,0,Weekday,4,4554,19729,184,893,99,83986.65,59.75,117153.95,-66969.83,-0.572,0
CMP-02398,Mall,Bangkok,Normal,Self Reward,Cheesecake,Personalized Box,15,41087,0,0,1,Weekday,14,16076,6944,429,1009,737,707938.62,52.52,87157.28,284669.86,3.266,1
CMP-02399,Mall,South,Back to School,Self Reward,Strawberry,Social Challenge,20,51525,1,0,1,Weekend,5,9054,12053,677,909,463,377096.83,55.42,121802.9,87201.02,0.716,0
CMP-02400,University Area,Northeast,Normal,Birthday,Strawberry,Social Challenge,15,66706,1,0,0,Weekend,5,6424,22532,330,907,244,188111.8,48.04,101199.83,-10831.2,-0.107,0
CMP-02401,University Area,Northeast,Graduation,Office Celebration,Cheesecake,Discount,5,35218,0,1,0,Weekday,11,7635,5055,501,915,482,456686.57,48.46,55114.69,166196.16,3.015,1
CMP-02402,Neighborhood,Bangkok,New Year,Self Reward,Strawberry,Bundle,30,31606,0,1,0,Weekend,10,6327,5633,426,977,550,409998.05,48.63,61242.35,138136.38,2.256,1
CMP-02403,CBD / Office,Bangkok,Normal,Office Celebration,Cheesecake,Social Challenge,25,52729,1,1,0,Weekday,5,10654,16518,439,885,275,198959.06,46.14,97905.32,-6104.02,-0.062,0
CMP-02404,Hospital,Bangkok,Songkran,Office Celebration,Strawberry,Creator Collaboration,15,57193,1,0,0,Weekend,6,4946,14326,196,855,141,102471.75,52.0,105089.87,-51803.61,-0.493,0
CMP-02405,Hospital,Bangkok,Normal,Family Celebration,Vanilla,Personalized Box,10,34078,1,1,1,Weekend,7,6495,6768,250,797,252,218719.12,53.71,104918.43,12546.58,0.12,0
CMP-02406,University Area,Bangkok,Normal,Birthday,Strawberry,Bundle,0,42347,0,1,0,Weekday,8,9798,6478,350,921,317,318233.13,56.71,72795.82,107660.98,1.479,1
CMP-02407,CBD / Office,Central,Songkran,Seasonal Gift,Cheesecake,Creator Collaboration,20,78269,1,0,0,Weekday,11,9357,17066,661,915,951,696132.0,46.61,143797.51,180680.12,1.256,1
CMP-02408,Transit,Bangkok,Normal,Self Reward,Cheesecake,Limited Edition,10,31903,0,0,0,Weekday,7,7478,4620,261,977,191,174664.15,52.74,53512.29,38599.62,0.721,0
CMP-02409,Hospital,Central,Mother's Day,Office Celebration,Chocolate,Free Add-on,15,28499,0,0,1,Weekday,3,5926,3824,375,900,140,119952.0,41.57,46530.71,3334.26,0.072,0
CMP-02410,Transit,North,Mother's Day,Birthday,Vanilla,Discount,25,5000,0,1,0,Weekday,13,6164,900,200,814,214,142405.23,57.49,56910.56,24960.42,0.439,0
CMP-02411,Hospital,Bangkok,New Year,Birthday,Fruit Cake,Personalized Box,0,5000,0,1,1,Weekday,13,3506,1123,214,868,148,155441.44,58.18,66782.19,23649.68,0.354,0
CMP-02412,Neighborhood,South,Graduation,Birthday,Chocolate,Free Add-on,20,38927,1,0,0,Weekday,8,4189,9289,443,767,454,278574.4,47.81,92722.98,40451.86,0.436,0
CMP-02413,Mall,Bangkok,Normal,Birthday,Matcha,Bundle,25,26729,0,0,1,Weekday,6,16381,3931,757,833,352,246301.44,50.9,50881.18,74491.8,1.464,0
CMP-02414,Neighborhood,Bangkok,Normal,Office Celebration,Cheesecake,Discount,25,14916,0,0,1,Weekend,9,5300,2199,491,969,174,141629.04,45.29,62510.7,1637.39,0.026,0
CMP-02415,University Area,North,Mother's Day,Family Celebration,Matcha,Creator Collaboration,25,74612,1,1,0,Weekend,5,4086,27290,527,893,340,248209.35,48.77,107761.75,13279.11,0.123,0
CMP-02416,Mall,South,Back to School,Seasonal Gift,Fruit Cake,Social Challenge,15,69056,1,0,0,Weekday,3,9203,21245,485,930,203,160471.5,53.34,98594.78,-13000.21,-0.132,0
CMP-02417,University Area,North,Mother's Day,Friend Group,Strawberry,Bundle,20,32829,0,0,0,Weekday,14,8061,7084,316,684,572,312998.4,53.58,62183.47,105519.74,1.697,1
CMP-02418,Mall,Central,Normal,Office Celebration,Cheesecake,Creator Collaboration,15,52688,1,0,1,Weekend,12,11670,10690,701,885,874,736362.48,52.93,130860.29,258905.46,1.978,1
CMP-02419,Mall,Bangkok,Christmas,Birthday,Vanilla,Bundle,15,21094,0,1,1,Weekend,12,15013,4215,601,788,794,643503.65,52.92,54910.75,285625.84,5.202,1
CMP-02420,Neighborhood,Central,Normal,Friend Group,Cheesecake,Limited Edition,25,70030,1,0,0,Weekday,6,4321,12761,424,1024,352,281149.44,42.41,111859.05,7362.89,0.066,0
CMP-02421,Hospital,Northeast,Normal,Birthday,Red Velvet,Limited Edition,0,10263,1,0,1,Weekend,14,4721,2714,182,958,157,175192.91,56.24,94296.16,4237.09,0.045,0
CMP-02422,Mall,Northeast,Normal,Friend Group,Red Velvet,Bundle,5,17076,0,1,1,Weekday,11,9218,3532,645,933,324,347484.65,48.15,67150.01,100178.88,1.492,0
CMP-02423,CBD / Office,Bangkok,Christmas,Office Celebration,Cheesecake,Social Challenge,20,32275,0,0,0,Weekday,3,10321,6057,449,908,186,135110.4,49.93,39195.02,28268.61,0.721,0
CMP-02424,CBD / Office,Bangkok,Songkran,Self Reward,Matcha,Personalized Box,10,10916,0,1,0,Weekday,12,11114,3040,634,814,305,243552.87,56.21,47514.81,89390.29,1.881,0
CMP-02425,Transit,Bangkok,Valentine,Couple Gift,Matcha,Bundle,10,5000,0,0,0,Weekday,3,10780,1791,408,874,149,117203.4,54.56,13093.12,50854.32,3.884,1
CMP-02426,Mall,South,Graduation,Family Celebration,Matcha,Free Add-on,10,5734,0,1,0,Weekday,5,10281,2560,595,789,243,188084.19,52.41,17803.85,80765.61,4.536,0
CMP-02427,University Area,Bangkok,Mother's Day,Family Celebration,Fruit Cake,Free Add-on,0,22083,0,0,0,Weekday,3,8100,4091,552,907,153,138771.0,58.14,32044.63,48632.7,1.518,1
CMP-02428,Neighborhood,South,Christmas,Birthday,Vanilla,Discount,15,33744,0,0,0,Weekday,6,4670,5515,285,853,246,178362.3,51.03,55983.88,35041.63,0.626,0
CMP-02429,Hospital,Central,Christmas,Birthday,Matcha,Limited Edition,10,15613,0,0,0,Weekend,7,4487,3244,366,840,184,144668.16,45.34,37005.95,28590.74,0.773,0
CMP-02430,CBD / Office,Bangkok,Normal,Seasonal Gift,Strawberry,Limited Edition,15,14634,0,0,0,Weekday,3,10737,2534,617,899,149,118412.68,43.49,24631.81,26860.74,1.09,0
CMP-02431,CBD / Office,Bangkok,Songkran,Seasonal Gift,Vanilla,Discount,10,28845,0,0,1,Weekday,6,8386,5413,514,689,279,193768.85,43.44,50254.94,33908.66,0.675,0
CMP-02432,Mall,North,Normal,Birthday,Matcha,Discount,25,8874,0,1,0,Weekend,10,11074,2430,662,1059,286,247599.5,49.44,46136.97,76275.06,1.653,0
CMP-02433,Transit,South,Mother's Day,Birthday,Matcha,Social Challenge,15,44505,0,0,0,Weekday,12,8802,11080,231,899,403,307952.45,57.42,91321.82,85514.49,0.936,0
CMP-02434,CBD / Office,Bangkok,Valentine,Family Celebration,Vanilla,Social Challenge,20,51929,0,0,0,Weekend,8,10039,10825,452,847,489,331346.4,45.82,67164.55,84645.42,1.26,1
CMP-02435,University Area,Bangkok,Graduation,Office Celebration,Matcha,Personalized Box,15,62154,0,0,1,Weekday,8,7712,9215,327,804,354,270954.43,50.76,98149.99,39386.33,0.401,0
CMP-02436,Mall,Bangkok,Songkran,Office Celebration,Fruit Cake,Personalized Box,25,26394,0,1,1,Weekday,3,13016,3657,463,753,191,130519.37,45.4,45395.34,13855.92,0.305,0
CMP-02437,CBD / Office,Central,Back to School,Family Celebration,Red Velvet,Personalized Box,20,57239,0,1,0,Weekend,6,9795,8217,476,845,417,307262.28,53.67,82157.43,82738.09,1.007,0
CMP-02438,Mall,Northeast,Songkran,Birthday,Fruit Cake,Social Challenge,25,30277,0,1,0,Weekend,10,9941,6744,582,916,532,398377.56,48.6,59983.34,133625.54,2.228,0
CMP-02439,Mall,Bangkok,Christmas,Self Reward,Fruit Cake,Creator Collaboration,10,54719,0,0,0,Weekday,4,11062,14400,715,943,399,338631.3,46.16,66071.25,90249.29,1.366,1
CMP-02440,Neighborhood,Bangkok,Mother's Day,Family Celebration,Strawberry,Discount,10,11492,0,0,0,Weekend,3,5852,2211,356,825,141,104692.5,50.79,22968.2,30203.97,1.315,1
CMP-02441,CBD / Office,Bangkok,Graduation,Seasonal Gift,Vanilla,Free Add-on,0,5000,0,1,1,Weekday,4,9575,2611,546,899,199,216470.21,64.22,32950.19,106070.76,3.219,1
CMP-02442,CBD / Office,Bangkok,Valentine,Friend Group,Chocolate,Limited Edition,5,74829,1,1,0,Weekend,8,11725,16330,604,707,666,507080.71,55.01,123461.24,155485.75,1.259,1
CMP-02443,Neighborhood,Bangkok,Christmas,Couple Gift,Red Velvet,Social Challenge,5,58708,0,0,0,Weekend,5,3201,11715,329,960,237,216144.0,52.09,68682.4,43912.05,0.639,0
CMP-02444,CBD / Office,Central,Normal,Friend Group,Red Velvet,Social Challenge,0,74290,1,0,0,Weekend,9,8834,24420,587,1062,712,756144.0,50.86,144371.67,240225.48,1.664,1
CMP-02445,Hospital,Northeast,New Year,Seasonal Gift,Cheesecake,Discount,10,27628,0,0,1,Weekend,14,2534,3812,164,861,302,262102.18,52.74,69612.29,68620.24,0.986,0
CMP-02446,CBD / Office,Bangkok,Normal,Family Celebration,Cheesecake,Creator Collaboration,20,32463,0,0,1,Weekday,10,10113,6351,447,953,524,447437.31,47.51,79451.18,133105.16,1.675,1
CMP-02447,University Area,South,Christmas,Family Celebration,Strawberry,Social Challenge,30,52816,0,1,1,Weekday,5,6369,13693,440,998,320,270497.92,56.48,79711.24,73059.66,0.917,0
CMP-02448,Transit,Bangkok,Mother's Day,Family Celebration,Strawberry,Social Challenge,15,59725,0,1,0,Weekday,13,9247,14075,268,947,412,361486.95,59.52,97386.33,117769.74,1.209,1
CMP-02449,Hospital,Bangkok,Normal,Couple Gift,Vanilla,Creator Collaboration,10,71564,1,0,0,Weekday,14,4058,14654,365,832,671,502444.8,52.24,147503.53,114987.93,0.78,0
CMP-02450,University Area,North,Christmas,Couple Gift,Strawberry,Bundle,10,18143,0,1,1,Weekday,3,4765,3495,341,892,131,127251.83,59.56,36777.49,39007.52,1.061,0
CMP-02451,Neighborhood,Central,Valentine,Seasonal Gift,Fruit Cake,Creator Collaboration,25,73500,1,0,0,Weekend,11,4376,17002,241,815,318,194377.5,50.36,137582.26,-39701.32,-0.289,0
CMP-02452,Transit,Bangkok,Christmas,Family Celebration,Strawberry,Free Add-on,20,32422,0,1,0,Weekday,5,9226,5844,332,823,228,163625.57,49.75,42076.27,39328.32,0.935,0
CMP-02453,Transit,North,New Year,Office Celebration,Matcha,Free Add-on,5,59693,0,0,0,Weekend,6,5828,10091,276,1035,229,225164.25,43.19,76817.41,20422.23,0.266,0
CMP-02454,Hospital,South,New Year,Office Celebration,Fruit Cake,Creator Collaboration,10,34981,1,1,1,Weekday,13,2617,9016,306,888,495,478680.84,56.23,117207.94,151956.69,1.296,1
CMP-02455,Mall,Bangkok,Mother's Day,Friend Group,Vanilla,Creator Collaboration,20,52890,1,1,1,Weekday,5,11226,12884,485,677,309,202498.82,52.05,98237.54,7166.74,0.073,0
CMP-02456,Transit,Bangkok,Normal,Couple Gift,Matcha,Discount,20,61337,0,1,0,Weekday,9,9447,6794,263,894,283,220617.74,50.55,81662.67,29861.6,0.366,0
CMP-02457,Hospital,Bangkok,Graduation,Friend Group,Fruit Cake,Limited Edition,15,28755,0,0,1,Weekday,6,6279,6084,257,981,214,207851.45,49.57,55442.29,47598.53,0.859,0
CMP-02458,CBD / Office,South,Songkran,Family Celebration,Strawberry,Social Challenge,10,11067,1,0,0,Weekday,3,9545,4231,642,924,147,122245.2,49.24,45609.62,14581.12,0.32,0
CMP-02459,University Area,Bangkok,Normal,Friend Group,Strawberry,Free Add-on,0,18567,0,0,0,Weekday,8,7185,3496,309,979,167,163493.0,58.56,46479.58,49257.69,1.06,0
CMP-02460,University Area,Bangkok,Normal,Birthday,Vanilla,Free Add-on,15,13314,0,1,0,Weekend,6,7749,3059,459,754,171,119457.35,50.69,30637.84,29918.13,0.977,0
CMP-02461,Transit,Bangkok,Normal,Birthday,Strawberry,Social Challenge,15,66023,1,0,0,Weekday,5,8922,16834,293,1019,187,161970.05,50.94,121710.62,-39199.67,-0.322,0
CMP-02462,CBD / Office,Bangkok,Normal,Office Celebration,Strawberry,Discount,10,47330,1,0,0,Weekend,3,11969,10259,678,843,238,180570.6,56.76,77177.68,25317.44,0.328,0
CMP-02463,Transit,Northeast,Normal,Couple Gift,Strawberry,Free Add-on,10,43520,1,0,0,Weekday,10,9516,6052,341,825,260,193050.0,58.0,98646.93,13327.05,0.135,0
CMP-02464,Neighborhood,Bangkok,Songkran,Couple Gift,Fruit Cake,Bundle,10,36507,0,1,0,Weekday,12,8272,4980,241,901,373,329687.61,50.96,67398.63,100597.08,1.493,1
CMP-02465,Transit,Bangkok,Back to School,Self Reward,Chocolate,Personalized Box,20,9036,0,1,1,Weekday,8,7813,2319,413,774,194,145351.01,56.07,51615.06,29876.58,0.579,0
CMP-02466,Transit,Central,Songkran,Family Celebration,Strawberry,Personalized Box,20,25730,0,1,0,Weekday,7,7551,4567,218,826,204,146935.49,50.22,44336.86,29450.87,0.664,0
CMP-02467,University Area,North,Graduation,Birthday,Matcha,Creator Collaboration,25,54081,1,0,0,Weekday,10,7137,19848,424,961,623,449027.25,44.91,98562.87,103073.3,1.046,0
CMP-02468,Neighborhood,Central,Graduation,Office Celebration,Cheesecake,Personalized Box,10,20730,0,1,0,Weekday,6,4527,4319,473,988,246,238430.09,60.0,42297.39,100757.97,2.382,1
CMP-02469,University Area,North,Back to School,Family Celebration,Cheesecake,Personalized Box,30,42729,0,1,1,Weekend,10,6924,7271,435,958,623,505518.4,49.85,83964.72,168055.96,2.002,1
CMP-02470,Neighborhood,South,Normal,Couple Gift,Strawberry,Discount,10,29551,0,1,0,Weekend,13,3898,4369,452,886,284,246843.14,47.61,79668.14,37842.71,0.475,0
CMP-02471,CBD / Office,Bangkok,Songkran,Family Celebration,Vanilla,Personalized Box,15,32829,0,0,0,Weekday,6,11202,4847,569,631,289,155005.15,44.6,43965.43,25169.2,0.572,0
CMP-02472,CBD / Office,Central,Valentine,Birthday,Vanilla,Social Challenge,0,53099,1,1,0,Weekday,4,10879,11581,576,798,315,273993.3,47.98,85501.94,45962.27,0.538,0
CMP-02473,University Area,Northeast,Back to School,Self Reward,Strawberry,Personalized Box,10,26258,0,1,1,Weekend,7,6239,4489,268,963,230,241202.61,53.34,56242.13,72422.89,1.288,1
CMP-02474,Mall,Central,New Year,Couple Gift,Vanilla,Creator Collaboration,0,43509,1,1,1,Weekday,11,12663,12329,612,778,944,888662.72,52.74,115112.96,353532.64,3.071,1
CMP-02475,Neighborhood,Northeast,New Year,Self Reward,Chocolate,Limited Edition,25,27374,0,0,0,Weekday,13,4751,4449,278,691,382,205890.36,41.58,50918.77,34686.28,0.681,0
CMP-02476,Mall,North,Christmas,Seasonal Gift,Vanilla,Social Challenge,30,34860,1,1,0,Weekend,14,10646,8120,634,631,895,430900.44,50.76,107135.47,111584.46,1.042,0
CMP-02477,CBD / Office,North,Normal,Self Reward,Red Velvet,Discount,20,5000,0,1,0,Weekday,5,7590,1693,361,1031,136,122268.35,49.11,17850.61,42196.14,2.364,0
CMP-02478,Hospital,Central,Christmas,Birthday,Strawberry,Bundle,15,28138,0,1,1,Weekday,5,2704,4868,329,830,196,167316.38,53.36,59298.23,29978.98,0.506,0
CMP-02479,University Area,Central,Normal,Seasonal Gift,Chocolate,Discount,15,5000,0,0,0,Weekend,6,6621,1802,284,789,127,85172.55,48.37,24684.93,16511.01,0.669,0
CMP-02480,University Area,Northeast,Christmas,Seasonal Gift,Matcha,Limited Edition,20,47267,0,0,0,Weekday,3,7312,6517,285,831,124,85732.61,49.62,59364.82,-16822.05,-0.283,0
CMP-02481,Mall,Bangkok,Normal,Birthday,Strawberry,Discount,15,28315,0,1,0,Weekday,4,13674,4537,426,822,208,158409.26,60.92,39571.38,56927.78,1.439,1
CMP-02482,Transit,North,Christmas,Office Celebration,Chocolate,Limited Edition,20,22358,0,0,1,Weekday,8,8109,2495,367,792,275,202954.75,55.56,47367.96,65403.7,1.381,1
CMP-02483,Neighborhood,North,Mother's Day,Friend Group,Strawberry,Discount,0,18448,1,0,0,Weekend,9,4887,4043,514,754,251,189254.0,53.65,75753.04,25777.61,0.34,0
CMP-02484,Neighborhood,Central,Songkran,Couple Gift,Matcha,Creator Collaboration,20,46562,1,0,0,Weekday,6,6127,11761,465,692,400,221440.0,48.77,86837.48,21165.29,0.244,0
CMP-02485,Mall,Central,Graduation,Seasonal Gift,Vanilla,Social Challenge,15,24369,0,1,1,Weekday,8,11958,6590,678,833,733,627990.79,56.75,66144.64,290215.84,4.388,1
CMP-02486,Transit,Bangkok,Songkran,Couple Gift,Strawberry,Free Add-on,15,26290,0,0,0,Weekday,12,12397,3356,391,772,311,204078.2,49.08,55815.33,44354.45,0.795,0
CMP-02487,Mall,Northeast,Valentine,Family Celebration,Vanilla,Personalized Box,10,6600,0,0,1,Weekend,6,12711,2215,627,855,323,278374.32,55.78,36944.38,118335.3,3.203,0
CMP-02488,Neighborhood,Northeast,Normal,Family Celebration,Strawberry,Creator Collaboration,0,35136,0,1,0,Weekday,12,6755,8059,363,778,423,358712.46,55.61,81664.74,117827.77,1.443,1
CMP-02489,University Area,Bangkok,Normal,Office Celebration,Fruit Cake,Limited Edition,10,54909,0,0,1,Weekday,6,7530,7117,514,974,304,310403.36,54.67,89374.53,80311.23,0.899,0
CMP-02490,Neighborhood,Central,Valentine,Seasonal Gift,Vanilla,Free Add-on,15,17670,0,0,0,Weekend,8,3829,3321,322,729,202,125169.3,44.71,32125.03,23835.76,0.742,0
CMP-02491,University Area,Bangkok,Graduation,Office Celebration,Cheesecake,Social Challenge,15,41774,0,0,0,Weekday,5,8344,9469,296,956,205,166583.0,42.73,57601.28,13586.57,0.236,0
CMP-02492,CBD / Office,Bangkok,Valentine,Self Reward,Cheesecake,Creator Collaboration,5,51320,0,1,0,Weekday,6,10610,14673,564,900,447,416581.65,59.81,69580.57,179559.73,2.581,1
CMP-02493,University Area,Northeast,Normal,Birthday,Chocolate,Personalized Box,5,9741,0,1,1,Weekend,4,5519,2402,321,760,134,117065.08,56.92,30607.62,36025.42,1.177,0
CMP-02494,Hospital,North,Back to School,Seasonal Gift,Vanilla,Free Add-on,5,10051,0,1,1,Weekday,14,2538,1655,177,652,136,101928.46,56.63,47688.36,10035.41,0.21,0
CMP-02495,Mall,Bangkok,Back to School,Office Celebration,Matcha,Social Challenge,30,23088,0,0,0,Weekday,5,12370,7384,580,845,359,212348.5,40.66,42303.59,44031.17,1.041,0
CMP-02496,Neighborhood,North,Christmas,Seasonal Gift,Strawberry,Discount,0,15322,0,1,0,Weekend,11,4294,3414,507,833,266,241520.02,54.4,49586.21,81795.13,1.65,0
CMP-02497,University Area,Bangkok,Normal,Couple Gift,Cheesecake,Discount,30,11002,0,1,1,Weekday,3,9510,3294,555,867,156,114558.44,51.28,31030.53,27718.99,0.893,0
CMP-02498,Mall,Bangkok,Normal,Seasonal Gift,Cheesecake,Bundle,20,16092,0,0,1,Weekday,3,14387,3125,482,827,187,138565.5,47.45,31238.56,34515.08,1.105,0
CMP-02499,Mall,Bangkok,Graduation,Couple Gift,Matcha,Creator Collaboration,10,37105,0,1,0,Weekend,10,13286,7519,479,951,655,611069.81,57.66,57597.91,294746.98,5.117,1
CMP-02500,University Area,Central,Valentine,Self Reward,Red Velvet,Free Add-on,10,15903,0,0,1,Weekend,13,6835,2958,407,1059,376,401369.47,51.94,66787.37,141670.2,2.121,0
